name,dictionary_type,status,target_type,not_asked_count,cast_failures
interview__key,str99,kept_string_text,VARCHAR,0,0
interview__id,str32,kept_string_text,VARCHAR,0,0
county,byte,kept_string_labelled,VARCHAR,0,0
A07,int,cast,SMALLINT,0,0
A08,byte,kept_string_labelled,VARCHAR,0,0
A10,int,cast,SMALLINT,0,0
Interview_Status,byte,kept_string_labelled,VARCHAR,0,0
A9i,byte,kept_string_labelled,VARCHAR,0,0
Z1,byte,kept_string_labelled,VARCHAR,0,0
A13,byte,kept_string_labelled,VARCHAR,0,0
A12ii_length,byte,cast,TINYINT,0,0
A14iv,byte,cast,TINYINT,0,0
A14vi,byte,cast,TINYINT,0,0
FHH_Spouse,byte,cast,TINYINT,0,0
A15a,byte,kept_string_labelled,VARCHAR,0,0
A15i,strL,kept_string_text,VARCHAR,0,0
A18,int,cast,SMALLINT,0,0
A19,byte,kept_string_labelled,VARCHAR,0,0
A14i,int,cast,SMALLINT,0,0
A14ii,byte,kept_string_labelled,VARCHAR,0,0
A14iii,byte,kept_string_labelled,VARCHAR,0,0
A14iv_e,byte,kept_string_labelled,VARCHAR,0,0
A14vii,byte,kept_string_labelled,VARCHAR,16298,0
A14_slept,byte,kept_string_labelled,VARCHAR,0,0
RESPONDENT,byte,kept_string_labelled,VARCHAR,0,0
Sex,byte,kept_string_labelled,VARCHAR,0,0
Age,byte,kept_string_labelled,VARCHAR,0,0
A16,byte,kept_string_labelled,VARCHAR,0,0
NHM,byte,cast,TINYINT,0,0
A20,byte,kept_string_labelled,VARCHAR,0,0
A20i,str30,kept_string_text,VARCHAR,0,0
A21,byte,kept_string_labelled,VARCHAR,0,0
A22i,byte,kept_string_labelled,VARCHAR,4,0
A22ii,byte,kept_string_labelled,VARCHAR,4801,0
A22iii,byte,kept_string_labelled,VARCHAR,6797,0
A23,byte,kept_string_labelled,VARCHAR,0,0
A24i,byte,kept_string_labelled,VARCHAR,2,0
A24ii,byte,kept_string_labelled,VARCHAR,2,0
A24iii,byte,kept_string_labelled,VARCHAR,1,0
A24iv,byte,kept_string_labelled,VARCHAR,0,0
A24v,byte,kept_string_labelled,VARCHAR,2,0
A24vi,byte,kept_string_labelled,VARCHAR,7,0
B1A,byte,kept_string_labelled,VARCHAR,0,0
B1Bi,byte,kept_string_labelled,VARCHAR,0,0
B1Bii,byte,kept_string_labelled,VARCHAR,0,0
B1C1,byte,kept_string_labelled,VARCHAR,0,0
B1C2,byte,kept_string_labelled,VARCHAR,0,0
B1C3,byte,kept_string_labelled,VARCHAR,0,0
B1C4,byte,kept_string_labelled,VARCHAR,0,0
B1Di,byte,kept_string_labelled,VARCHAR,0,0
B1Dii,byte,kept_string_labelled,VARCHAR,12126,0
B1Diii,byte,kept_string_labelled,VARCHAR,8752,0
B1E1,byte,kept_string_labelled,VARCHAR,0,0
B1E2,byte,kept_string_labelled,VARCHAR,0,0
B1E3,byte,kept_string_labelled,VARCHAR,0,0
B1E4,byte,kept_string_labelled,VARCHAR,0,0
B1F2,byte,kept_string_labelled,VARCHAR,0,0
B1F1,byte,kept_string_labelled,VARCHAR,0,0
B1FI,byte,kept_string_labelled,VARCHAR,10765,0
B1FIOTHER,strL,kept_string_text,VARCHAR,0,0
B1G,byte,kept_string_labelled,VARCHAR,0,0
B1H,byte,kept_string_labelled,VARCHAR,0,0
B1Ha,str24,kept_string_text,VARCHAR,0,0
B1Hi,byte,kept_string_labelled,VARCHAR,17868,0
B1Hii,byte,kept_string_labelled,VARCHAR,19918,0
B1Ii,byte,kept_string_labelled,VARCHAR,10635,0
B1Iii,byte,kept_string_labelled,VARCHAR,10635,0
B1J,byte,kept_string_labelled,VARCHAR,7122,0
B1K,byte,kept_string_labelled,VARCHAR,13749,0
B1L__1,byte,kept_string_labelled,VARCHAR,37,0
B1L__2,byte,kept_string_labelled,VARCHAR,58,0
B1L__3,byte,kept_string_labelled,VARCHAR,63,0
B1L__4,byte,kept_string_labelled,VARCHAR,34,0
B1L__5,byte,kept_string_labelled,VARCHAR,51,0
B1L__6,byte,kept_string_labelled,VARCHAR,71,0
B1M__1,byte,kept_string_labelled,VARCHAR,25,0
B1M__2,byte,kept_string_labelled,VARCHAR,51,0
B1M__3,byte,kept_string_labelled,VARCHAR,68,0
B1M__4,byte,kept_string_labelled,VARCHAR,52,0
B1N1,byte,kept_string_labelled,VARCHAR,0,0
B1N2,byte,kept_string_labelled,VARCHAR,0,0
B1O,byte,kept_string_labelled,VARCHAR,0,0
B1P,byte,kept_string_labelled,VARCHAR,0,0
secB1,byte,cast,TINYINT,0,0
CountFINANCIAL_HEALTH,byte,cast,TINYINT,0,0
B2A,byte,kept_string_labelled,VARCHAR,0,0
B2Ai,strL,kept_string_text,VARCHAR,0,0
B2B,byte,kept_string_labelled,VARCHAR,0,0
B2Ci,double,kept_string_labelled,VARCHAR,19152,0
B2Cii,byte,kept_string_labelled,VARCHAR,19108,0
B2Cii_Other,str1,kept_string_text,VARCHAR,0,0
B2D,byte,kept_string_labelled,VARCHAR,1,0
B2Ei,byte,kept_string_labelled,VARCHAR,1,0
B2Eii,byte,kept_string_labelled,VARCHAR,1,0
B2Eiii,byte,kept_string_labelled,VARCHAR,1,0
B2F,byte,kept_string_labelled,VARCHAR,1,0
secFinancial_Awareness,byte,cast,TINYINT,1,0
B3A__1,byte,cast,TINYINT,0,0
B3A__2,byte,cast,TINYINT,0,0
B3A__3,byte,cast,TINYINT,0,0
B3A__4,byte,cast,TINYINT,0,0
B3A__5,byte,cast,TINYINT,0,0
B3A__6,byte,cast,TINYINT,0,0
B3A__7,byte,cast,TINYINT,0,0
B3A__8,byte,cast,TINYINT,0,0
B3A__9,byte,cast,TINYINT,0,0
B3A__10,byte,cast,TINYINT,0,0
B3A__11,byte,cast,TINYINT,0,0
B3A__98,byte,cast,TINYINT,0,0
B3A__99,byte,cast,TINYINT,0,0
B3Ai,strL,kept_string_text,VARCHAR,0,0
B3B,byte,kept_string_labelled,VARCHAR,0,0
B3Bi,byte,kept_string_labelled,VARCHAR,14092,0
B3C,byte,kept_string_labelled,VARCHAR,6283,0
B3Ci,byte,kept_string_labelled,VARCHAR,0,0
B3Cii_1,byte,kept_string_labelled,VARCHAR,20683,0
B3Cii_2,byte,kept_string_labelled,VARCHAR,20683,0
B3Cii_3,byte,kept_string_labelled,VARCHAR,20683,0
B3Cii_4,byte,kept_string_labelled,VARCHAR,20683,0
B3D__1_1,byte,cast,TINYINT,17806,0
B3D__2_1,byte,cast,TINYINT,17806,0
B3D__3_1,byte,cast,TINYINT,17806,0
B3D__4_1,byte,cast,TINYINT,17806,0
B3D__5_1,byte,cast,TINYINT,17806,0
B3D__6_1,byte,cast,TINYINT,17806,0
B3D__7_1,byte,cast,TINYINT,17806,0
B3D__8_1,byte,cast,TINYINT,17806,0
B3D__9_1,byte,cast,TINYINT,17806,0
B3D__10_1,byte,cast,TINYINT,17806,0
B3D__11_1,byte,cast,TINYINT,17806,0
B3D__98_1,byte,cast,TINYINT,17806,0
B3D__99_1,byte,cast,TINYINT,17806,0
B3Di_1,strL,kept_string_text,VARCHAR,0,0
B3E_1,byte,kept_string_labelled,VARCHAR,19578,0
B3D__1_2,byte,cast,TINYINT,19918,0
B3D__2_2,byte,cast,TINYINT,19918,0
B3D__3_2,byte,cast,TINYINT,19918,0
B3D__4_2,byte,cast,TINYINT,19918,0
B3D__5_2,byte,cast,TINYINT,19918,0
B3D__6_2,byte,cast,TINYINT,19918,0
B3D__7_2,byte,cast,TINYINT,19918,0
B3D__8_2,byte,cast,TINYINT,19918,0
B3D__9_2,byte,cast,TINYINT,19918,0
B3D__10_2,byte,cast,TINYINT,19918,0
B3D__11_2,byte,cast,TINYINT,19918,0
B3D__98_2,byte,cast,TINYINT,19918,0
B3D__99_2,byte,cast,TINYINT,19918,0
B3Di_2,str22,kept_string_text,VARCHAR,0,0
B3E_2,byte,kept_string_labelled,VARCHAR,20694,0
B3D__1_3,byte,cast,TINYINT,18160,0
B3D__2_3,byte,cast,TINYINT,18160,0
B3D__3_3,byte,cast,TINYINT,18160,0
B3D__4_3,byte,cast,TINYINT,18160,0
B3D__5_3,byte,cast,TINYINT,18160,0
B3D__6_3,byte,cast,TINYINT,18160,0
B3D__7_3,byte,cast,TINYINT,18160,0
B3D__8_3,byte,cast,TINYINT,18160,0
B3D__9_3,byte,cast,TINYINT,18160,0
B3D__10_3,byte,cast,TINYINT,18160,0
B3D__11_3,byte,cast,TINYINT,18160,0
B3D__98_3,byte,cast,TINYINT,18160,0
B3D__99_3,byte,cast,TINYINT,18160,0
B3Di_3,str6,kept_string_text,VARCHAR,0,0
B3E_3,byte,kept_string_labelled,VARCHAR,19852,0
B3D__1_4,byte,cast,TINYINT,19682,0
B3D__2_4,byte,cast,TINYINT,19682,0
B3D__3_4,byte,cast,TINYINT,19682,0
B3D__4_4,byte,cast,TINYINT,19682,0
B3D__5_4,byte,cast,TINYINT,19682,0
B3D__6_4,byte,cast,TINYINT,19682,0
B3D__7_4,byte,cast,TINYINT,19682,0
B3D__8_4,byte,cast,TINYINT,19682,0
B3D__9_4,byte,cast,TINYINT,19682,0
B3D__10_4,byte,cast,TINYINT,19682,0
B3D__11_4,byte,cast,TINYINT,19682,0
B3D__98_4,byte,cast,TINYINT,19682,0
B3D__99_4,byte,cast,TINYINT,19682,0
B3Di_4,strL,kept_string_text,VARCHAR,0,0
B3E_4,byte,kept_string_labelled,VARCHAR,20064,0
B3D__1_5,byte,cast,TINYINT,20311,0
B3D__2_5,byte,cast,TINYINT,20311,0
B3D__3_5,byte,cast,TINYINT,20311,0
B3D__4_5,byte,cast,TINYINT,20311,0
B3D__5_5,byte,cast,TINYINT,20311,0
B3D__6_5,byte,cast,TINYINT,20311,0
B3D__7_5,byte,cast,TINYINT,20311,0
B3D__8_5,byte,cast,TINYINT,20311,0
B3D__9_5,byte,cast,TINYINT,20311,0
B3D__10_5,byte,cast,TINYINT,20311,0
B3D__11_5,byte,cast,TINYINT,20311,0
B3D__98_5,byte,cast,TINYINT,20311,0
B3D__99_5,byte,cast,TINYINT,20311,0
B3Di_5,str1,kept_string_text,VARCHAR,0,0
B3E_5,byte,kept_string_labelled,VARCHAR,20845,0
B3D__1_6,byte,cast,TINYINT,20677,0
B3D__2_6,byte,cast,TINYINT,20677,0
B3D__3_6,byte,cast,TINYINT,20677,0
B3D__4_6,byte,cast,TINYINT,20677,0
B3D__5_6,byte,cast,TINYINT,20677,0
B3D__6_6,byte,cast,TINYINT,20677,0
B3D__7_6,byte,cast,TINYINT,20677,0
B3D__8_6,byte,cast,TINYINT,20677,0
B3D__9_6,byte,cast,TINYINT,20677,0
B3D__10_6,byte,cast,TINYINT,20677,0
B3D__11_6,byte,cast,TINYINT,20677,0
B3D__98_6,byte,cast,TINYINT,20677,0
B3D__99_6,byte,cast,TINYINT,20677,0
B3Di_6,str1,kept_string_text,VARCHAR,0,0
B3E_6,byte,kept_string_labelled,VARCHAR,20782,0
B3D__1_7,byte,cast,TINYINT,20798,0
B3D__2_7,byte,cast,TINYINT,20798,0
B3D__3_7,byte,cast,TINYINT,20798,0
B3D__4_7,byte,cast,TINYINT,20798,0
B3D__5_7,byte,cast,TINYINT,20798,0
B3D__6_7,byte,cast,TINYINT,20798,0
B3D__7_7,byte,cast,TINYINT,20798,0
B3D__8_7,byte,cast,TINYINT,20798,0
B3D__9_7,byte,cast,TINYINT,20798,0
B3D__10_7,byte,cast,TINYINT,20798,0
B3D__11_7,byte,cast,TINYINT,20798,0
B3D__98_7,byte,cast,TINYINT,20798,0
B3D__99_7,byte,cast,TINYINT,20798,0
B3Di_7,str1,kept_string_text,VARCHAR,0,0
B3E_7,byte,kept_string_labelled,VARCHAR,20868,0
B3D__1_8,byte,cast,TINYINT,20720,0
B3D__2_8,byte,cast,TINYINT,20720,0
B3D__3_8,byte,cast,TINYINT,20720,0
B3D__4_8,byte,cast,TINYINT,20720,0
B3D__5_8,byte,cast,TINYINT,20720,0
B3D__6_8,byte,cast,TINYINT,20720,0
B3D__7_8,byte,cast,TINYINT,20720,0
B3D__8_8,byte,cast,TINYINT,20720,0
B3D__9_8,byte,cast,TINYINT,20720,0
B3D__10_8,byte,cast,TINYINT,20720,0
B3D__11_8,byte,cast,TINYINT,20720,0
B3D__98_8,byte,cast,TINYINT,20720,0
B3D__99_8,byte,cast,TINYINT,20720,0
B3Di_8,strL,kept_string_text,VARCHAR,0,0
B3E_8,byte,kept_string_labelled,VARCHAR,20864,0
B3D__1_9,byte,cast,TINYINT,17694,0
B3D__2_9,byte,cast,TINYINT,17694,0
B3D__3_9,byte,cast,TINYINT,17694,0
B3D__4_9,byte,cast,TINYINT,17694,0
B3D__5_9,byte,cast,TINYINT,17694,0
B3D__6_9,byte,cast,TINYINT,17694,0
B3D__7_9,byte,cast,TINYINT,17694,0
B3D__8_9,byte,cast,TINYINT,17694,0
B3D__9_9,byte,cast,TINYINT,17694,0
B3D__10_9,byte,cast,TINYINT,17694,0
B3D__11_9,byte,cast,TINYINT,17694,0
B3D__98_9,byte,cast,TINYINT,17694,0
B3D__99_9,byte,cast,TINYINT,17694,0
B3Di_9,strL,kept_string_text,VARCHAR,0,0
B3E_9,byte,kept_string_labelled,VARCHAR,19335,0
B3D__1_10,byte,cast,TINYINT,20801,0
B3D__2_10,byte,cast,TINYINT,20801,0
B3D__3_10,byte,cast,TINYINT,20801,0
B3D__4_10,byte,cast,TINYINT,20801,0
B3D__5_10,byte,cast,TINYINT,20801,0
B3D__6_10,byte,cast,TINYINT,20801,0
B3D__7_10,byte,cast,TINYINT,20801,0
B3D__8_10,byte,cast,TINYINT,20801,0
B3D__9_10,byte,cast,TINYINT,20801,0
B3D__10_10,byte,cast,TINYINT,20801,0
B3D__11_10,byte,cast,TINYINT,20801,0
B3D__98_10,byte,cast,TINYINT,20801,0
B3D__99_10,byte,cast,TINYINT,20801,0
B3Di_10,str1,kept_string_text,VARCHAR,0,0
B3E_10,byte,kept_string_labelled,VARCHAR,20851,0
B3F1,strL,kept_string_text,VARCHAR,0,0
B3F2,long,kept_string_labelled,VARCHAR,12147,0
B3G,byte,kept_string_labelled,VARCHAR,18347,0
B3H1,byte,kept_string_labelled,VARCHAR,20163,0
B3H2,byte,kept_string_labelled,VARCHAR,20163,0
B3H3,byte,kept_string_labelled,VARCHAR,20163,0
B3H4,byte,kept_string_labelled,VARCHAR,20163,0
B3H5,byte,kept_string_labelled,VARCHAR,20163,0
B3H5i,strL,kept_string_text,VARCHAR,0,0
B3H6,byte,kept_string_labelled,VARCHAR,20163,0
B3H6i,strL,kept_string_text,VARCHAR,0,0
B3Ii,long,kept_string_labelled,VARCHAR,2378,0
B3Iii,long,kept_string_labelled,VARCHAR,1577,0
B3Iiii,long,kept_string_labelled,VARCHAR,2673,0
IsSectionAnsweredLivelihood,byte,cast,TINYINT,0,0
CountLivelihood,byte,cast,TINYINT,0,0
C1_10,byte,kept_string_labelled,VARCHAR,0,0
C1_11,byte,kept_string_labelled,VARCHAR,0,0
C1_12,byte,kept_string_labelled,VARCHAR,0,0
C1_12ai_CHK__0,byte,kept_string_labelled,VARCHAR,15899,0
C1_12ai_CHK__1,byte,kept_string_labelled,VARCHAR,20385,0
C1_12ai_CHK__2,byte,kept_string_labelled,VARCHAR,20801,0
C1_12ai_CHK__3,byte,kept_string_labelled,VARCHAR,20863,0
C1_12ai_CHK__4,byte,kept_string_labelled,VARCHAR,20869,0
C1_12ai_CHK__5,byte,kept_string_labelled,VARCHAR,20871,0
C1_12ai_CHK__6,byte,kept_string_labelled,VARCHAR,20871,0
C1_12ai_CHK__7,byte,kept_string_labelled,VARCHAR,20871,0
C1_12ai_CHK__8,byte,kept_string_labelled,VARCHAR,20871,0
C1_12ai_CHK__9,byte,kept_string_labelled,VARCHAR,20871,0
C1_12ai_CHK__10,byte,kept_string_labelled,VARCHAR,20871,0
C1_12ai_CHK__11,byte,kept_string_labelled,VARCHAR,20871,0
C1_12ai_CHK__12,byte,kept_string_labelled,VARCHAR,20871,0
C1_12ai_CHK__13,byte,kept_string_labelled,VARCHAR,20871,0
C1_12ai_CHK__14,byte,kept_string_labelled,VARCHAR,20871,0
C1_12ai_CHK__15,byte,kept_string_labelled,VARCHAR,20871,0
C1_12ai_CHK__16,byte,kept_string_labelled,VARCHAR,20871,0
C1_12ai_CHK__17,byte,kept_string_labelled,VARCHAR,20871,0
C1_12ai_CHK__18,byte,kept_string_labelled,VARCHAR,20871,0
C1_12ai_CHK__19,byte,kept_string_labelled,VARCHAR,20871,0
C1_12ai_CHK__20,byte,kept_string_labelled,VARCHAR,20871,0
C1_12ai_CHK__21,byte,kept_string_labelled,VARCHAR,20871,0
C1_12ai_CHK__22,byte,kept_string_labelled,VARCHAR,20871,0
C1_12ai_CHK__23,byte,kept_string_labelled,VARCHAR,20871,0
C1_12ai_CHK__24,byte,kept_string_labelled,VARCHAR,20871,0
C1_12ai_CHK__25,byte,kept_string_labelled,VARCHAR,20871,0
C1_12ai_CHK__26,byte,kept_string_labelled,VARCHAR,20871,0
C1_12ai_CHK__27,byte,kept_string_labelled,VARCHAR,20871,0
C1_12ai_CHK__28,byte,kept_string_labelled,VARCHAR,20871,0
C1_12ai_CHK__29,byte,kept_string_labelled,VARCHAR,20871,0
C1_12ai_CHK__30,byte,kept_string_labelled,VARCHAR,20871,0
C1_12ai_CHK__31,byte,kept_string_labelled,VARCHAR,20871,0
C1_12ai_CHK__32,byte,kept_string_labelled,VARCHAR,20871,0
C1_12ai_CHK__33,byte,kept_string_labelled,VARCHAR,20871,0
C1_12ai_CHK__34,byte,kept_string_labelled,VARCHAR,20871,0
C1_12ai_CHK__35,byte,kept_string_labelled,VARCHAR,20871,0
C1_12ai_CHK__36,byte,kept_string_labelled,VARCHAR,20871,0
C1_12ai_CHK__37,byte,kept_string_labelled,VARCHAR,20871,0
C1_12ai_CHK__38,byte,kept_string_labelled,VARCHAR,20871,0
C1_12ai_CHK__39,byte,kept_string_labelled,VARCHAR,20871,0
C1_12ai_CHK__40,byte,kept_string_labelled,VARCHAR,20871,0
C1_12ai_CHK__41,byte,kept_string_labelled,VARCHAR,20871,0
C1_12ai_CHK__42,byte,kept_string_labelled,VARCHAR,20871,0
C1_12ai_CHK__43,byte,kept_string_labelled,VARCHAR,20871,0
C1_12ai_CHK__44,byte,kept_string_labelled,VARCHAR,20871,0
C1_12ai_CHK__45,byte,kept_string_labelled,VARCHAR,20871,0
C1_12ai_CHK__46,byte,kept_string_labelled,VARCHAR,20871,0
C1_12ai_CHK__47,byte,kept_string_labelled,VARCHAR,20871,0
C1_12ai_CHK__48,byte,kept_string_labelled,VARCHAR,20871,0
C1_12ai_CHK__49,byte,kept_string_labelled,VARCHAR,20871,0
C1_12ai_CHK__50,byte,kept_string_labelled,VARCHAR,20871,0
C1_12ai_CHK__51,byte,kept_string_labelled,VARCHAR,20871,0
C1_12ai_CHK__52,byte,kept_string_labelled,VARCHAR,20871,0
C1_12ai_CHK__53,byte,kept_string_labelled,VARCHAR,20871,0
C1_12a,byte,kept_string_labelled,VARCHAR,0,0
C1_12b,byte,kept_string_labelled,VARCHAR,0,0
C1_1a,byte,kept_string_labelled,VARCHAR,0,0
C1_1b,byte,kept_string_labelled,VARCHAR,0,0
C1_2,byte,kept_string_labelled,VARCHAR,0,0
C1_3,byte,kept_string_labelled,VARCHAR,0,0
C1_4,byte,kept_string_labelled,VARCHAR,0,0
C1_5,byte,kept_string_labelled,VARCHAR,0,0
C1_6,byte,kept_string_labelled,VARCHAR,0,0
C1_7,byte,kept_string_labelled,VARCHAR,0,0
C1_8,byte,kept_string_labelled,VARCHAR,0,0
C1_9,byte,kept_string_labelled,VARCHAR,0,0
C1_13a,byte,kept_string_labelled,VARCHAR,0,0
C1_13b,byte,kept_string_labelled,VARCHAR,0,0
C1_13c,byte,kept_string_labelled,VARCHAR,0,0
C1_14,byte,kept_string_labelled,VARCHAR,0,0
C1_15,byte,kept_string_labelled,VARCHAR,0,0
C1_16,byte,kept_string_labelled,VARCHAR,0,0
C1_17,byte,kept_string_labelled,VARCHAR,0,0
C1_18,byte,kept_string_labelled,VARCHAR,0,0
C1_19,byte,kept_string_labelled,VARCHAR,0,0
C1_20,byte,kept_string_labelled,VARCHAR,0,0
C1_21,byte,kept_string_labelled,VARCHAR,0,0
C1_22,byte,kept_string_labelled,VARCHAR,0,0
C1_23,byte,kept_string_labelled,VARCHAR,0,0
C1_24,byte,kept_string_labelled,VARCHAR,0,0
C1_25,byte,kept_string_labelled,VARCHAR,0,0
C1_26,byte,kept_string_labelled,VARCHAR,0,0
C1_27,byte,kept_string_labelled,VARCHAR,0,0
C1_28,byte,kept_string_labelled,VARCHAR,0,0
C1_29,byte,kept_string_labelled,VARCHAR,0,0
C1_30,byte,kept_string_labelled,VARCHAR,0,0
C1_31,byte,kept_string_labelled,VARCHAR,0,0
C1_32,byte,kept_string_labelled,VARCHAR,0,0
C1_33,byte,kept_string_labelled,VARCHAR,0,0
C1_34,byte,kept_string_labelled,VARCHAR,0,0
C1_35,byte,kept_string_labelled,VARCHAR,0,0
C1_36,byte,kept_string_labelled,VARCHAR,0,0
C1_37,byte,kept_string_labelled,VARCHAR,0,0
C1_38,byte,kept_string_labelled,VARCHAR,0,0
C1_39,byte,kept_string_labelled,VARCHAR,0,0
C1_40,byte,kept_string_labelled,VARCHAR,0,0
C1_41,byte,kept_string_labelled,VARCHAR,0,0
C1_42,byte,kept_string_labelled,VARCHAR,0,0
CountSECC7,byte,cast,TINYINT,19,0
C1_43,byte,kept_string_labelled,VARCHAR,0,0
C2_15,byte,kept_string_labelled,VARCHAR,19038,0
C2_16,byte,kept_string_labelled,VARCHAR,18029,0
C2_19,byte,kept_string_labelled,VARCHAR,20315,0
C2_23,byte,kept_string_labelled,VARCHAR,18783,0
C3,byte,kept_string_labelled,VARCHAR,19,0
C3i,strL,kept_string_text,VARCHAR,0,0
C4,byte,kept_string_labelled,VARCHAR,20,0
C4i,strL,kept_string_text,VARCHAR,0,0
D1A__1,byte,cast,TINYINT,19302,0
D1A__2,byte,cast,TINYINT,19348,0
D1A__99,byte,cast,TINYINT,19400,0
D1Ai__1,byte,cast,TINYINT,19914,0
D1Ai__2,byte,cast,TINYINT,19914,0
D1Ai__3,byte,cast,TINYINT,19914,0
D1Ai__4,byte,cast,TINYINT,19914,0
D1Ai__5,byte,cast,TINYINT,19914,0
D1Ai__6,byte,cast,TINYINT,19914,0
D1Ai__7,byte,cast,TINYINT,19914,0
D1Ai__8,byte,cast,TINYINT,19914,0
D1Ai__98,byte,cast,TINYINT,19914,0
D1Ai__99,byte,cast,TINYINT,19914,0
D1B__1,byte,cast,TINYINT,3520,0
D1B__2,byte,cast,TINYINT,3520,0
D1B__3,byte,cast,TINYINT,3520,0
D1B__4,byte,cast,TINYINT,3520,0
D1B__5,byte,cast,TINYINT,3520,0
D1B__6,byte,cast,TINYINT,3520,0
D1B__7,byte,cast,TINYINT,3520,0
D1B__8,byte,cast,TINYINT,0,0
D1B__9,byte,cast,TINYINT,0,0
D1B__98,byte,cast,TINYINT,3520,0
D1B__99,byte,cast,TINYINT,3520,0
D1Bi,strL,kept_string_text,VARCHAR,0,0
D1C,byte,kept_string_labelled,VARCHAR,20804,0
D1Ci,strL,kept_string_text,VARCHAR,0,0
D1D,byte,kept_string_labelled,VARCHAR,5338,0
D1E,byte,kept_string_labelled,VARCHAR,5338,0
D1Fi,byte,kept_string_labelled,VARCHAR,19151,0
D1Fii,byte,kept_string_labelled,VARCHAR,20691,0
D1G,byte,kept_string_labelled,VARCHAR,5338,0
D1H__1,byte,kept_string_labelled,VARCHAR,5338,0
D1H__2,byte,kept_string_labelled,VARCHAR,5338,0
D1H__3,byte,kept_string_labelled,VARCHAR,5338,0
D1H__4,byte,kept_string_labelled,VARCHAR,5338,0
D1H__5,byte,kept_string_labelled,VARCHAR,5338,0
D1I,byte,kept_string_labelled,VARCHAR,20850,0
D1J,byte,kept_string_labelled,VARCHAR,5338,0
D1K__1,byte,cast,TINYINT,20818,0
D1K__2,byte,cast,TINYINT,20818,0
D1K__3,byte,cast,TINYINT,20818,0
D1K__4,byte,cast,TINYINT,20818,0
D1K__5,byte,cast,TINYINT,20818,0
D1K__6,byte,cast,TINYINT,20818,0
D1K__7,byte,cast,TINYINT,20818,0
D1K__98,byte,cast,TINYINT,20818,0
D1K__99,byte,cast,TINYINT,20818,0
D1L,byte,kept_string_labelled,VARCHAR,20818,0
D1Ma,byte,kept_string_labelled,VARCHAR,5338,0
D1Mb,byte,kept_string_labelled,VARCHAR,5338,0
D1Mc,byte,kept_string_labelled,VARCHAR,5338,0
D1Md,byte,kept_string_labelled,VARCHAR,5338,0
D1Me,byte,kept_string_labelled,VARCHAR,5338,0
D1Mf,byte,kept_string_labelled,VARCHAR,5338,0
D1,byte,kept_string_labelled,VARCHAR,3762,0
D2__1,byte,cast,TINYINT,18270,0
D2__2,byte,cast,TINYINT,18270,0
D2__3,byte,cast,TINYINT,18270,0
D2__4,byte,cast,TINYINT,18270,0
D2__5,byte,cast,TINYINT,18270,0
D2__6,byte,cast,TINYINT,18270,0
D2__7,byte,cast,TINYINT,18270,0
D2__98,byte,cast,TINYINT,18270,0
D2__99,byte,cast,TINYINT,18270,0
D2i,strL,kept_string_text,VARCHAR,0,0
D3__1,byte,cast,TINYINT,6637,0
D3__2,byte,cast,TINYINT,6637,0
D3__3,byte,cast,TINYINT,6637,0
D3__4,byte,cast,TINYINT,6637,0
D3__5,byte,cast,TINYINT,6637,0
D3__6,byte,cast,TINYINT,6637,0
D3__96,byte,cast,TINYINT,6637,0
D3i,strL,kept_string_text,VARCHAR,0,0
D4__1,byte,cast,TINYINT,20790,0
D4__2,byte,cast,TINYINT,20790,0
D4__3,byte,cast,TINYINT,20790,0
D4__4,byte,cast,TINYINT,20790,0
D4__5,byte,cast,TINYINT,20790,0
D4__6,byte,cast,TINYINT,20790,0
D4__7,byte,cast,TINYINT,20790,0
D4__8,byte,cast,TINYINT,20790,0
D4__9,byte,cast,TINYINT,20790,0
D5,byte,kept_string_labelled,VARCHAR,16857,0
D5i,strL,kept_string_text,VARCHAR,0,0
D6,byte,kept_string_labelled,VARCHAR,16857,0
D6i,strL,kept_string_text,VARCHAR,0,0
D7,byte,kept_string_labelled,VARCHAR,17279,0
D7_other_specify,strL,kept_string_text,VARCHAR,0,0
D8__1,byte,cast,TINYINT,16857,0
D8__2,byte,cast,TINYINT,16857,0
D8__3,byte,cast,TINYINT,16857,0
D8__4,byte,cast,TINYINT,16857,0
D8__5,byte,cast,TINYINT,16857,0
D9__1,byte,cast,TINYINT,20405,0
D9__2,byte,cast,TINYINT,20405,0
D9__3,byte,cast,TINYINT,20405,0
D9__4,byte,cast,TINYINT,20405,0
D9__96,byte,cast,TINYINT,20405,0
D10,byte,kept_string_labelled,VARCHAR,16857,0
D11__1,byte,cast,TINYINT,20649,0
D11__3,byte,cast,TINYINT,20649,0
D11__4,byte,cast,TINYINT,20649,0
D11__5,byte,cast,TINYINT,20649,0
D11__6,byte,cast,TINYINT,20649,0
D11__7,byte,cast,TINYINT,20649,0
D11__8,byte,cast,TINYINT,20649,0
D11__98,byte,cast,TINYINT,20649,0
D11__99,byte,cast,TINYINT,20649,0
D12,byte,kept_string_labelled,VARCHAR,20649,0
D13_1,byte,kept_string_labelled,VARCHAR,16857,0
D13_2,byte,kept_string_labelled,VARCHAR,16858,0
D13_3,byte,kept_string_labelled,VARCHAR,16857,0
D13_4,byte,kept_string_labelled,VARCHAR,16857,0
D13_5,byte,kept_string_labelled,VARCHAR,16857,0
D13_6,byte,kept_string_labelled,VARCHAR,16857,0
D13_7,byte,kept_string_labelled,VARCHAR,16857,0
E1,byte,kept_string_labelled,VARCHAR,0,0
E2__1,byte,cast,TINYINT,18226,0
E2__2,byte,cast,TINYINT,18226,0
E2__3,byte,cast,TINYINT,18226,0
E2__4,byte,cast,TINYINT,18226,0
E2__5,byte,cast,TINYINT,18226,0
E2__6,byte,cast,TINYINT,18226,0
E2__7,byte,cast,TINYINT,18226,0
E2__8,byte,cast,TINYINT,18226,0
E2__9,byte,cast,TINYINT,18226,0
E2__10,byte,cast,TINYINT,18226,0
E2__11,byte,cast,TINYINT,18226,0
E2__12,byte,cast,TINYINT,18226,0
E2__13,byte,cast,TINYINT,18226,0
E2__14,byte,cast,TINYINT,0,0
E2__15,byte,cast,TINYINT,0,0
E3__15,int,cast,SMALLINT,0,0
E3__16,int,cast,SMALLINT,0,0
E3__17,int,cast,SMALLINT,0,0
E3__18,byte,cast,TINYINT,0,0
E2__96,byte,cast,TINYINT,18226,0
E2__98,byte,cast,TINYINT,18226,0
E2__99,byte,cast,TINYINT,18226,0
E2_Other,str32,kept_string_text,VARCHAR,0,0
E3__1,byte,cast,TINYINT,18226,0
E3__2,byte,cast,TINYINT,18226,0
E3__3,int,cast,SMALLINT,18226,0
E3__4,byte,cast,TINYINT,18226,0
E3__5,int,cast,SMALLINT,18226,0
E3__6,byte,cast,TINYINT,18226,0
E3__7,int,cast,SMALLINT,18226,0
E3__8,byte,cast,TINYINT,18226,0
E3__9,byte,cast,TINYINT,18226,0
E3__10,byte,cast,TINYINT,18226,0
E3__11,byte,cast,TINYINT,18226,0
E3__12,byte,cast,TINYINT,18226,0
E3__13,byte,cast,TINYINT,18226,0
E3__14,byte,cast,TINYINT,18226,0
E3__96,byte,cast,TINYINT,18226,0
E3__98,byte,cast,TINYINT,18226,0
E3__99,byte,cast,TINYINT,18226,0
E3_Other,strL,kept_string_text,VARCHAR,0,0
E4__1,byte,cast,TINYINT,15889,0
E4__2,byte,cast,TINYINT,15889,0
E4__3,byte,cast,TINYINT,15889,0
E4__4,byte,cast,TINYINT,15889,0
E4__5,byte,cast,TINYINT,15889,0
E4__6,byte,cast,TINYINT,15889,0
E4__7,byte,cast,TINYINT,15889,0
E4__8,byte,cast,TINYINT,15889,0
E4__9,byte,cast,TINYINT,0,0
E4__96,byte,cast,TINYINT,15889,0
E4__98,byte,cast,TINYINT,15889,0
E4__99,byte,cast,TINYINT,15889,0
E4_Other_Specify,strL,kept_string_text,VARCHAR,0,0
E5__1,byte,cast,TINYINT,20722,0
E5__2,byte,cast,TINYINT,20722,0
E5__3,byte,cast,TINYINT,20722,0
E5__4,byte,cast,TINYINT,20722,0
E5__5,byte,cast,TINYINT,20722,0
E5__6,byte,cast,TINYINT,20722,0
E5__7,byte,cast,TINYINT,20722,0
E5__96,byte,cast,TINYINT,20722,0
E5__98,byte,cast,TINYINT,20722,0
E5__99,byte,cast,TINYINT,20722,0
E5_Others_Specify,strL,kept_string_text,VARCHAR,0,0
E1iA,byte,cast,TINYINT,20226,0
E1iiA,byte,cast,TINYINT,20186,0
E1iiiA,byte,kept_string_labelled,VARCHAR,20164,0
E1iiiA_Other,strL,kept_string_text,VARCHAR,0,0
E1ivA,byte,kept_string_labelled,VARCHAR,20164,0
E1ivA_Other,strL,kept_string_text,VARCHAR,0,0
E1vA,byte,kept_string_labelled,VARCHAR,20164,0
E1vA_Other,str14,kept_string_text,VARCHAR,0,0
E1viA,byte,kept_string_labelled,VARCHAR,20180,0
E1viA_Other,strL,kept_string_text,VARCHAR,0,0
E1viiA,double,cast,DOUBLE,20168,0
E1viiiA,double,cast,DOUBLE,20168,0
E1ixA,byte,kept_string_labelled,VARCHAR,20164,0
E1xA,byte,kept_string_labelled,VARCHAR,20187,0
E1xiA,double,cast,DOUBLE,20198,0
E1iB,byte,cast,TINYINT,20805,0
E1iiB,byte,cast,TINYINT,20806,0
E1iiiB,byte,kept_string_labelled,VARCHAR,20800,0
E1iiiB_Other,str15,kept_string_text,VARCHAR,0,0
E1ivB,byte,kept_string_labelled,VARCHAR,20800,0
E1ivB_Other,str25,kept_string_text,VARCHAR,0,0
E1vB,byte,kept_string_labelled,VARCHAR,20800,0
E1vB_Other,strL,kept_string_text,VARCHAR,0,0
E1viB,byte,kept_string_labelled,VARCHAR,20802,0
E1viB_Other,str1,kept_string_text,VARCHAR,0,0
E1viiB,long,cast,INTEGER,20800,0
E1viiiB,long,cast,INTEGER,20800,0
E1ixB,byte,kept_string_labelled,VARCHAR,20800,0
E1xB,byte,kept_string_labelled,VARCHAR,20806,0
E1xiB,long,cast,INTEGER,20809,0
E1iC,byte,cast,TINYINT,20819,0
E1iiC,byte,cast,TINYINT,20818,0
E1iiiC,byte,kept_string_labelled,VARCHAR,20812,0
E1iiiC_Other,str1,kept_string_text,VARCHAR,0,0
E1ivC,byte,kept_string_labelled,VARCHAR,20812,0
E1ivC_Other,str16,kept_string_text,VARCHAR,0,0
E1vC,byte,kept_string_labelled,VARCHAR,20812,0
E1vC_Other,str1,kept_string_text,VARCHAR,0,0
E1viC,byte,kept_string_labelled,VARCHAR,20813,0
E1viC_Other,str1,kept_string_text,VARCHAR,0,0
E1viiC,long,cast,INTEGER,20813,0
E1viiiC,long,cast,INTEGER,20813,0
E1ixC,byte,kept_string_labelled,VARCHAR,20812,0
E1xC,byte,kept_string_labelled,VARCHAR,20818,0
E1xiC,long,cast,INTEGER,20819,0
E1iD,byte,cast,TINYINT,20852,0
E1iiiD,byte,kept_string_labelled,VARCHAR,20849,0
E1iiiD_Other,str1,kept_string_text,VARCHAR,0,0
E1vD,byte,kept_string_labelled,VARCHAR,20849,0
E1vD_Other,str1,kept_string_text,VARCHAR,0,0
E1viD,byte,kept_string_labelled,VARCHAR,20850,0
E1viD_Other,str20,kept_string_text,VARCHAR,0,0
E1viiD,long,cast,INTEGER,20849,0
E1viiiD,long,cast,INTEGER,20850,0
E1ixD,byte,kept_string_labelled,VARCHAR,20849,0
E1xD,byte,kept_string_labelled,VARCHAR,20849,0
E1iE,double,cast,DOUBLE,19075,0
E1iiE,byte,cast,TINYINT,19280,0
E1iiiE,byte,kept_string_labelled,VARCHAR,18910,0
E1iiiE_Other,strL,kept_string_text,VARCHAR,0,0
E1vE,byte,kept_string_labelled,VARCHAR,18910,0
E1vE_Other,str17,kept_string_text,VARCHAR,0,0
E1viiE,long,cast,INTEGER,18913,0
E1viiiE,long,cast,INTEGER,18913,0
E1ixE,byte,kept_string_labelled,VARCHAR,18910,0
E1xE,byte,kept_string_labelled,VARCHAR,19272,0
E1xiE,double,cast,DOUBLE,19319,0
E1iF,double,cast,DOUBLE,16314,0
E1iiF,double,cast,DOUBLE,17569,0
E1iiiF,byte,kept_string_labelled,VARCHAR,16277,0
E1iiiF_Other,strL,kept_string_text,VARCHAR,0,0
E1viiF,long,cast,INTEGER,16322,0
E1viiiF,long,cast,INTEGER,16324,0
E1ixF,byte,kept_string_labelled,VARCHAR,16277,0
E1xiF,double,cast,DOUBLE,17788,0
E1iG,byte,cast,TINYINT,20098,0
E1iiG,byte,cast,TINYINT,20053,0
E1iiiG,byte,kept_string_labelled,VARCHAR,20020,0
E1iiiG_Other,strL,kept_string_text,VARCHAR,0,0
E1ivG,byte,kept_string_labelled,VARCHAR,20020,0
E1ivG_Other,strL,kept_string_text,VARCHAR,0,0
E1vG,byte,kept_string_labelled,VARCHAR,20020,0
E1vG_Other,str25,kept_string_text,VARCHAR,0,0
E1viG,byte,kept_string_labelled,VARCHAR,20037,0
E1viG_Other,strL,kept_string_text,VARCHAR,0,0
E1viiG,double,cast,DOUBLE,20023,0
E1viiiG,double,cast,DOUBLE,20023,0
E1ixG,byte,kept_string_labelled,VARCHAR,20021,0
E1xG,byte,kept_string_labelled,VARCHAR,20052,0
E1xiG,long,cast,INTEGER,20066,0
E1iH,double,cast,DOUBLE,20730,0
E1iiH,byte,cast,TINYINT,20725,0
E1iiiH,byte,kept_string_labelled,VARCHAR,20722,0
E1iiiH_Other,str16,kept_string_text,VARCHAR,0,0
E1ivH,byte,kept_string_labelled,VARCHAR,20722,0
E1ivH_Other,str26,kept_string_text,VARCHAR,0,0
E1vH,byte,kept_string_labelled,VARCHAR,20722,0
E1vH_Other,str13,kept_string_text,VARCHAR,0,0
E1viH,byte,kept_string_labelled,VARCHAR,20726,0
E1viH_Other,str25,kept_string_text,VARCHAR,0,0
E1viiH,long,cast,INTEGER,20722,0
E1viiiH,long,cast,INTEGER,20722,0
E1ixH,byte,kept_string_labelled,VARCHAR,20722,0
E1xH,byte,kept_string_labelled,VARCHAR,20725,0
E1xiH,long,cast,INTEGER,20726,0
E1iI,int,cast,SMALLINT,20486,0
E1iiI,byte,cast,TINYINT,20504,0
E1iiiI,byte,kept_string_labelled,VARCHAR,20443,0
E1iiiI_Other,strL,kept_string_text,VARCHAR,0,0
E1vI,byte,kept_string_labelled,VARCHAR,20443,0
E1vI_Other,str4,kept_string_text,VARCHAR,0,0
E1viI,byte,kept_string_labelled,VARCHAR,20585,0
E1viI_Other,str1,kept_string_text,VARCHAR,0,0
E1viiI,long,cast,INTEGER,20443,0
E1viiiI,long,cast,INTEGER,20443,0
E1ixI,byte,kept_string_labelled,VARCHAR,20443,0
E1xI,byte,kept_string_labelled,VARCHAR,20504,0
E1xiI,long,cast,INTEGER,20508,0
E1iJ,byte,cast,TINYINT,20735,0
E1iiJ,byte,cast,TINYINT,20750,0
E1iiiJ,byte,kept_string_labelled,VARCHAR,20734,0
E1iiiJ_Other,str22,kept_string_text,VARCHAR,0,0
E1ivJ,byte,kept_string_labelled,VARCHAR,20734,0
E1ivJ_Other,strL,kept_string_text,VARCHAR,0,0
E1vJ,byte,kept_string_labelled,VARCHAR,20734,0
E1vJ_Other,str17,kept_string_text,VARCHAR,0,0
E1viJ,byte,kept_string_labelled,VARCHAR,20746,0
E1viJ_Other,str1,kept_string_text,VARCHAR,0,0
E1viiJ,long,cast,INTEGER,20734,0
E1viiiJ,long,cast,INTEGER,20734,0
E1ixJ,byte,kept_string_labelled,VARCHAR,20734,0
E1xJ,byte,kept_string_labelled,VARCHAR,20749,0
E1xiJ,long,cast,INTEGER,20750,0
E1iK,byte,cast,TINYINT,18938,0
E1iiK,byte,cast,TINYINT,19090,0
E1iiiK,byte,kept_string_labelled,VARCHAR,18921,0
E1iiiK_Other,strL,kept_string_text,VARCHAR,0,0
E1ivK,byte,kept_string_labelled,VARCHAR,18921,0
E1ivK_Other,strL,kept_string_text,VARCHAR,0,0
E1vK,byte,kept_string_labelled,VARCHAR,18921,0
E1vK_Other,str21,kept_string_text,VARCHAR,0,0
E1viK,byte,kept_string_labelled,VARCHAR,19014,0
E1viK_Other,str19,kept_string_text,VARCHAR,0,0
E1viiK,long,cast,INTEGER,18923,0
E1viiiK,long,cast,INTEGER,18923,0
E1ixK,byte,kept_string_labelled,VARCHAR,18921,0
E1xK,byte,kept_string_labelled,VARCHAR,19086,0
E1xiK,long,cast,INTEGER,19117,0
E1iL,byte,cast,TINYINT,20577,0
E1iiL,byte,cast,TINYINT,20534,0
E1iiiL,byte,kept_string_labelled,VARCHAR,20532,0
E1iiiL_Other,str1,kept_string_text,VARCHAR,0,0
E1ivL,byte,kept_string_labelled,VARCHAR,20532,0
E1ivL_Other,strL,kept_string_text,VARCHAR,0,0
E1vL,byte,kept_string_labelled,VARCHAR,20532,0
E1vL_Other,str1,kept_string_text,VARCHAR,0,0
E1viL,byte,kept_string_labelled,VARCHAR,20797,0
E1viL_Other,str27,kept_string_text,VARCHAR,0,0
E1viiL,long,cast,INTEGER,20533,0
E1viiiL,long,cast,INTEGER,20533,0
E1ixL,byte,kept_string_labelled,VARCHAR,20532,0
E1xL,byte,kept_string_labelled,VARCHAR,20534,0
E1xiL,long,cast,INTEGER,20536,0
E1iM,int,cast,SMALLINT,16202,0
E1iiM,byte,cast,TINYINT,15816,0
E1iiiM,byte,kept_string_labelled,VARCHAR,15558,0
E1iiiM_Other,strL,kept_string_text,VARCHAR,0,0
E1vM,byte,kept_string_labelled,VARCHAR,15558,0
E1vM_Other,strL,kept_string_text,VARCHAR,0,0
E1viM,byte,kept_string_labelled,VARCHAR,18594,0
E1viM_Other,strL,kept_string_text,VARCHAR,0,0
E1viiM,long,cast,INTEGER,15563,0
E1viiiM,long,cast,INTEGER,15563,0
E1ixM,byte,kept_string_labelled,VARCHAR,15558,0
E1xM,byte,kept_string_labelled,VARCHAR,15812,0
E1xiM,double,cast,DOUBLE,15847,0
E1iN,byte,cast,TINYINT,20686,0
E1iiN,byte,cast,TINYINT,20751,0
E1iiiN,byte,kept_string_labelled,VARCHAR,20682,0
E1iiiN_Other,strL,kept_string_text,VARCHAR,0,0
E1vN,byte,kept_string_labelled,VARCHAR,20682,0
E1vN_Other,str19,kept_string_text,VARCHAR,0,0
E1viN,byte,kept_string_labelled,VARCHAR,20691,0
E1viN_Other,str21,kept_string_text,VARCHAR,0,0
E1viiN,long,cast,INTEGER,20683,0
E1viiiN,long,cast,INTEGER,20683,0
E1ixN,byte,kept_string_labelled,VARCHAR,20682,0
E1xN,byte,kept_string_labelled,VARCHAR,20750,0
E1xiN,long,cast,INTEGER,20752,0
E1iO,double,cast,DOUBLE,17921,0
E1iiO,double,cast,DOUBLE,18316,0
E1iiiO,byte,kept_string_labelled,VARCHAR,17885,0
E1iiiO_Other,strL,kept_string_text,VARCHAR,0,0
E1vO,byte,kept_string_labelled,VARCHAR,17885,0
E1vO_Other,str12,kept_string_text,VARCHAR,0,0
E1viO,byte,kept_string_labelled,VARCHAR,18257,0
E1viO_Other,strL,kept_string_text,VARCHAR,0,0
E1viiO,long,cast,INTEGER,17888,0
E1viiiO,long,cast,INTEGER,17891,0
E1ixO,byte,kept_string_labelled,VARCHAR,17885,0
E1xO,byte,kept_string_labelled,VARCHAR,18306,0
E1xiO,long,cast,INTEGER,18340,0
E1iP,byte,cast,TINYINT,20542,0
E1iiP,double,cast,DOUBLE,20614,0
E1iiiP,byte,kept_string_labelled,VARCHAR,20533,0
E1iiiP_Other,strL,kept_string_text,VARCHAR,0,0
E1ivP,byte,kept_string_labelled,VARCHAR,20533,0
E1ivP_Other,strL,kept_string_text,VARCHAR,0,0
E1vP,byte,kept_string_labelled,VARCHAR,20533,0
E1vP_Other,str1,kept_string_text,VARCHAR,0,0
E1viP,byte,kept_string_labelled,VARCHAR,20564,0
E1viP_Other,str32,kept_string_text,VARCHAR,0,0
E1viiP,long,cast,INTEGER,20533,0
E1viiiP,long,cast,INTEGER,20534,0
E1ixP,byte,kept_string_labelled,VARCHAR,20534,0
E1xP,byte,kept_string_labelled,VARCHAR,20610,0
E1xiP,long,cast,INTEGER,20621,0
E1iQ,double,cast,DOUBLE,15268,0
E1iiiQ,byte,kept_string_labelled,VARCHAR,15234,0
E1iiiQ_Other,str17,kept_string_text,VARCHAR,0,0
E1vQ,byte,kept_string_labelled,VARCHAR,15234,0
E1vQ_Other,strL,kept_string_text,VARCHAR,0,0
E1viQ,byte,kept_string_labelled,VARCHAR,15420,0
E1viQ_Other,strL,kept_string_text,VARCHAR,0,0
E1viiQ,long,cast,INTEGER,15240,0
E1viiiQ,long,cast,INTEGER,15241,0
E1ixQ,byte,kept_string_labelled,VARCHAR,15235,0
E1xQ,byte,kept_string_labelled,VARCHAR,15265,0
E1xiQ,long,cast,INTEGER,15901,0
E1iR,byte,cast,TINYINT,20699,0
E1iiiR,byte,kept_string_labelled,VARCHAR,20695,0
E1iiiR_Other,str20,kept_string_text,VARCHAR,0,0
E1viiR,long,cast,INTEGER,20696,0
E1viiiR,long,cast,INTEGER,20696,0
E1ixR,byte,kept_string_labelled,VARCHAR,20695,0
E1xiR,long,cast,INTEGER,20735,0
E1iS,byte,cast,TINYINT,19660,0
E1iiS,byte,cast,TINYINT,19629,0
E1iiiS,byte,kept_string_labelled,VARCHAR,19617,0
E1iiiS_Other,strL,kept_string_text,VARCHAR,0,0
E1vS,byte,kept_string_labelled,VARCHAR,19617,0
E1vS_Other,strL,kept_string_text,VARCHAR,0,0
E1viS,byte,kept_string_labelled,VARCHAR,19621,0
E1viS_Other,str30,kept_string_text,VARCHAR,0,0
E1viiS,double,cast,DOUBLE,19617,0
E1viiiS,double,cast,DOUBLE,19619,0
E1ixS,byte,kept_string_labelled,VARCHAR,19617,0
E1xS,byte,kept_string_labelled,VARCHAR,19628,0
E1iT,byte,cast,TINYINT,20859,0
E1iiT,byte,cast,TINYINT,20859,0
E1iiiT,byte,kept_string_labelled,VARCHAR,20859,0
E1iiiT_Other,str1,kept_string_text,VARCHAR,0,0
E1ivT,byte,kept_string_labelled,VARCHAR,20859,0
E1ivT_Other,str16,kept_string_text,VARCHAR,0,0
E1vT,byte,kept_string_labelled,VARCHAR,20859,0
E1vT_Other,str1,kept_string_text,VARCHAR,0,0
E1viT,byte,kept_string_labelled,VARCHAR,20861,0
E1viT_Other,str1,kept_string_text,VARCHAR,0,0
E1viiT,long,cast,INTEGER,20859,0
E1viiiT,long,cast,INTEGER,20859,0
E1ixT,byte,kept_string_labelled,VARCHAR,20859,0
E1xT,byte,kept_string_labelled,VARCHAR,20859,0
E1xiT,long,cast,INTEGER,20859,0
E1iU,byte,cast,TINYINT,20862,0
E1iiU,byte,cast,TINYINT,20861,0
E1iiiU,byte,kept_string_labelled,VARCHAR,20860,0
E1iiiU_Other,str1,kept_string_text,VARCHAR,0,0
E1ivU,byte,kept_string_labelled,VARCHAR,20860,0
E1ivU_Other,str1,kept_string_text,VARCHAR,0,0
E1vU,byte,kept_string_labelled,VARCHAR,20860,0
E1vU_Other,str1,kept_string_text,VARCHAR,0,0
E1viU,byte,kept_string_labelled,VARCHAR,20860,0
E1viU_Other,str1,kept_string_text,VARCHAR,0,0
E1viiU,long,cast,INTEGER,20860,0
E1viiiU,long,cast,INTEGER,20860,0
E1ixU,byte,kept_string_labelled,VARCHAR,20860,0
E1xU,byte,kept_string_labelled,VARCHAR,20861,0
E1xiU,long,cast,INTEGER,20861,0
E1_ii,byte,kept_string_labelled,VARCHAR,8104,0
E1_iii,byte,kept_string_labelled,VARCHAR,8106,0
E1_iii_Other,strL,kept_string_text,VARCHAR,0,0
E2A,long,kept_string_labelled,VARCHAR,10790,0
E2B,byte,kept_string_labelled,VARCHAR,7720,0
E2C__1,byte,cast,TINYINT,18553,0
E2C__2,byte,cast,TINYINT,18553,0
E2C__3,byte,cast,TINYINT,18553,0
E2C__4,byte,cast,TINYINT,18553,0
E2C__5,byte,cast,TINYINT,18553,0
E2C__6,byte,cast,TINYINT,18553,0
E2C__7,byte,cast,TINYINT,18553,0
E2C__98,byte,cast,TINYINT,18553,0
E2C__99,byte,cast,TINYINT,18553,0
E2D__1,byte,cast,TINYINT,7720,0
E2D__2,byte,cast,TINYINT,7720,0
E2D__3,byte,cast,TINYINT,7720,0
E2D__4,byte,cast,TINYINT,7720,0
E2D__5,byte,cast,TINYINT,7720,0
E2D__6,byte,cast,TINYINT,7720,0
E2D__7,byte,cast,TINYINT,7720,0
E2D__8,byte,cast,TINYINT,7720,0
E2E,byte,kept_string_labelled,VARCHAR,7720,0
E2F__1,byte,cast,TINYINT,13920,0
E2F__2,byte,cast,TINYINT,13920,0
E2F__3,byte,cast,TINYINT,13920,0
E2F__4,byte,cast,TINYINT,13920,0
E2F__5,byte,cast,TINYINT,13920,0
E2F__6,byte,cast,TINYINT,13920,0
E2F__7,byte,cast,TINYINT,13920,0
E2F__8,byte,cast,TINYINT,13920,0
E2F__9,byte,cast,TINYINT,13920,0
E2F__10,byte,cast,TINYINT,13920,0
E2F__11,byte,cast,TINYINT,13920,0
E2F__12,byte,cast,TINYINT,13920,0
E2F__13,byte,cast,TINYINT,13920,0
E2F__14,byte,cast,TINYINT,13920,0
E2F__15,byte,cast,TINYINT,13920,0
E2F__16,byte,cast,TINYINT,13920,0
E2F__17,byte,cast,TINYINT,13920,0
E2F__18,byte,cast,TINYINT,13920,0
E2F__19,byte,cast,TINYINT,13920,0
E2F__20,byte,cast,TINYINT,13920,0
E2F__21,byte,cast,TINYINT,13920,0
E2F__96,byte,cast,TINYINT,13920,0
E2F_Others,str24,kept_string_text,VARCHAR,0,0
E2G,byte,kept_string_labelled,VARCHAR,13921,0
E2G_Others,strL,kept_string_text,VARCHAR,0,0
E2H__1,byte,cast,TINYINT,13922,0
E2H__2,byte,cast,TINYINT,13922,0
E2H__3,byte,cast,TINYINT,13922,0
E2H__4,byte,cast,TINYINT,13922,0
E2H__5,byte,cast,TINYINT,13922,0
E2H__6,byte,cast,TINYINT,13922,0
E2H__7,byte,cast,TINYINT,13922,0
E2H__8,byte,cast,TINYINT,13922,0
E2H__9,byte,cast,TINYINT,13922,0
E2H__10,byte,cast,TINYINT,13922,0
E2H__11,byte,cast,TINYINT,13922,0
E2H__12,byte,cast,TINYINT,13922,0
E2H__13,byte,cast,TINYINT,13922,0
E2H__96,byte,cast,TINYINT,13922,0
E2H__98,byte,cast,TINYINT,13922,0
E2H__99,byte,cast,TINYINT,13922,0
E3A__1,byte,cast,TINYINT,28,0
E3A__2,byte,cast,TINYINT,28,0
E3A__3,byte,cast,TINYINT,28,0
E3A__4,byte,cast,TINYINT,28,0
E3A__5,byte,cast,TINYINT,28,0
E3A__6,byte,cast,TINYINT,28,0
E3A__7,byte,cast,TINYINT,28,0
E3A__8,byte,cast,TINYINT,28,0
E3A__9,byte,cast,TINYINT,29,0
E3A__10,byte,cast,TINYINT,28,0
E3B__1,byte,cast,TINYINT,20469,0
E3B__2,byte,cast,TINYINT,20764,0
E3B__3,byte,cast,TINYINT,19879,0
E3B__4,byte,cast,TINYINT,20639,0
E3B__5,byte,cast,TINYINT,20820,0
E3B__6,byte,cast,TINYINT,20770,0
E3B__7,byte,cast,TINYINT,19927,0
E3B__8,byte,cast,TINYINT,20765,0
E3B__9,byte,cast,TINYINT,20817,0
E3C,byte,kept_string_labelled,VARCHAR,29,0
E3D__1,byte,cast,TINYINT,19435,0
E3D__2,byte,cast,TINYINT,19435,0
E3D__3,byte,cast,TINYINT,19435,0
E3D__4,byte,cast,TINYINT,19435,0
E3D__5,byte,cast,TINYINT,19435,0
E3D__6,byte,cast,TINYINT,19435,0
E3D__7,byte,cast,TINYINT,19435,0
E3D__99,byte,cast,TINYINT,19435,0
F1__1,byte,cast,TINYINT,30,0
F1__2,byte,cast,TINYINT,30,0
F1__3,byte,cast,TINYINT,30,0
F1__4,byte,cast,TINYINT,30,0
F1__5,byte,cast,TINYINT,0,0
F1__96,byte,cast,TINYINT,30,0
F1_Other,strL,kept_string_text,VARCHAR,0,0
F2__1,byte,cast,TINYINT,16537,0
F2__2,byte,cast,TINYINT,16537,0
F2__3,byte,cast,TINYINT,16537,0
F2__4,byte,cast,TINYINT,16537,0
F2__5,byte,cast,TINYINT,16537,0
F2__6,byte,cast,TINYINT,16537,0
F2__7,byte,cast,TINYINT,20794,0
F2__96,byte,cast,TINYINT,16614,0
F2__98,byte,cast,TINYINT,16537,0
F2__99,byte,cast,TINYINT,16537,0
F2_Other,strL,kept_string_text,VARCHAR,0,0
F3__1,byte,cast,TINYINT,17778,0
F3__2,byte,cast,TINYINT,17778,0
F3__3,byte,cast,TINYINT,17778,0
F3__4,byte,cast,TINYINT,17778,0
F3__5,byte,cast,TINYINT,17778,0
F3__6,byte,cast,TINYINT,17778,0
F3__7,byte,cast,TINYINT,20816,0
F3__8,byte,cast,TINYINT,0,0
F3__96,byte,cast,TINYINT,17828,0
F3__98,byte,cast,TINYINT,17778,0
F3__99,byte,cast,TINYINT,17778,0
F3_Other,strL,kept_string_text,VARCHAR,0,0
F1iA,byte,kept_string_labelled,VARCHAR,18570,0
F1iA_Other,str28,kept_string_text,VARCHAR,0,0
F1iiA,byte,kept_string_labelled,VARCHAR,18570,0
F1iiA_Other,strL,kept_string_text,VARCHAR,0,0
F1iiiA,byte,kept_string_labelled,VARCHAR,18570,0
F1iiiA_Other,strL,kept_string_text,VARCHAR,0,0
F1iB,byte,kept_string_labelled,VARCHAR,20823,0
F1iB_Other,str21,kept_string_text,VARCHAR,0,0
F1iiB,byte,kept_string_labelled,VARCHAR,20823,0
F1iiB_Other,str1,kept_string_text,VARCHAR,0,0
F1iiiB,byte,kept_string_labelled,VARCHAR,20823,0
F1iiiB_Other,str1,kept_string_text,VARCHAR,0,0
F1iC,byte,kept_string_labelled,VARCHAR,18248,0
F1iC_Other,strL,kept_string_text,VARCHAR,0,0
F1iiC,byte,kept_string_labelled,VARCHAR,18248,0
F1iiC_Other,strL,kept_string_text,VARCHAR,0,0
F1iiiC,byte,kept_string_labelled,VARCHAR,18248,0
F1iiiC_Other,str14,kept_string_text,VARCHAR,0,0
F1iD,byte,kept_string_labelled,VARCHAR,14644,0
F1iD_Other,strL,kept_string_text,VARCHAR,0,0
F1iiD,byte,kept_string_labelled,VARCHAR,14644,0
F1iiD_Other,str1,kept_string_text,VARCHAR,0,0
F1iiiD,byte,kept_string_labelled,VARCHAR,14644,0
F1iiiD_Other,str18,kept_string_text,VARCHAR,0,0
F1iE,byte,kept_string_labelled,VARCHAR,19213,0
F1iE_Other,strL,kept_string_text,VARCHAR,0,0
F1iiE,byte,kept_string_labelled,VARCHAR,19213,0
F1iiE_Other,strL,kept_string_text,VARCHAR,0,0
F1iiiE,byte,kept_string_labelled,VARCHAR,19213,0
F1iiiE_Other,str15,kept_string_text,VARCHAR,0,0
F1iF,byte,kept_string_labelled,VARCHAR,16917,0
F1iF_Other,strL,kept_string_text,VARCHAR,0,0
F1iiF,byte,kept_string_labelled,VARCHAR,16917,0
F1iiF_Other,strL,kept_string_text,VARCHAR,0,0
F1iiiF,byte,kept_string_labelled,VARCHAR,16917,0
F1iiiF_Other,strL,kept_string_text,VARCHAR,0,0
F1iG,byte,kept_string_labelled,VARCHAR,19736,0
F1iG_Other,strL,kept_string_text,VARCHAR,0,0
F1iiG,byte,kept_string_labelled,VARCHAR,19736,0
F1iiG_Other,strL,kept_string_text,VARCHAR,0,0
F1iiiG,byte,kept_string_labelled,VARCHAR,19736,0
F1iiiG_Other,strL,kept_string_text,VARCHAR,0,0
F1iH,byte,kept_string_labelled,VARCHAR,20247,0
F1iH_Other,strL,kept_string_text,VARCHAR,0,0
F1iiH,byte,kept_string_labelled,VARCHAR,20247,0
F1iiH_Other,str28,kept_string_text,VARCHAR,0,0
F1iiiH,byte,kept_string_labelled,VARCHAR,20247,0
F1iiiH_Other,str14,kept_string_text,VARCHAR,0,0
F1iI,byte,kept_string_labelled,VARCHAR,17292,0
F1iI_Other,strL,kept_string_text,VARCHAR,0,0
F1iiI,byte,kept_string_labelled,VARCHAR,17292,0
F1iiI_Other,strL,kept_string_text,VARCHAR,0,0
F1iiiI,byte,kept_string_labelled,VARCHAR,17292,0
F1iiiI_Other,str18,kept_string_text,VARCHAR,0,0
F1iJ,byte,kept_string_labelled,VARCHAR,20833,0
F1iJ_Other,str26,kept_string_text,VARCHAR,0,0
F1iiJ,byte,kept_string_labelled,VARCHAR,20833,0
F1iiJ_Other,str1,kept_string_text,VARCHAR,0,0
F1iiiJ,byte,kept_string_labelled,VARCHAR,20833,0
F1iiiJ_Other,str13,kept_string_text,VARCHAR,0,0
F1iK,byte,kept_string_labelled,VARCHAR,18970,0
F1iK_Other,strL,kept_string_text,VARCHAR,0,0
F1iiK,byte,kept_string_labelled,VARCHAR,18970,0
F1iiK_Other,str30,kept_string_text,VARCHAR,0,0
F1iiiK,byte,kept_string_labelled,VARCHAR,18970,0
F1iiiK_Other,strL,kept_string_text,VARCHAR,0,0
F1iL,byte,kept_string_labelled,VARCHAR,20739,0
F1iL_Other,strL,kept_string_text,VARCHAR,0,0
F1iiL,byte,kept_string_labelled,VARCHAR,20738,0
F1iiL_Other,str17,kept_string_text,VARCHAR,0,0
F1iiiL,byte,kept_string_labelled,VARCHAR,20741,0
F1iiiL_Other,strL,kept_string_text,VARCHAR,0,0
F1_1,byte,kept_string_labelled,VARCHAR,7460,0
F1_1Other,strL,kept_string_text,VARCHAR,0,0
F2Ai,byte,kept_string_labelled,VARCHAR,20627,0
F2Aii,byte,kept_string_labelled,VARCHAR,20627,0
F2Aiii,byte,kept_string_labelled,VARCHAR,20627,0
F2B__1,byte,cast,TINYINT,20636,0
F2B__2,byte,cast,TINYINT,20636,0
F2B__3,byte,cast,TINYINT,20636,0
F2B__4,byte,cast,TINYINT,20636,0
F2B__5,byte,cast,TINYINT,20636,0
F2B__6,byte,cast,TINYINT,20636,0
F2B__7,byte,cast,TINYINT,20636,0
F2B__8,byte,cast,TINYINT,20636,0
F2B__99,byte,cast,TINYINT,20636,0
F2B_Others_Specify,strL,kept_string_text,VARCHAR,0,0
F2C__1,byte,cast,TINYINT,752,0
F2C__2,byte,cast,TINYINT,752,0
F2C__3,byte,cast,TINYINT,752,0
F2C__4,byte,cast,TINYINT,752,0
F2C__5,byte,cast,TINYINT,752,0
F2C__6,byte,cast,TINYINT,752,0
F2C__7,byte,cast,TINYINT,752,0
F2C__8,byte,cast,TINYINT,752,0
F2C__9,byte,cast,TINYINT,0,0
F2C__98,byte,cast,TINYINT,752,0
F2C__99,byte,cast,TINYINT,752,0
F2C_Others_Specify,strL,kept_string_text,VARCHAR,0,0
F2D__1,byte,cast,TINYINT,20434,0
F2D__2,byte,cast,TINYINT,20434,0
F2D__3,byte,cast,TINYINT,20434,0
F2D__4,byte,cast,TINYINT,20434,0
F2D__5,byte,cast,TINYINT,20434,0
F2D__6,byte,cast,TINYINT,20434,0
F2D__7,byte,cast,TINYINT,20434,0
F2D__8,byte,cast,TINYINT,20434,0
F2D_Others_Specify,str12,kept_string_text,VARCHAR,0,0
F2E,byte,kept_string_labelled,VARCHAR,20391,0
F2Ei,strL,kept_string_text,VARCHAR,0,0
F2Fa,byte,kept_string_labelled,VARCHAR,20452,0
F2Fai,str22,kept_string_text,VARCHAR,0,0
F2Fb,byte,kept_string_labelled,VARCHAR,20840,0
F2Fbi,str1,kept_string_text,VARCHAR,0,0
F2Fc,byte,kept_string_labelled,VARCHAR,20821,0
F2Fci,str16,kept_string_text,VARCHAR,0,0
F2G,byte,kept_string_labelled,VARCHAR,20391,0
F2Gi,strL,kept_string_text,VARCHAR,0,0
F2H__1,byte,cast,TINYINT,20391,0
F2H__2,byte,cast,TINYINT,20391,0
F2H__3,byte,cast,TINYINT,20391,0
F2H__4,byte,cast,TINYINT,20391,0
F2I__1,byte,cast,TINYINT,20853,0
F2I__2,byte,cast,TINYINT,20853,0
F2I__3,byte,cast,TINYINT,20853,0
F2I__4,byte,cast,TINYINT,20853,0
F2I__96,byte,cast,TINYINT,20853,0
F2I__98,byte,cast,TINYINT,20853,0
F2I__99,byte,cast,TINYINT,20853,0
F2Ii,strL,kept_string_text,VARCHAR,0,0
F2J,byte,kept_string_labelled,VARCHAR,20391,0
F2K__1,byte,cast,TINYINT,20851,0
F2K__2,byte,cast,TINYINT,20851,0
F2K__3,byte,cast,TINYINT,20851,0
F2K__4,byte,cast,TINYINT,20851,0
F2K__5,byte,cast,TINYINT,20851,0
F2K__6,byte,cast,TINYINT,20851,0
F2K__7,byte,cast,TINYINT,20851,0
F2K__98,byte,cast,TINYINT,20851,0
F2K__99,byte,cast,TINYINT,20851,0
F2Ki,str19,kept_string_text,VARCHAR,0,0
F2L,byte,kept_string_labelled,VARCHAR,20851,0
F2Ma,byte,kept_string_labelled,VARCHAR,20391,0
F2Mb,byte,kept_string_labelled,VARCHAR,20391,0
F2Mc,byte,kept_string_labelled,VARCHAR,20391,0
F2Md,byte,kept_string_labelled,VARCHAR,20391,0
F2Me,byte,kept_string_labelled,VARCHAR,20391,0
F2Mf,byte,kept_string_labelled,VARCHAR,20391,0
G1A1__1,byte,cast,TINYINT,34,0
G1A1__2,byte,cast,TINYINT,34,0
G1A1__3,byte,cast,TINYINT,34,0
G1A1__4,byte,cast,TINYINT,34,0
G1A1__5,byte,cast,TINYINT,34,0
G1A1__6,byte,cast,TINYINT,34,0
G1A1__7,byte,cast,TINYINT,34,0
G1A1__8,byte,cast,TINYINT,34,0
G1A1__9,byte,cast,TINYINT,34,0
G1A1__10,byte,cast,TINYINT,34,0
G1A1__11,byte,cast,TINYINT,34,0
G1A1__13,byte,cast,TINYINT,34,0
G1A1__96,byte,cast,TINYINT,34,0
G1A1__98,byte,cast,TINYINT,34,0
G1A1__99,byte,cast,TINYINT,34,0
G1A1_Other,strL,kept_string_text,VARCHAR,0,0
G1B1,byte,kept_string_labelled,VARCHAR,34,0
G1B1_Other,strL,kept_string_text,VARCHAR,0,0
G1A2__1,byte,cast,TINYINT,34,0
G1A2__2,byte,cast,TINYINT,34,0
G1A2__3,byte,cast,TINYINT,34,0
G1A2__4,byte,cast,TINYINT,34,0
G1A2__5,byte,cast,TINYINT,34,0
G1A2__6,byte,cast,TINYINT,34,0
G1A2__7,byte,cast,TINYINT,34,0
G1A2__8,byte,cast,TINYINT,34,0
G1A2__9,byte,cast,TINYINT,34,0
G1A2__10,byte,cast,TINYINT,34,0
G1A2__11,byte,cast,TINYINT,34,0
G1A2__13,byte,cast,TINYINT,34,0
G1A2__96,byte,cast,TINYINT,34,0
G1A2__98,byte,cast,TINYINT,34,0
G1A2__99,byte,cast,TINYINT,34,0
G1A2_Other,strL,kept_string_text,VARCHAR,0,0
G1B2,byte,kept_string_labelled,VARCHAR,34,0
G1B2_Other,strL,kept_string_text,VARCHAR,0,0
G1A3__1,byte,cast,TINYINT,34,0
G1A3__2,byte,cast,TINYINT,34,0
G1A3__3,byte,cast,TINYINT,34,0
G1A3__4,byte,cast,TINYINT,34,0
G1A3__5,byte,cast,TINYINT,34,0
G1A3__6,byte,cast,TINYINT,34,0
G1A3__7,byte,cast,TINYINT,34,0
G1A3__8,byte,cast,TINYINT,34,0
G1A3__9,byte,cast,TINYINT,34,0
G1A3__10,byte,cast,TINYINT,34,0
G1A3__11,byte,cast,TINYINT,34,0
G1A3__13,byte,cast,TINYINT,34,0
G1A3__96,byte,cast,TINYINT,34,0
G1A3__98,byte,cast,TINYINT,34,0
G1A3__99,byte,cast,TINYINT,34,0
G1A3_Other,strL,kept_string_text,VARCHAR,0,0
G1B3,byte,kept_string_labelled,VARCHAR,34,0
G1B3_Other,strL,kept_string_text,VARCHAR,0,0
G1A4__1,byte,cast,TINYINT,34,0
G1A4__2,byte,cast,TINYINT,34,0
G1A4__3,byte,cast,TINYINT,34,0
G1A4__4,byte,cast,TINYINT,34,0
G1A4__5,byte,cast,TINYINT,34,0
G1A4__6,byte,cast,TINYINT,34,0
G1A4__7,byte,cast,TINYINT,34,0
G1A4__8,byte,cast,TINYINT,34,0
G1A4__9,byte,cast,TINYINT,34,0
G1A4__10,byte,cast,TINYINT,34,0
G1A4__11,byte,cast,TINYINT,34,0
G1A4__13,byte,cast,TINYINT,34,0
G1A4__96,byte,cast,TINYINT,34,0
G1A4__98,byte,cast,TINYINT,34,0
G1A4__99,byte,cast,TINYINT,34,0
G1A4_Other,str22,kept_string_text,VARCHAR,0,0
G1B4,byte,kept_string_labelled,VARCHAR,34,0
G1B4_Other,str4,kept_string_text,VARCHAR,0,0
G1A5__1,byte,cast,TINYINT,35,0
G1A5__2,byte,cast,TINYINT,35,0
G1A5__3,byte,cast,TINYINT,35,0
G1A5__4,byte,cast,TINYINT,35,0
G1A5__5,byte,cast,TINYINT,35,0
G1A5__6,byte,cast,TINYINT,35,0
G1A5__7,byte,cast,TINYINT,35,0
G1A5__8,byte,cast,TINYINT,35,0
G1A5__9,byte,cast,TINYINT,35,0
G1A5__10,byte,cast,TINYINT,35,0
G1A5__11,byte,cast,TINYINT,35,0
G1A5__12,byte,cast,TINYINT,35,0
G1A5__13,byte,cast,TINYINT,35,0
G1A5__96,byte,cast,TINYINT,35,0
G1A5__98,byte,cast,TINYINT,35,0
G1A5__99,byte,cast,TINYINT,35,0
G1A5_Other,strL,kept_string_text,VARCHAR,0,0
G1B5,byte,kept_string_labelled,VARCHAR,35,0
G1B5_Other,strL,kept_string_text,VARCHAR,0,0
G1A6__1,byte,cast,TINYINT,36,0
G1A6__2,byte,cast,TINYINT,36,0
G1A6__3,byte,cast,TINYINT,36,0
G1A6__4,byte,cast,TINYINT,36,0
G1A6__5,byte,cast,TINYINT,36,0
G1A6__6,byte,cast,TINYINT,36,0
G1A6__7,byte,cast,TINYINT,36,0
G1A6__8,byte,cast,TINYINT,36,0
G1A6__9,byte,cast,TINYINT,36,0
G1A6__10,byte,cast,TINYINT,36,0
G1A6__11,byte,cast,TINYINT,36,0
G1A6__12,byte,cast,TINYINT,36,0
G1A6__13,byte,cast,TINYINT,36,0
G1A6__96,byte,cast,TINYINT,36,0
G1A6__98,byte,cast,TINYINT,36,0
G1A6__99,byte,cast,TINYINT,36,0
G1A6_Other,str16,kept_string_text,VARCHAR,0,0
G1B6,byte,kept_string_labelled,VARCHAR,36,0
G1B6_Other,str8,kept_string_text,VARCHAR,0,0
G1A7__1,byte,cast,TINYINT,35,0
G1A7__2,byte,cast,TINYINT,35,0
G1A7__3,byte,cast,TINYINT,35,0
G1A7__4,byte,cast,TINYINT,35,0
G1A7__5,byte,cast,TINYINT,35,0
G1A7__6,byte,cast,TINYINT,35,0
G1A7__7,byte,cast,TINYINT,35,0
G1A7__8,byte,cast,TINYINT,35,0
G1A7__9,byte,cast,TINYINT,35,0
G1A7__10,byte,cast,TINYINT,35,0
G1A7__11,byte,cast,TINYINT,35,0
G1A7__12,byte,cast,TINYINT,35,0
G1A7__13,byte,cast,TINYINT,35,0
G1A7__96,byte,cast,TINYINT,35,0
G1A7__98,byte,cast,TINYINT,35,0
G1A7__99,byte,cast,TINYINT,35,0
G1A7_Other,strL,kept_string_text,VARCHAR,0,0
G1B7,byte,kept_string_labelled,VARCHAR,35,0
G1B7_Other,str13,kept_string_text,VARCHAR,0,0
G1A8__1,byte,cast,TINYINT,35,0
G1A8__2,byte,cast,TINYINT,35,0
G1A8__3,byte,cast,TINYINT,35,0
G1A8__4,byte,cast,TINYINT,35,0
G1A8__5,byte,cast,TINYINT,35,0
G1A8__6,byte,cast,TINYINT,35,0
G1A8__7,byte,cast,TINYINT,35,0
G1A8__8,byte,cast,TINYINT,35,0
G1A8__9,byte,cast,TINYINT,35,0
G1A8__10,byte,cast,TINYINT,35,0
G1A8__11,byte,cast,TINYINT,35,0
G1A8__12,byte,cast,TINYINT,35,0
G1A8__13,byte,cast,TINYINT,35,0
G1A8__96,byte,cast,TINYINT,35,0
G1A8__98,byte,cast,TINYINT,35,0
G1A8__99,byte,cast,TINYINT,35,0
G1A_8Other,str26,kept_string_text,VARCHAR,0,0
G1B8,byte,kept_string_labelled,VARCHAR,35,0
G1B8_Other,str28,kept_string_text,VARCHAR,0,0
G1A9__1,byte,cast,TINYINT,35,0
G1A9__2,byte,cast,TINYINT,35,0
G1A9__3,byte,cast,TINYINT,35,0
G1A9__4,byte,cast,TINYINT,35,0
G1A9__5,byte,cast,TINYINT,35,0
G1A9__6,byte,cast,TINYINT,35,0
G1A9__7,byte,cast,TINYINT,35,0
G1A9__8,byte,cast,TINYINT,35,0
G1A9__9,byte,cast,TINYINT,35,0
G1A9__10,byte,cast,TINYINT,35,0
G1A9__11,byte,cast,TINYINT,35,0
G1A9__12,byte,cast,TINYINT,35,0
G1A9__13,byte,cast,TINYINT,35,0
G1A9__96,byte,cast,TINYINT,35,0
G1A9__98,byte,cast,TINYINT,35,0
G1A9__99,byte,cast,TINYINT,35,0
G1A9_Other,strL,kept_string_text,VARCHAR,0,0
G1B9,byte,kept_string_labelled,VARCHAR,36,0
G1B9_Other,strL,kept_string_text,VARCHAR,0,0
G2,byte,kept_string_labelled,VARCHAR,35,0
G3__0,int,kept_string_labelled,VARCHAR,20697,0
G3__1,int,kept_string_labelled,VARCHAR,20862,0
G3__2,int,kept_string_labelled,VARCHAR,20867,0
G3__3,int,kept_string_labelled,VARCHAR,20870,0
G3__4,byte,kept_string_labelled,VARCHAR,20871,0
G3__5,byte,kept_string_labelled,VARCHAR,20871,0
G3__6,byte,kept_string_labelled,VARCHAR,20871,0
G3__7,byte,kept_string_labelled,VARCHAR,20871,0
G3__8,byte,kept_string_labelled,VARCHAR,20871,0
G3__9,byte,kept_string_labelled,VARCHAR,20871,0
G3__10,byte,kept_string_labelled,VARCHAR,20871,0
G3__11,byte,kept_string_labelled,VARCHAR,20871,0
G3__12,byte,kept_string_labelled,VARCHAR,20871,0
G3__13,byte,kept_string_labelled,VARCHAR,20871,0
G3__14,byte,kept_string_labelled,VARCHAR,20871,0
G3__15,byte,kept_string_labelled,VARCHAR,20871,0
G3__16,byte,kept_string_labelled,VARCHAR,20871,0
G3__17,byte,kept_string_labelled,VARCHAR,20871,0
G3__18,byte,kept_string_labelled,VARCHAR,20871,0
G3__19,byte,kept_string_labelled,VARCHAR,20871,0
G3__20,byte,kept_string_labelled,VARCHAR,20871,0
G3__21,byte,kept_string_labelled,VARCHAR,20871,0
G3__22,byte,kept_string_labelled,VARCHAR,20871,0
G3__23,byte,kept_string_labelled,VARCHAR,20871,0
G3__24,byte,kept_string_labelled,VARCHAR,20871,0
G3__25,byte,kept_string_labelled,VARCHAR,20871,0
G3__26,byte,kept_string_labelled,VARCHAR,20871,0
G3__27,byte,kept_string_labelled,VARCHAR,20871,0
G3__28,byte,kept_string_labelled,VARCHAR,20871,0
G3__29,byte,kept_string_labelled,VARCHAR,20871,0
G3__30,byte,kept_string_labelled,VARCHAR,20871,0
G3__31,byte,kept_string_labelled,VARCHAR,20871,0
G3__32,byte,kept_string_labelled,VARCHAR,20871,0
G3__33,byte,kept_string_labelled,VARCHAR,20871,0
G3__34,byte,kept_string_labelled,VARCHAR,20871,0
G3__35,byte,kept_string_labelled,VARCHAR,20871,0
G3__36,byte,kept_string_labelled,VARCHAR,20871,0
G3__37,byte,kept_string_labelled,VARCHAR,20871,0
G3__38,byte,kept_string_labelled,VARCHAR,20871,0
G3__39,byte,kept_string_labelled,VARCHAR,20871,0
G3__40,byte,kept_string_labelled,VARCHAR,20871,0
G3__41,byte,kept_string_labelled,VARCHAR,20871,0
G3__42,byte,kept_string_labelled,VARCHAR,20871,0
G3__43,byte,kept_string_labelled,VARCHAR,20871,0
G3__44,byte,kept_string_labelled,VARCHAR,20871,0
G3__45,byte,kept_string_labelled,VARCHAR,20871,0
G3__46,byte,kept_string_labelled,VARCHAR,20871,0
G3__47,byte,kept_string_labelled,VARCHAR,20871,0
G3__48,byte,kept_string_labelled,VARCHAR,20871,0
G3__49,byte,kept_string_labelled,VARCHAR,20871,0
G3__50,byte,kept_string_labelled,VARCHAR,20871,0
G3__51,byte,kept_string_labelled,VARCHAR,20871,0
G3__52,byte,kept_string_labelled,VARCHAR,20871,0
G3__53,byte,kept_string_labelled,VARCHAR,20871,0
G3__54,byte,kept_string_labelled,VARCHAR,20871,0
G3__55,byte,kept_string_labelled,VARCHAR,20871,0
G3__56,byte,kept_string_labelled,VARCHAR,20871,0
G3__57,byte,kept_string_labelled,VARCHAR,20871,0
G3__58,byte,kept_string_labelled,VARCHAR,20871,0
G3__59,byte,kept_string_labelled,VARCHAR,20871,0
G3__60,byte,kept_string_labelled,VARCHAR,20871,0
G3__61,byte,kept_string_labelled,VARCHAR,20871,0
G3__62,byte,kept_string_labelled,VARCHAR,20871,0
G3__63,byte,kept_string_labelled,VARCHAR,20871,0
G3__64,byte,kept_string_labelled,VARCHAR,20871,0
G3__65,byte,kept_string_labelled,VARCHAR,20871,0
G3__66,byte,kept_string_labelled,VARCHAR,20871,0
G3__67,byte,kept_string_labelled,VARCHAR,20871,0
G3__68,byte,kept_string_labelled,VARCHAR,20871,0
G3__69,byte,kept_string_labelled,VARCHAR,20871,0
G3__70,byte,kept_string_labelled,VARCHAR,20871,0
G3__71,byte,kept_string_labelled,VARCHAR,20871,0
G3__72,byte,kept_string_labelled,VARCHAR,20871,0
G3__73,byte,kept_string_labelled,VARCHAR,20871,0
G3__74,byte,kept_string_labelled,VARCHAR,20871,0
G3__75,byte,kept_string_labelled,VARCHAR,20871,0
G3__76,byte,kept_string_labelled,VARCHAR,20871,0
G3__77,byte,kept_string_labelled,VARCHAR,20871,0
G3__78,byte,kept_string_labelled,VARCHAR,20871,0
G3__79,byte,kept_string_labelled,VARCHAR,20871,0
G3__80,byte,kept_string_labelled,VARCHAR,20871,0
G3__81,byte,kept_string_labelled,VARCHAR,20871,0
G3__82,byte,kept_string_labelled,VARCHAR,20871,0
G3__83,byte,kept_string_labelled,VARCHAR,20871,0
G3__84,byte,kept_string_labelled,VARCHAR,20871,0
G3__85,byte,kept_string_labelled,VARCHAR,20871,0
G3__86,byte,kept_string_labelled,VARCHAR,20871,0
G3__87,byte,kept_string_labelled,VARCHAR,20871,0
G3__88,byte,kept_string_labelled,VARCHAR,20871,0
G3__89,byte,kept_string_labelled,VARCHAR,20871,0
G3__90,byte,kept_string_labelled,VARCHAR,20871,0
G3__91,byte,kept_string_labelled,VARCHAR,20871,0
G3__92,byte,kept_string_labelled,VARCHAR,20871,0
G3__93,byte,kept_string_labelled,VARCHAR,20871,0
G3__94,byte,kept_string_labelled,VARCHAR,20871,0
G3__95,byte,kept_string_labelled,VARCHAR,20871,0
G3__96,byte,kept_string_labelled,VARCHAR,20871,0
G3__97,byte,kept_string_labelled,VARCHAR,20871,0
G3__98,byte,kept_string_labelled,VARCHAR,20871,0
G3__99,byte,kept_string_labelled,VARCHAR,20871,0
G3__100,byte,kept_string_labelled,VARCHAR,20871,0
G3__101,byte,kept_string_labelled,VARCHAR,20871,0
G3__102,byte,kept_string_labelled,VARCHAR,20871,0
G3__103,byte,kept_string_labelled,VARCHAR,20871,0
G3__104,byte,kept_string_labelled,VARCHAR,20871,0
G3__105,byte,kept_string_labelled,VARCHAR,20871,0
G3__106,byte,kept_string_labelled,VARCHAR,20871,0
G3__107,byte,kept_string_labelled,VARCHAR,20871,0
G3__108,byte,kept_string_labelled,VARCHAR,20871,0
G3__109,byte,kept_string_labelled,VARCHAR,20871,0
G3__110,byte,kept_string_labelled,VARCHAR,20871,0
G3__111,byte,kept_string_labelled,VARCHAR,20871,0
G3__112,byte,kept_string_labelled,VARCHAR,20871,0
G3__113,byte,kept_string_labelled,VARCHAR,20871,0
G3__114,byte,kept_string_labelled,VARCHAR,20871,0
G3__115,byte,kept_string_labelled,VARCHAR,20871,0
G3__116,byte,kept_string_labelled,VARCHAR,20871,0
G3__117,byte,kept_string_labelled,VARCHAR,20871,0
G3__118,byte,kept_string_labelled,VARCHAR,20871,0
G3__119,byte,kept_string_labelled,VARCHAR,20871,0
G3__120,byte,kept_string_labelled,VARCHAR,20871,0
G3__121,byte,kept_string_labelled,VARCHAR,20871,0
G3__122,byte,kept_string_labelled,VARCHAR,20871,0
G3__123,byte,kept_string_labelled,VARCHAR,20871,0
G3__124,byte,kept_string_labelled,VARCHAR,20871,0
G3__125,byte,kept_string_labelled,VARCHAR,20871,0
G3__126,byte,kept_string_labelled,VARCHAR,20871,0
G3__127,byte,kept_string_labelled,VARCHAR,20871,0
G3__128,byte,kept_string_labelled,VARCHAR,20871,0
G3__129,byte,kept_string_labelled,VARCHAR,20871,0
G3__130,byte,kept_string_labelled,VARCHAR,20871,0
G3__131,byte,kept_string_labelled,VARCHAR,20871,0
G3__132,byte,kept_string_labelled,VARCHAR,20871,0
G3__133,byte,kept_string_labelled,VARCHAR,20871,0
G3__134,byte,kept_string_labelled,VARCHAR,20871,0
G3__135,byte,kept_string_labelled,VARCHAR,20871,0
G3__136,byte,kept_string_labelled,VARCHAR,20871,0
G3__137,byte,kept_string_labelled,VARCHAR,20871,0
G3__138,byte,kept_string_labelled,VARCHAR,20871,0
G3__139,byte,kept_string_labelled,VARCHAR,20871,0
G3__140,byte,kept_string_labelled,VARCHAR,20871,0
G3__141,byte,kept_string_labelled,VARCHAR,20871,0
G3__142,byte,kept_string_labelled,VARCHAR,20871,0
G3__143,byte,kept_string_labelled,VARCHAR,20871,0
G3__144,byte,kept_string_labelled,VARCHAR,20871,0
G3__145,byte,kept_string_labelled,VARCHAR,20871,0
G3__146,byte,kept_string_labelled,VARCHAR,20871,0
G3__147,byte,kept_string_labelled,VARCHAR,20871,0
G3__148,byte,kept_string_labelled,VARCHAR,20871,0
G3__149,byte,kept_string_labelled,VARCHAR,20871,0
G3__150,byte,kept_string_labelled,VARCHAR,20871,0
G3__151,byte,kept_string_labelled,VARCHAR,20871,0
G3__152,byte,kept_string_labelled,VARCHAR,20871,0
G3__153,byte,kept_string_labelled,VARCHAR,20871,0
G3__154,byte,kept_string_labelled,VARCHAR,20871,0
G3__155,byte,kept_string_labelled,VARCHAR,20871,0
G3__156,byte,kept_string_labelled,VARCHAR,20871,0
G3__157,byte,kept_string_labelled,VARCHAR,20871,0
G3__158,byte,kept_string_labelled,VARCHAR,20871,0
G3__159,byte,kept_string_labelled,VARCHAR,20871,0
G3__160,byte,kept_string_labelled,VARCHAR,20871,0
G3__161,byte,kept_string_labelled,VARCHAR,20871,0
G3__162,byte,kept_string_labelled,VARCHAR,20871,0
G3__163,byte,kept_string_labelled,VARCHAR,20871,0
G3__164,byte,kept_string_labelled,VARCHAR,20871,0
G3__165,byte,kept_string_labelled,VARCHAR,20871,0
G3__166,byte,kept_string_labelled,VARCHAR,20871,0
G3__167,byte,kept_string_labelled,VARCHAR,20871,0
G3__168,byte,kept_string_labelled,VARCHAR,20871,0
G3__169,byte,kept_string_labelled,VARCHAR,20871,0
G3__170,byte,kept_string_labelled,VARCHAR,20871,0
G3__171,byte,kept_string_labelled,VARCHAR,20871,0
G3__172,byte,kept_string_labelled,VARCHAR,20871,0
G3__173,byte,kept_string_labelled,VARCHAR,20871,0
G3__174,byte,kept_string_labelled,VARCHAR,20871,0
G3__175,byte,kept_string_labelled,VARCHAR,20871,0
G3__176,byte,kept_string_labelled,VARCHAR,20871,0
G3__177,byte,kept_string_labelled,VARCHAR,20871,0
G3__178,byte,kept_string_labelled,VARCHAR,20871,0
G3__179,byte,kept_string_labelled,VARCHAR,20871,0
G3__180,byte,kept_string_labelled,VARCHAR,20871,0
G3__181,byte,kept_string_labelled,VARCHAR,20871,0
G3__182,byte,kept_string_labelled,VARCHAR,20871,0
G3__183,byte,kept_string_labelled,VARCHAR,20871,0
G3__184,byte,kept_string_labelled,VARCHAR,20871,0
G3__185,byte,kept_string_labelled,VARCHAR,20871,0
G3__186,byte,kept_string_labelled,VARCHAR,20871,0
G3__187,byte,kept_string_labelled,VARCHAR,20871,0
G3__188,byte,kept_string_labelled,VARCHAR,20871,0
G3__189,byte,kept_string_labelled,VARCHAR,20871,0
G3__190,byte,kept_string_labelled,VARCHAR,20871,0
G3__191,byte,kept_string_labelled,VARCHAR,20871,0
G3__192,byte,kept_string_labelled,VARCHAR,20871,0
G3__193,byte,kept_string_labelled,VARCHAR,20871,0
G3__194,byte,kept_string_labelled,VARCHAR,20871,0
G3_OtherCountry,str1,kept_string_text,VARCHAR,0,0
G5,byte,kept_string_labelled,VARCHAR,20697,0
G6,long,kept_string_labelled,VARCHAR,20697,0
G7,byte,kept_string_labelled,VARCHAR,20697,0
G7_Other,strL,kept_string_text,VARCHAR,0,0
G8__0,int,kept_string_labelled,VARCHAR,19914,0
G8__1,int,kept_string_labelled,VARCHAR,20811,0
G8__2,int,kept_string_labelled,VARCHAR,20858,0
G8__3,int,kept_string_labelled,VARCHAR,20868,0
G8__4,byte,kept_string_labelled,VARCHAR,20871,0
G8__5,byte,kept_string_labelled,VARCHAR,20871,0
G8__6,byte,kept_string_labelled,VARCHAR,20871,0
G8__7,byte,kept_string_labelled,VARCHAR,20871,0
G8__8,byte,kept_string_labelled,VARCHAR,20871,0
G8__9,byte,kept_string_labelled,VARCHAR,20871,0
G8__10,byte,kept_string_labelled,VARCHAR,20871,0
G8__11,byte,kept_string_labelled,VARCHAR,20871,0
G8__12,byte,kept_string_labelled,VARCHAR,20871,0
G8__13,byte,kept_string_labelled,VARCHAR,20871,0
G8__14,byte,kept_string_labelled,VARCHAR,20871,0
G8__15,byte,kept_string_labelled,VARCHAR,20871,0
G8__16,byte,kept_string_labelled,VARCHAR,20871,0
G8__17,byte,kept_string_labelled,VARCHAR,20871,0
G8__18,byte,kept_string_labelled,VARCHAR,20871,0
G8__19,byte,kept_string_labelled,VARCHAR,20871,0
G8__20,byte,kept_string_labelled,VARCHAR,20871,0
G8__21,byte,kept_string_labelled,VARCHAR,20871,0
G8__22,byte,kept_string_labelled,VARCHAR,20871,0
G8__23,byte,kept_string_labelled,VARCHAR,20871,0
G8__24,byte,kept_string_labelled,VARCHAR,20871,0
G8__25,byte,kept_string_labelled,VARCHAR,20871,0
G8__26,byte,kept_string_labelled,VARCHAR,20871,0
G8__27,byte,kept_string_labelled,VARCHAR,20871,0
G8__28,byte,kept_string_labelled,VARCHAR,20871,0
G8__29,byte,kept_string_labelled,VARCHAR,20871,0
G8__30,byte,kept_string_labelled,VARCHAR,20871,0
G8__31,byte,kept_string_labelled,VARCHAR,20871,0
G8__32,byte,kept_string_labelled,VARCHAR,20871,0
G8__33,byte,kept_string_labelled,VARCHAR,20871,0
G8__34,byte,kept_string_labelled,VARCHAR,20871,0
G8__35,byte,kept_string_labelled,VARCHAR,20871,0
G8__36,byte,kept_string_labelled,VARCHAR,20871,0
G8__37,byte,kept_string_labelled,VARCHAR,20871,0
G8__38,byte,kept_string_labelled,VARCHAR,20871,0
G8__39,byte,kept_string_labelled,VARCHAR,20871,0
G8__40,byte,kept_string_labelled,VARCHAR,20871,0
G8__41,byte,kept_string_labelled,VARCHAR,20871,0
G8__42,byte,kept_string_labelled,VARCHAR,20871,0
G8__43,byte,kept_string_labelled,VARCHAR,20871,0
G8__44,byte,kept_string_labelled,VARCHAR,20871,0
G8__45,byte,kept_string_labelled,VARCHAR,20871,0
G8__46,byte,kept_string_labelled,VARCHAR,20871,0
G8__47,byte,kept_string_labelled,VARCHAR,20871,0
G8__48,byte,kept_string_labelled,VARCHAR,20871,0
G8__49,byte,kept_string_labelled,VARCHAR,20871,0
G8__50,byte,kept_string_labelled,VARCHAR,20871,0
G8__51,byte,kept_string_labelled,VARCHAR,20871,0
G8__52,byte,kept_string_labelled,VARCHAR,20871,0
G8__53,byte,kept_string_labelled,VARCHAR,20871,0
G8__54,byte,kept_string_labelled,VARCHAR,20871,0
G8__55,byte,kept_string_labelled,VARCHAR,20871,0
G8__56,byte,kept_string_labelled,VARCHAR,20871,0
G8__57,byte,kept_string_labelled,VARCHAR,20871,0
G8__58,byte,kept_string_labelled,VARCHAR,20871,0
G8__59,byte,kept_string_labelled,VARCHAR,20871,0
G8__60,byte,kept_string_labelled,VARCHAR,20871,0
G8__61,byte,kept_string_labelled,VARCHAR,20871,0
G8__62,byte,kept_string_labelled,VARCHAR,20871,0
G8__63,byte,kept_string_labelled,VARCHAR,20871,0
G8__64,byte,kept_string_labelled,VARCHAR,20871,0
G8__65,byte,kept_string_labelled,VARCHAR,20871,0
G8__66,byte,kept_string_labelled,VARCHAR,20871,0
G8__67,byte,kept_string_labelled,VARCHAR,20871,0
G8__68,byte,kept_string_labelled,VARCHAR,20871,0
G8__69,byte,kept_string_labelled,VARCHAR,20871,0
G8__70,byte,kept_string_labelled,VARCHAR,20871,0
G8__71,byte,kept_string_labelled,VARCHAR,20871,0
G8__72,byte,kept_string_labelled,VARCHAR,20871,0
G8__73,byte,kept_string_labelled,VARCHAR,20871,0
G8__74,byte,kept_string_labelled,VARCHAR,20871,0
G8__75,byte,kept_string_labelled,VARCHAR,20871,0
G8__76,byte,kept_string_labelled,VARCHAR,20871,0
G8__77,byte,kept_string_labelled,VARCHAR,20871,0
G8__78,byte,kept_string_labelled,VARCHAR,20871,0
G8__79,byte,kept_string_labelled,VARCHAR,20871,0
G8__80,byte,kept_string_labelled,VARCHAR,20871,0
G8__81,byte,kept_string_labelled,VARCHAR,20871,0
G8__82,byte,kept_string_labelled,VARCHAR,20871,0
G8__83,byte,kept_string_labelled,VARCHAR,20871,0
G8__84,byte,kept_string_labelled,VARCHAR,20871,0
G8__85,byte,kept_string_labelled,VARCHAR,20871,0
G8__86,byte,kept_string_labelled,VARCHAR,20871,0
G8__87,byte,kept_string_labelled,VARCHAR,20871,0
G8__88,byte,kept_string_labelled,VARCHAR,20871,0
G8__89,byte,kept_string_labelled,VARCHAR,20871,0
G8__90,byte,kept_string_labelled,VARCHAR,20871,0
G8__91,byte,kept_string_labelled,VARCHAR,20871,0
G8__92,byte,kept_string_labelled,VARCHAR,20871,0
G8__93,byte,kept_string_labelled,VARCHAR,20871,0
G8__94,byte,kept_string_labelled,VARCHAR,20871,0
G8__95,byte,kept_string_labelled,VARCHAR,20871,0
G8__96,byte,kept_string_labelled,VARCHAR,20871,0
G8__97,byte,kept_string_labelled,VARCHAR,20871,0
G8__98,byte,kept_string_labelled,VARCHAR,20871,0
G8__99,byte,kept_string_labelled,VARCHAR,20871,0
G8__100,byte,kept_string_labelled,VARCHAR,20871,0
G8__101,byte,kept_string_labelled,VARCHAR,20871,0
G8__102,byte,kept_string_labelled,VARCHAR,20871,0
G8__103,byte,kept_string_labelled,VARCHAR,20871,0
G8__104,byte,kept_string_labelled,VARCHAR,20871,0
G8__105,byte,kept_string_labelled,VARCHAR,20871,0
G8__106,byte,kept_string_labelled,VARCHAR,20871,0
G8__107,byte,kept_string_labelled,VARCHAR,20871,0
G8__108,byte,kept_string_labelled,VARCHAR,20871,0
G8__109,byte,kept_string_labelled,VARCHAR,20871,0
G8__110,byte,kept_string_labelled,VARCHAR,20871,0
G8__111,byte,kept_string_labelled,VARCHAR,20871,0
G8__112,byte,kept_string_labelled,VARCHAR,20871,0
G8__113,byte,kept_string_labelled,VARCHAR,20871,0
G8__114,byte,kept_string_labelled,VARCHAR,20871,0
G8__115,byte,kept_string_labelled,VARCHAR,20871,0
G8__116,byte,kept_string_labelled,VARCHAR,20871,0
G8__117,byte,kept_string_labelled,VARCHAR,20871,0
G8__118,byte,kept_string_labelled,VARCHAR,20871,0
G8__119,byte,kept_string_labelled,VARCHAR,20871,0
G8__120,byte,kept_string_labelled,VARCHAR,20871,0
G8__121,byte,kept_string_labelled,VARCHAR,20871,0
G8__122,byte,kept_string_labelled,VARCHAR,20871,0
G8__123,byte,kept_string_labelled,VARCHAR,20871,0
G8__124,byte,kept_string_labelled,VARCHAR,20871,0
G8__125,byte,kept_string_labelled,VARCHAR,20871,0
G8__126,byte,kept_string_labelled,VARCHAR,20871,0
G8__127,byte,kept_string_labelled,VARCHAR,20871,0
G8__128,byte,kept_string_labelled,VARCHAR,20871,0
G8__129,byte,kept_string_labelled,VARCHAR,20871,0
G8__130,byte,kept_string_labelled,VARCHAR,20871,0
G8__131,byte,kept_string_labelled,VARCHAR,20871,0
G8__132,byte,kept_string_labelled,VARCHAR,20871,0
G8__133,byte,kept_string_labelled,VARCHAR,20871,0
G8__134,byte,kept_string_labelled,VARCHAR,20871,0
G8__135,byte,kept_string_labelled,VARCHAR,20871,0
G8__136,byte,kept_string_labelled,VARCHAR,20871,0
G8__137,byte,kept_string_labelled,VARCHAR,20871,0
G8__138,byte,kept_string_labelled,VARCHAR,20871,0
G8__139,byte,kept_string_labelled,VARCHAR,20871,0
G8__140,byte,kept_string_labelled,VARCHAR,20871,0
G8__141,byte,kept_string_labelled,VARCHAR,20871,0
G8__142,byte,kept_string_labelled,VARCHAR,20871,0
G8__143,byte,kept_string_labelled,VARCHAR,20871,0
G8__144,byte,kept_string_labelled,VARCHAR,20871,0
G8__145,byte,kept_string_labelled,VARCHAR,20871,0
G8__146,byte,kept_string_labelled,VARCHAR,20871,0
G8__147,byte,kept_string_labelled,VARCHAR,20871,0
G8__148,byte,kept_string_labelled,VARCHAR,20871,0
G8__149,byte,kept_string_labelled,VARCHAR,20871,0
G8__150,byte,kept_string_labelled,VARCHAR,20871,0
G8__151,byte,kept_string_labelled,VARCHAR,20871,0
G8__152,byte,kept_string_labelled,VARCHAR,20871,0
G8__153,byte,kept_string_labelled,VARCHAR,20871,0
G8__154,byte,kept_string_labelled,VARCHAR,20871,0
G8__155,byte,kept_string_labelled,VARCHAR,20871,0
G8__156,byte,kept_string_labelled,VARCHAR,20871,0
G8__157,byte,kept_string_labelled,VARCHAR,20871,0
G8__158,byte,kept_string_labelled,VARCHAR,20871,0
G8__159,byte,kept_string_labelled,VARCHAR,20871,0
G8__160,byte,kept_string_labelled,VARCHAR,20871,0
G8__161,byte,kept_string_labelled,VARCHAR,20871,0
G8__162,byte,kept_string_labelled,VARCHAR,20871,0
G8__163,byte,kept_string_labelled,VARCHAR,20871,0
G8__164,byte,kept_string_labelled,VARCHAR,20871,0
G8__165,byte,kept_string_labelled,VARCHAR,20871,0
G8__166,byte,kept_string_labelled,VARCHAR,20871,0
G8__167,byte,kept_string_labelled,VARCHAR,20871,0
G8__168,byte,kept_string_labelled,VARCHAR,20871,0
G8__169,byte,kept_string_labelled,VARCHAR,20871,0
G8__170,byte,kept_string_labelled,VARCHAR,20871,0
G8__171,byte,kept_string_labelled,VARCHAR,20871,0
G8__172,byte,kept_string_labelled,VARCHAR,20871,0
G8__173,byte,kept_string_labelled,VARCHAR,20871,0
G8__174,byte,kept_string_labelled,VARCHAR,20871,0
G8__175,byte,kept_string_labelled,VARCHAR,20871,0
G8__176,byte,kept_string_labelled,VARCHAR,20871,0
G8__177,byte,kept_string_labelled,VARCHAR,20871,0
G8__178,byte,kept_string_labelled,VARCHAR,20871,0
G8__179,byte,kept_string_labelled,VARCHAR,20871,0
G8__180,byte,kept_string_labelled,VARCHAR,20871,0
G8__181,byte,kept_string_labelled,VARCHAR,20871,0
G8__182,byte,kept_string_labelled,VARCHAR,20871,0
G8__183,byte,kept_string_labelled,VARCHAR,20871,0
G8__184,byte,kept_string_labelled,VARCHAR,20871,0
G8__185,byte,kept_string_labelled,VARCHAR,20871,0
G8__186,byte,kept_string_labelled,VARCHAR,20871,0
G8__187,byte,kept_string_labelled,VARCHAR,20871,0
G8__188,byte,kept_string_labelled,VARCHAR,20871,0
G8__189,byte,kept_string_labelled,VARCHAR,20871,0
G8__190,byte,kept_string_labelled,VARCHAR,20871,0
G8__191,byte,kept_string_labelled,VARCHAR,20871,0
G8__192,byte,kept_string_labelled,VARCHAR,20871,0
G8__193,byte,kept_string_labelled,VARCHAR,20871,0
G8__194,byte,kept_string_labelled,VARCHAR,20871,0
G8_OtherCountry,str1,kept_string_text,VARCHAR,0,0
G9,double,kept_string_labelled,VARCHAR,19916,0
G10,byte,kept_string_labelled,VARCHAR,19916,0
G11,double,kept_string_labelled,VARCHAR,19917,0
G12,byte,kept_string_labelled,VARCHAR,19914,0
G12_Other,strL,kept_string_text,VARCHAR,0,0
H1,byte,kept_string_labelled,VARCHAR,5691,0
H2__1,byte,cast,TINYINT,5691,0
H2__2,byte,cast,TINYINT,5691,0
H2__3,byte,cast,TINYINT,5691,0
H2__4,byte,cast,TINYINT,5691,0
H2__5,byte,cast,TINYINT,5691,0
H2__6,byte,cast,TINYINT,5691,0
H2__7,byte,cast,TINYINT,5691,0
H2__8,byte,cast,TINYINT,5691,0
H2__9,byte,cast,TINYINT,18857,0
H2__96,byte,cast,TINYINT,7705,0
H2__98,byte,cast,TINYINT,5691,0
H2__99,byte,cast,TINYINT,5691,0
H2_Other_specify,strL,kept_string_text,VARCHAR,0,0
IsSectionAnsweredH1,byte,cast,TINYINT,1349,0
H3__0,byte,kept_string_labelled,VARCHAR,18776,0
H3__1,byte,kept_string_labelled,VARCHAR,20742,0
H3__2,byte,kept_string_labelled,VARCHAR,20857,0
H3__3,byte,kept_string_labelled,VARCHAR,20869,0
H3__4,byte,kept_string_labelled,VARCHAR,20871,0
H3__5,byte,kept_string_labelled,VARCHAR,20871,0
H3__6,byte,kept_string_labelled,VARCHAR,20871,0
H3__7,byte,kept_string_labelled,VARCHAR,20871,0
H3__8,byte,kept_string_labelled,VARCHAR,20871,0
H3__9,byte,kept_string_labelled,VARCHAR,20871,0
H3__10,byte,kept_string_labelled,VARCHAR,20871,0
H3__11,byte,kept_string_labelled,VARCHAR,20871,0
H3__12,byte,kept_string_labelled,VARCHAR,20871,0
H3__13,byte,kept_string_labelled,VARCHAR,20871,0
H3__14,byte,kept_string_labelled,VARCHAR,20871,0
H3__15,byte,kept_string_labelled,VARCHAR,20871,0
H3__16,byte,kept_string_labelled,VARCHAR,20871,0
H3__17,byte,kept_string_labelled,VARCHAR,20871,0
H3__18,byte,kept_string_labelled,VARCHAR,20871,0
H3__19,byte,kept_string_labelled,VARCHAR,20871,0
H3__20,byte,kept_string_labelled,VARCHAR,20871,0
H3__21,byte,kept_string_labelled,VARCHAR,20871,0
H3__22,byte,kept_string_labelled,VARCHAR,20871,0
H3__23,byte,kept_string_labelled,VARCHAR,20871,0
H3__24,byte,kept_string_labelled,VARCHAR,20871,0
H3__25,byte,kept_string_labelled,VARCHAR,20871,0
H3__26,byte,kept_string_labelled,VARCHAR,20871,0
H3__27,byte,kept_string_labelled,VARCHAR,20871,0
H3__28,byte,kept_string_labelled,VARCHAR,20871,0
H3__29,byte,kept_string_labelled,VARCHAR,20871,0
H3__30,byte,kept_string_labelled,VARCHAR,20871,0
H3__31,byte,kept_string_labelled,VARCHAR,20871,0
H3__32,byte,kept_string_labelled,VARCHAR,20871,0
H3__33,byte,kept_string_labelled,VARCHAR,20871,0
H3__34,byte,kept_string_labelled,VARCHAR,20871,0
H3__35,byte,kept_string_labelled,VARCHAR,20871,0
H3__36,byte,kept_string_labelled,VARCHAR,20871,0
H3__37,byte,kept_string_labelled,VARCHAR,20871,0
H3__38,byte,kept_string_labelled,VARCHAR,20871,0
H3__39,byte,kept_string_labelled,VARCHAR,20871,0
H3__40,byte,kept_string_labelled,VARCHAR,20871,0
H3__41,byte,kept_string_labelled,VARCHAR,20871,0
H3__42,byte,kept_string_labelled,VARCHAR,20871,0
H3__43,byte,kept_string_labelled,VARCHAR,20871,0
H3__44,byte,kept_string_labelled,VARCHAR,20871,0
H3__45,byte,kept_string_labelled,VARCHAR,20871,0
H3__46,byte,kept_string_labelled,VARCHAR,20871,0
H3__47,byte,kept_string_labelled,VARCHAR,20871,0
H3__48,byte,kept_string_labelled,VARCHAR,20871,0
H3__49,byte,kept_string_labelled,VARCHAR,20871,0
H3__50,byte,kept_string_labelled,VARCHAR,20871,0
H3__51,byte,kept_string_labelled,VARCHAR,20871,0
H3__52,byte,kept_string_labelled,VARCHAR,20871,0
H3__53,byte,kept_string_labelled,VARCHAR,20871,0
H4i,byte,kept_string_labelled,VARCHAR,18853,0
H4i_Other_specify,strL,kept_string_text,VARCHAR,0,0
H4ii,byte,kept_string_labelled,VARCHAR,20789,0
H4ii_Other_specify,strL,kept_string_text,VARCHAR,0,0
H5__1,byte,cast,TINYINT,15746,0
H5__2,byte,cast,TINYINT,15746,0
H5__3,byte,cast,TINYINT,15746,0
H5__4,byte,cast,TINYINT,15746,0
H5__5,byte,cast,TINYINT,15746,0
H5__6,byte,cast,TINYINT,15746,0
H5__7,byte,cast,TINYINT,15746,0
H5__8,byte,cast,TINYINT,15746,0
H5__9,byte,cast,TINYINT,15746,0
H5__10,byte,cast,TINYINT,15746,0
H5__11,byte,cast,TINYINT,15746,0
H5__12,byte,cast,TINYINT,15746,0
H5__13,byte,cast,TINYINT,15746,0
H5__14,byte,cast,TINYINT,15746,0
H5__15,byte,cast,TINYINT,15746,0
H5__16,byte,cast,TINYINT,15746,0
H5__17,byte,cast,TINYINT,15746,0
H5__18,byte,cast,TINYINT,15746,0
H5__19,byte,cast,TINYINT,15746,0
H5__20,byte,cast,TINYINT,15746,0
H5__21,byte,cast,TINYINT,15746,0
H5__22,byte,cast,TINYINT,15746,0
H5__23,byte,cast,TINYINT,15746,0
H5__24,byte,cast,TINYINT,15746,0
H5__25,byte,cast,TINYINT,15746,0
H5__26,byte,cast,TINYINT,15746,0
H5__27,byte,cast,TINYINT,15746,0
H5__28,byte,cast,TINYINT,15746,0
H5__29,byte,cast,TINYINT,15746,0
H5__30,byte,cast,TINYINT,15746,0
H5__31,byte,cast,TINYINT,15746,0
H5__32,byte,cast,TINYINT,15746,0
H5__33,byte,cast,TINYINT,15746,0
H5__34,byte,cast,TINYINT,15746,0
H5__35,byte,cast,TINYINT,15746,0
H5__36,byte,cast,TINYINT,15746,0
H5__37,byte,cast,TINYINT,15746,0
H5__38,byte,cast,TINYINT,15746,0
H5__39,byte,cast,TINYINT,15746,0
H5__40,byte,cast,TINYINT,15746,0
H5__41,byte,cast,TINYINT,15746,0
H5__42,byte,cast,TINYINT,15746,0
H5__43,byte,cast,TINYINT,15746,0
H5__44,byte,cast,TINYINT,15746,0
H5__45,byte,cast,TINYINT,15746,0
H5__46,byte,cast,TINYINT,15746,0
H5__47,byte,cast,TINYINT,15746,0
H5__48,byte,cast,TINYINT,15746,0
H5__49,byte,cast,TINYINT,15746,0
H5__50,byte,cast,TINYINT,15746,0
H5__51,byte,cast,TINYINT,15746,0
H5__52,byte,cast,TINYINT,15746,0
H5__98,byte,cast,TINYINT,15746,0
H5__99,byte,cast,TINYINT,15746,0
H6_1,byte,cast,TINYINT,20870,0
H7i_1,byte,kept_string_labelled,VARCHAR,20870,0
H7ii_1,byte,kept_string_labelled,VARCHAR,20870,0
H6_2,byte,cast,TINYINT,20732,0
H7i_2,byte,kept_string_labelled,VARCHAR,20732,0
H7ii_2,byte,kept_string_labelled,VARCHAR,20732,0
H6_3,byte,cast,TINYINT,20855,0
H7i_3,byte,kept_string_labelled,VARCHAR,20855,0
H7ii_3,byte,kept_string_labelled,VARCHAR,20855,0
H6_4,byte,cast,TINYINT,20864,0
H7i_4,byte,kept_string_labelled,VARCHAR,20864,0
H7ii_4,byte,kept_string_labelled,VARCHAR,20864,0
H6_5,byte,cast,TINYINT,20868,0
H7i_5,byte,kept_string_labelled,VARCHAR,20868,0
H7ii_5,byte,kept_string_labelled,VARCHAR,20868,0
H6_6,byte,cast,TINYINT,20870,0
H7i_6,byte,kept_string_labelled,VARCHAR,20870,0
H7ii_6,byte,kept_string_labelled,VARCHAR,20870,0
H6_7,byte,cast,TINYINT,20869,0
H7i_7,byte,kept_string_labelled,VARCHAR,20869,0
H7ii_7,byte,kept_string_labelled,VARCHAR,20869,0
H6_8,byte,cast,TINYINT,20866,0
H7i_8,byte,kept_string_labelled,VARCHAR,20866,0
H7ii_8,byte,kept_string_labelled,VARCHAR,20866,0
H6_9,byte,cast,TINYINT,19933,0
H7i_9,byte,kept_string_labelled,VARCHAR,19933,0
H7ii_9,byte,kept_string_labelled,VARCHAR,19934,0
H6_11,byte,cast,TINYINT,20870,0
H7i_11,byte,kept_string_labelled,VARCHAR,20870,0
H7ii_11,byte,kept_string_labelled,VARCHAR,20870,0
H6_12,byte,cast,TINYINT,20816,0
H7i_12,byte,kept_string_labelled,VARCHAR,20816,0
H7ii_12,byte,kept_string_labelled,VARCHAR,20816,0
H6_13,byte,cast,TINYINT,20870,0
H7i_13,byte,kept_string_labelled,VARCHAR,20870,0
H7ii_13,byte,kept_string_labelled,VARCHAR,20870,0
H6_14,byte,cast,TINYINT,20867,0
H7i_14,byte,kept_string_labelled,VARCHAR,20867,0
H7ii_14,byte,kept_string_labelled,VARCHAR,20867,0
H6_15,byte,cast,TINYINT,18525,0
H7i_15,byte,kept_string_labelled,VARCHAR,18525,0
H7ii_15,byte,kept_string_labelled,VARCHAR,18525,0
H6_16,byte,cast,TINYINT,20660,0
H7i_16,byte,kept_string_labelled,VARCHAR,20660,0
H7ii_16,byte,kept_string_labelled,VARCHAR,20660,0
H6_17,byte,cast,TINYINT,20868,0
H7i_17,byte,kept_string_labelled,VARCHAR,20868,0
H7ii_17,byte,kept_string_labelled,VARCHAR,20868,0
H6_19,byte,cast,TINYINT,20870,0
H7i_19,byte,kept_string_labelled,VARCHAR,20870,0
H7ii_19,byte,kept_string_labelled,VARCHAR,20870,0
H6_20,byte,cast,TINYINT,20856,0
H7i_20,byte,kept_string_labelled,VARCHAR,20856,0
H7ii_20,byte,kept_string_labelled,VARCHAR,20856,0
H6_21,byte,cast,TINYINT,20870,0
H7i_21,byte,kept_string_labelled,VARCHAR,20870,0
H7ii_21,byte,kept_string_labelled,VARCHAR,20870,0
H6_22,byte,cast,TINYINT,20866,0
H7i_22,byte,kept_string_labelled,VARCHAR,20866,0
H7ii_22,byte,kept_string_labelled,VARCHAR,20866,0
H6_23,byte,cast,TINYINT,20846,0
H7i_23,byte,kept_string_labelled,VARCHAR,20846,0
H7ii_23,byte,kept_string_labelled,VARCHAR,20846,0
H6_24,byte,cast,TINYINT,19254,0
H7i_24,byte,kept_string_labelled,VARCHAR,19254,0
H7ii_24,byte,kept_string_labelled,VARCHAR,19254,0
H6_25,byte,cast,TINYINT,20865,0
H7i_25,byte,kept_string_labelled,VARCHAR,20865,0
H7ii_25,byte,kept_string_labelled,VARCHAR,20865,0
H6_29,byte,cast,TINYINT,20778,0
H7i_29,byte,kept_string_labelled,VARCHAR,20778,0
H7ii_29,byte,kept_string_labelled,VARCHAR,20778,0
H6_30,byte,cast,TINYINT,20842,0
H7i_30,byte,kept_string_labelled,VARCHAR,20842,0
H7ii_30,byte,kept_string_labelled,VARCHAR,20842,0
H6_32,byte,cast,TINYINT,20867,0
H7i_32,byte,kept_string_labelled,VARCHAR,20867,0
H7ii_32,byte,kept_string_labelled,VARCHAR,20867,0
H6_33,byte,cast,TINYINT,20869,0
H7i_33,byte,kept_string_labelled,VARCHAR,20869,0
H7ii_33,byte,kept_string_labelled,VARCHAR,20869,0
H6_34,byte,cast,TINYINT,20841,0
H7i_34,byte,kept_string_labelled,VARCHAR,20841,0
H7ii_34,byte,kept_string_labelled,VARCHAR,20841,0
H6_36,byte,cast,TINYINT,20840,0
H7i_36,byte,kept_string_labelled,VARCHAR,20840,0
H7ii_36,byte,kept_string_labelled,VARCHAR,20840,0
H6_37,byte,cast,TINYINT,20839,0
H7i_37,byte,kept_string_labelled,VARCHAR,20839,0
H7ii_37,byte,kept_string_labelled,VARCHAR,20839,0
H6_39,byte,cast,TINYINT,20870,0
H7i_39,byte,kept_string_labelled,VARCHAR,20870,0
H7ii_39,byte,kept_string_labelled,VARCHAR,20870,0
H6_40,byte,cast,TINYINT,20869,0
H7i_40,byte,kept_string_labelled,VARCHAR,20869,0
H7ii_40,byte,kept_string_labelled,VARCHAR,20869,0
H6_43,byte,cast,TINYINT,20856,0
H7i_43,byte,kept_string_labelled,VARCHAR,20856,0
H7ii_43,byte,kept_string_labelled,VARCHAR,20856,0
H6_44,byte,cast,TINYINT,20820,0
H7i_44,byte,kept_string_labelled,VARCHAR,20820,0
H7ii_44,byte,kept_string_labelled,VARCHAR,20820,0
H6_45,byte,cast,TINYINT,20868,0
H7i_45,byte,kept_string_labelled,VARCHAR,20868,0
H7ii_45,byte,kept_string_labelled,VARCHAR,20868,0
H6_47,byte,cast,TINYINT,20864,0
H7i_47,byte,kept_string_labelled,VARCHAR,20864,0
H7ii_47,byte,kept_string_labelled,VARCHAR,20864,0
H6_49,byte,cast,TINYINT,20869,0
H7i_49,byte,kept_string_labelled,VARCHAR,20869,0
H7ii_49,byte,kept_string_labelled,VARCHAR,20869,0
H6_51,byte,cast,TINYINT,20870,0
H7i_51,byte,kept_string_labelled,VARCHAR,20870,0
H7ii_51,byte,kept_string_labelled,VARCHAR,20870,0
H8,byte,kept_string_labelled,VARCHAR,15719,0
H9,byte,kept_string_labelled,VARCHAR,15719,0
H10i__1,byte,cast,TINYINT,15719,0
H10i__2,byte,cast,TINYINT,15719,0
H10i__3,byte,cast,TINYINT,15719,0
H10i__4,byte,cast,TINYINT,15719,0
H10i__5,byte,cast,TINYINT,15719,0
H10i__7,byte,cast,TINYINT,15719,0
H10i__8,byte,cast,TINYINT,15719,0
H10i__9,byte,cast,TINYINT,15719,0
H10i__10,byte,cast,TINYINT,15719,0
H10i__11,byte,cast,TINYINT,15719,0
H10i__12,byte,cast,TINYINT,15719,0
H10i__13,byte,cast,TINYINT,15719,0
H10i__99,byte,cast,TINYINT,15719,0
H10i_OtherSpecify,strL,kept_string_text,VARCHAR,0,0
H10ii,byte,kept_string_labelled,VARCHAR,15719,0
H11_1,byte,kept_string_labelled,VARCHAR,15719,0
H11_2,byte,kept_string_labelled,VARCHAR,15719,0
H11_3,byte,kept_string_labelled,VARCHAR,15719,0
H11_4,byte,kept_string_labelled,VARCHAR,15719,0
H12__1,byte,cast,TINYINT,20774,0
H12__2,byte,cast,TINYINT,20774,0
H12__3,byte,cast,TINYINT,20774,0
H12__4,byte,cast,TINYINT,20774,0
H12__5,byte,cast,TINYINT,20774,0
H12__6,byte,cast,TINYINT,20774,0
H12__98,byte,cast,TINYINT,20774,0
H12__99,byte,cast,TINYINT,20774,0
H12_Other_specify,strL,kept_string_text,VARCHAR,0,0
H13,byte,kept_string_labelled,VARCHAR,15719,0
H14__1,byte,cast,TINYINT,20680,0
H14__2,byte,cast,TINYINT,20680,0
H14__3,byte,cast,TINYINT,20680,0
H14__4,byte,cast,TINYINT,20680,0
H14__5,byte,cast,TINYINT,20680,0
H14__6,byte,cast,TINYINT,20680,0
H14__7,byte,cast,TINYINT,20680,0
H14__96,byte,cast,TINYINT,20680,0
H14__98,byte,cast,TINYINT,20680,0
H14__99,byte,cast,TINYINT,20680,0
H14_Other_specify,str1,kept_string_text,VARCHAR,0,0
H15,byte,kept_string_labelled,VARCHAR,20680,0
H16_1,byte,kept_string_labelled,VARCHAR,15719,0
H16_2,byte,kept_string_labelled,VARCHAR,15719,0
H16_3,byte,kept_string_labelled,VARCHAR,15719,0
H16_4,byte,kept_string_labelled,VARCHAR,15719,0
H16_5,byte,kept_string_labelled,VARCHAR,15719,0
H16_6,byte,kept_string_labelled,VARCHAR,15719,0
I1a__0,byte,kept_string_labelled,VARCHAR,20848,0
I1a__1,byte,kept_string_labelled,VARCHAR,19205,0
I1a__2,int,kept_string_labelled,VARCHAR,19207,0
I1a__3,byte,kept_string_labelled,VARCHAR,19207,0
I1a__4,byte,kept_string_labelled,VARCHAR,19207,0
I1a__5,byte,kept_string_labelled,VARCHAR,19207,0
I1a__6,byte,kept_string_labelled,VARCHAR,19207,0
I1a__7,byte,kept_string_labelled,VARCHAR,19207,0
I1a__8,byte,kept_string_labelled,VARCHAR,19207,0
I1a__9,byte,kept_string_labelled,VARCHAR,19207,0
I1a__10,byte,kept_string_labelled,VARCHAR,19207,0
I1a__11,byte,kept_string_labelled,VARCHAR,19207,0
I1a__12,byte,kept_string_labelled,VARCHAR,19207,0
I1a__13,byte,kept_string_labelled,VARCHAR,19207,0
I1a__14,byte,kept_string_labelled,VARCHAR,19207,0
I1a__15,byte,kept_string_labelled,VARCHAR,19207,0
I1a__16,byte,kept_string_labelled,VARCHAR,19207,0
I1a__17,byte,kept_string_labelled,VARCHAR,19207,0
I1a__18,byte,kept_string_labelled,VARCHAR,19207,0
I1a__19,byte,kept_string_labelled,VARCHAR,19207,0
I1a__20,byte,kept_string_labelled,VARCHAR,19207,0
I1a__21,byte,kept_string_labelled,VARCHAR,19207,0
I1a__22,byte,kept_string_labelled,VARCHAR,19207,0
I1a__23,byte,kept_string_labelled,VARCHAR,19207,0
I1a__24,byte,kept_string_labelled,VARCHAR,19207,0
I1a__25,byte,kept_string_labelled,VARCHAR,19207,0
I1a__26,byte,kept_string_labelled,VARCHAR,19207,0
I1a__27,byte,kept_string_labelled,VARCHAR,19207,0
I1a__28,byte,kept_string_labelled,VARCHAR,19207,0
I1a__29,byte,kept_string_labelled,VARCHAR,19207,0
I1a__30,byte,kept_string_labelled,VARCHAR,19207,0
I1a__31,byte,kept_string_labelled,VARCHAR,19207,0
I1a__32,byte,kept_string_labelled,VARCHAR,19207,0
I1a__33,byte,kept_string_labelled,VARCHAR,19207,0
I1a__34,byte,kept_string_labelled,VARCHAR,19207,0
I1a__35,byte,kept_string_labelled,VARCHAR,19207,0
I1a__36,byte,kept_string_labelled,VARCHAR,19207,0
I1a__37,byte,kept_string_labelled,VARCHAR,19207,0
I1a__38,byte,kept_string_labelled,VARCHAR,19207,0
I1a__39,byte,kept_string_labelled,VARCHAR,19207,0
I1a__40,byte,kept_string_labelled,VARCHAR,19207,0
I1a__41,byte,kept_string_labelled,VARCHAR,19207,0
I1a__42,byte,kept_string_labelled,VARCHAR,19207,0
I1a__43,byte,kept_string_labelled,VARCHAR,19207,0
I1a__44,byte,kept_string_labelled,VARCHAR,19207,0
I1a__45,byte,kept_string_labelled,VARCHAR,19207,0
I1a__46,byte,kept_string_labelled,VARCHAR,19207,0
I1a__47,byte,kept_string_labelled,VARCHAR,19207,0
I1a__48,byte,kept_string_labelled,VARCHAR,19207,0
I1a__49,byte,kept_string_labelled,VARCHAR,19207,0
I1a__50,byte,kept_string_labelled,VARCHAR,19207,0
I1a__51,byte,kept_string_labelled,VARCHAR,19207,0
I1a__52,byte,kept_string_labelled,VARCHAR,19207,0
I1a__53,byte,kept_string_labelled,VARCHAR,19207,0
I1a__54,byte,kept_string_labelled,VARCHAR,19207,0
I1a__55,byte,kept_string_labelled,VARCHAR,19207,0
I1a__56,byte,kept_string_labelled,VARCHAR,19207,0
I1a__57,byte,kept_string_labelled,VARCHAR,19207,0
I1a__58,byte,kept_string_labelled,VARCHAR,19207,0
I1a__59,byte,kept_string_labelled,VARCHAR,19207,0
I1a__60,byte,kept_string_labelled,VARCHAR,19207,0
I1a__61,byte,kept_string_labelled,VARCHAR,19207,0
I1a__62,byte,kept_string_labelled,VARCHAR,19207,0
I1a__63,byte,kept_string_labelled,VARCHAR,19207,0
I1a__64,byte,kept_string_labelled,VARCHAR,19207,0
I1a__65,byte,kept_string_labelled,VARCHAR,19207,0
I1a__66,byte,kept_string_labelled,VARCHAR,19207,0
I1a__67,byte,kept_string_labelled,VARCHAR,19207,0
I1a__68,byte,kept_string_labelled,VARCHAR,19207,0
I1a__69,byte,kept_string_labelled,VARCHAR,19207,0
I1a__70,byte,kept_string_labelled,VARCHAR,19207,0
I1a__71,byte,kept_string_labelled,VARCHAR,19207,0
I1a__72,byte,kept_string_labelled,VARCHAR,20871,0
I1a__73,byte,kept_string_labelled,VARCHAR,19207,0
I1a__74,byte,kept_string_labelled,VARCHAR,19207,0
I1a__75,byte,kept_string_labelled,VARCHAR,19207,0
I1a__76,byte,kept_string_labelled,VARCHAR,19207,0
I1a__77,byte,kept_string_labelled,VARCHAR,19207,0
I1a__78,byte,kept_string_labelled,VARCHAR,19207,0
I1a__79,byte,kept_string_labelled,VARCHAR,19207,0
I1a__80,byte,kept_string_labelled,VARCHAR,19207,0
I1a__81,byte,kept_string_labelled,VARCHAR,19207,0
I1a__82,byte,kept_string_labelled,VARCHAR,19207,0
I1a__83,byte,kept_string_labelled,VARCHAR,19207,0
I1a__84,byte,kept_string_labelled,VARCHAR,19207,0
I1a__85,byte,kept_string_labelled,VARCHAR,19207,0
I1a__86,byte,kept_string_labelled,VARCHAR,19207,0
I1a__87,byte,kept_string_labelled,VARCHAR,19207,0
I1a__88,byte,kept_string_labelled,VARCHAR,19207,0
I1a__89,byte,kept_string_labelled,VARCHAR,19207,0
I1a__90,byte,kept_string_labelled,VARCHAR,19207,0
I1a__92,byte,cast,TINYINT,19207,0
I1a__93,byte,cast,TINYINT,20694,0
I1a__96,byte,cast,TINYINT,19384,0
I1a_Other_Specify,strL,kept_string_text,VARCHAR,0,0
I1b,byte,kept_string_labelled,VARCHAR,19191,0
I1b_Other_Specify,strL,kept_string_text,VARCHAR,0,0
I2i,byte,kept_string_labelled,VARCHAR,19090,0
I2ii,byte,kept_string_labelled,VARCHAR,19090,0
I2iii,byte,kept_string_labelled,VARCHAR,19090,0
I3_1,byte,kept_string_labelled,VARCHAR,19090,0
I3_2,byte,kept_string_labelled,VARCHAR,19090,0
I3_3,byte,kept_string_labelled,VARCHAR,19090,0
I3_4,byte,kept_string_labelled,VARCHAR,19090,0
I3_5,byte,kept_string_labelled,VARCHAR,19090,0
I4,byte,kept_string_labelled,VARCHAR,20842,0
I4_Other_Specify,str1,kept_string_text,VARCHAR,0,0
I5,byte,kept_string_labelled,VARCHAR,19090,0
I6__1,byte,cast,TINYINT,20736,0
I6__2,byte,cast,TINYINT,20736,0
I6__3,byte,cast,TINYINT,20736,0
I6__4,byte,cast,TINYINT,20736,0
I6__5,byte,cast,TINYINT,20736,0
I6__6,byte,cast,TINYINT,20736,0
I6__98,byte,cast,TINYINT,20736,0
I6__99,byte,cast,TINYINT,20736,0
I6_Other_Specify,str1,kept_string_text,VARCHAR,0,0
I7,byte,kept_string_labelled,VARCHAR,20736,0
I8_1,byte,kept_string_labelled,VARCHAR,19090,0
I8_2,byte,kept_string_labelled,VARCHAR,19090,0
I8_3,byte,kept_string_labelled,VARCHAR,19090,0
I8_4,byte,kept_string_labelled,VARCHAR,19090,0
I8_5,byte,kept_string_labelled,VARCHAR,19090,0
I8_6,byte,kept_string_labelled,VARCHAR,19090,0
IsSectionAnsweredSecI,byte,cast,TINYINT,90,0
J1__1,byte,cast,TINYINT,19907,0
J1__3,byte,cast,TINYINT,19907,0
J1__4,byte,cast,TINYINT,19907,0
J1__5,byte,cast,TINYINT,19907,0
J1__6,byte,cast,TINYINT,19907,0
J1__7,byte,cast,TINYINT,19907,0
J1__8,byte,cast,TINYINT,19907,0
J1__9,byte,cast,TINYINT,19907,0
J1__10,byte,cast,TINYINT,20688,0
J1__96,byte,cast,TINYINT,20090,0
J1__98,byte,cast,TINYINT,19907,0
J1__99,byte,cast,TINYINT,19907,0
J1_Other_Specify,strL,kept_string_text,VARCHAR,0,0
J2,byte,kept_string_labelled,VARCHAR,3428,0
J2_Others_Specify,strL,kept_string_text,VARCHAR,0,0
J3__0,int,kept_string_labelled,VARCHAR,18548,0
J3__1,int,kept_string_labelled,VARCHAR,20771,0
J3__2,int,kept_string_labelled,VARCHAR,20865,0
J3__3,byte,kept_string_labelled,VARCHAR,20870,0
J3__4,int,kept_string_labelled,VARCHAR,20709,0
J3__5,byte,kept_string_labelled,VARCHAR,20871,0
J3__6,byte,kept_string_labelled,VARCHAR,20871,0
J3__7,byte,kept_string_labelled,VARCHAR,20871,0
J3__8,byte,kept_string_labelled,VARCHAR,20871,0
J3__9,byte,kept_string_labelled,VARCHAR,20871,0
J3__10,byte,kept_string_labelled,VARCHAR,20870,0
J3__11,byte,kept_string_labelled,VARCHAR,20871,0
J3__12,byte,kept_string_labelled,VARCHAR,20871,0
J3__13,byte,kept_string_labelled,VARCHAR,20871,0
J3__14,byte,kept_string_labelled,VARCHAR,20871,0
J3__15,byte,kept_string_labelled,VARCHAR,20871,0
J3__16,byte,kept_string_labelled,VARCHAR,20871,0
J3__17,byte,kept_string_labelled,VARCHAR,20871,0
J3__18,byte,kept_string_labelled,VARCHAR,20871,0
J3__19,byte,kept_string_labelled,VARCHAR,20871,0
J3__20,byte,kept_string_labelled,VARCHAR,20871,0
J3__21,byte,kept_string_labelled,VARCHAR,20871,0
J3__22,byte,kept_string_labelled,VARCHAR,20871,0
J3__23,byte,kept_string_labelled,VARCHAR,20871,0
J3__24,byte,kept_string_labelled,VARCHAR,20871,0
J3__25,byte,kept_string_labelled,VARCHAR,20871,0
J3__26,byte,kept_string_labelled,VARCHAR,20871,0
J3__27,byte,kept_string_labelled,VARCHAR,20871,0
J3__28,byte,kept_string_labelled,VARCHAR,20871,0
J3__29,byte,kept_string_labelled,VARCHAR,20871,0
J3__30,byte,kept_string_labelled,VARCHAR,20871,0
J3__31,byte,kept_string_labelled,VARCHAR,20871,0
J3__32,byte,kept_string_labelled,VARCHAR,20871,0
J3__33,byte,kept_string_labelled,VARCHAR,20871,0
J3__34,byte,kept_string_labelled,VARCHAR,20871,0
J3__35,byte,kept_string_labelled,VARCHAR,20871,0
J3__36,byte,kept_string_labelled,VARCHAR,20871,0
J3__37,byte,kept_string_labelled,VARCHAR,20871,0
J3__38,byte,kept_string_labelled,VARCHAR,20871,0
J3__39,byte,kept_string_labelled,VARCHAR,20871,0
J3__40,byte,kept_string_labelled,VARCHAR,20871,0
J3__41,byte,kept_string_labelled,VARCHAR,20871,0
J3__42,byte,kept_string_labelled,VARCHAR,20871,0
J3__43,byte,kept_string_labelled,VARCHAR,20871,0
J3__44,byte,kept_string_labelled,VARCHAR,20871,0
J3__45,byte,kept_string_labelled,VARCHAR,20871,0
J3__46,byte,kept_string_labelled,VARCHAR,20871,0
J3__47,byte,kept_string_labelled,VARCHAR,20871,0
J3__48,byte,kept_string_labelled,VARCHAR,20871,0
J3__49,byte,kept_string_labelled,VARCHAR,20871,0
J3__50,byte,kept_string_labelled,VARCHAR,20871,0
J3__51,byte,kept_string_labelled,VARCHAR,20871,0
J3__52,byte,kept_string_labelled,VARCHAR,20871,0
J3__53,byte,kept_string_labelled,VARCHAR,20871,0
J3__54,byte,kept_string_labelled,VARCHAR,20871,0
J3__55,byte,kept_string_labelled,VARCHAR,20871,0
J3__56,byte,kept_string_labelled,VARCHAR,20871,0
J3__57,byte,kept_string_labelled,VARCHAR,20871,0
J3__58,byte,kept_string_labelled,VARCHAR,20871,0
J3__59,byte,kept_string_labelled,VARCHAR,20871,0
J3__60,byte,kept_string_labelled,VARCHAR,20871,0
J3__61,byte,kept_string_labelled,VARCHAR,20871,0
J3__62,byte,kept_string_labelled,VARCHAR,20871,0
J3__63,byte,kept_string_labelled,VARCHAR,20871,0
J3__64,byte,kept_string_labelled,VARCHAR,20871,0
J3__65,byte,kept_string_labelled,VARCHAR,20871,0
J3__66,byte,kept_string_labelled,VARCHAR,20871,0
J3__67,byte,kept_string_labelled,VARCHAR,20871,0
J3__68,byte,kept_string_labelled,VARCHAR,20871,0
J3__69,byte,kept_string_labelled,VARCHAR,20871,0
J3__70,byte,kept_string_labelled,VARCHAR,20871,0
J3__71,byte,kept_string_labelled,VARCHAR,20871,0
J3__72,byte,kept_string_labelled,VARCHAR,20871,0
J3__73,byte,kept_string_labelled,VARCHAR,20871,0
J3__74,byte,kept_string_labelled,VARCHAR,20871,0
J3__75,byte,kept_string_labelled,VARCHAR,20871,0
J3__76,byte,kept_string_labelled,VARCHAR,20871,0
J3__77,byte,kept_string_labelled,VARCHAR,20871,0
J3__78,byte,kept_string_labelled,VARCHAR,20871,0
J3__79,byte,kept_string_labelled,VARCHAR,20871,0
J3__80,byte,kept_string_labelled,VARCHAR,20871,0
J3__81,byte,kept_string_labelled,VARCHAR,20871,0
J3__82,byte,kept_string_labelled,VARCHAR,20871,0
J3__83,byte,kept_string_labelled,VARCHAR,20871,0
J3__84,byte,kept_string_labelled,VARCHAR,20871,0
J3__85,byte,kept_string_labelled,VARCHAR,20871,0
J3__86,byte,kept_string_labelled,VARCHAR,20871,0
J3__87,byte,kept_string_labelled,VARCHAR,20871,0
J3__88,byte,kept_string_labelled,VARCHAR,20871,0
J3__89,byte,kept_string_labelled,VARCHAR,20871,0
J3__90,byte,kept_string_labelled,VARCHAR,20871,0
J3__91,byte,kept_string_labelled,VARCHAR,20871,0
J3__92,byte,kept_string_labelled,VARCHAR,20871,0
J3__93,byte,kept_string_labelled,VARCHAR,20871,0
J3__94,byte,kept_string_labelled,VARCHAR,20871,0
J3__95,byte,kept_string_labelled,VARCHAR,20871,0
J3__96,byte,kept_string_labelled,VARCHAR,20871,0
J3__97,byte,kept_string_labelled,VARCHAR,20871,0
J3__98,byte,kept_string_labelled,VARCHAR,20871,0
J3__99,byte,kept_string_labelled,VARCHAR,20871,0
J3__100,byte,kept_string_labelled,VARCHAR,20871,0
J3__101,byte,kept_string_labelled,VARCHAR,20871,0
J3__102,byte,kept_string_labelled,VARCHAR,20871,0
J3__103,byte,kept_string_labelled,VARCHAR,20871,0
J3__104,byte,kept_string_labelled,VARCHAR,20871,0
J3__105,byte,kept_string_labelled,VARCHAR,20871,0
J3__106,byte,kept_string_labelled,VARCHAR,20871,0
J3__107,byte,kept_string_labelled,VARCHAR,20871,0
J3__108,byte,kept_string_labelled,VARCHAR,20871,0
J3__109,byte,kept_string_labelled,VARCHAR,20871,0
J3__110,byte,kept_string_labelled,VARCHAR,20871,0
J3__111,byte,kept_string_labelled,VARCHAR,20871,0
J3__112,byte,kept_string_labelled,VARCHAR,20871,0
J3__113,byte,kept_string_labelled,VARCHAR,20871,0
J3__114,byte,kept_string_labelled,VARCHAR,20871,0
J3__115,byte,kept_string_labelled,VARCHAR,20871,0
J3__116,byte,kept_string_labelled,VARCHAR,20871,0
J3__117,byte,kept_string_labelled,VARCHAR,20871,0
J3__118,byte,kept_string_labelled,VARCHAR,20871,0
J3__119,byte,kept_string_labelled,VARCHAR,20871,0
J3__120,byte,kept_string_labelled,VARCHAR,20871,0
J3__121,byte,kept_string_labelled,VARCHAR,20871,0
J3__122,byte,kept_string_labelled,VARCHAR,20871,0
J3__123,byte,kept_string_labelled,VARCHAR,20871,0
J3__124,byte,kept_string_labelled,VARCHAR,20871,0
J3__125,byte,kept_string_labelled,VARCHAR,20871,0
J3__126,byte,kept_string_labelled,VARCHAR,20871,0
J3__127,byte,kept_string_labelled,VARCHAR,20871,0
J3__128,byte,kept_string_labelled,VARCHAR,20871,0
J3__129,byte,kept_string_labelled,VARCHAR,20871,0
J3__130,byte,kept_string_labelled,VARCHAR,20871,0
J3__131,byte,kept_string_labelled,VARCHAR,20871,0
J3__132,byte,kept_string_labelled,VARCHAR,20871,0
J3__133,byte,kept_string_labelled,VARCHAR,20871,0
J3__134,byte,kept_string_labelled,VARCHAR,20871,0
J3__135,byte,kept_string_labelled,VARCHAR,20871,0
J3__136,byte,kept_string_labelled,VARCHAR,20871,0
J3__137,byte,kept_string_labelled,VARCHAR,20871,0
J3__138,byte,kept_string_labelled,VARCHAR,20871,0
J3__139,byte,kept_string_labelled,VARCHAR,20871,0
J3__140,byte,kept_string_labelled,VARCHAR,20871,0
J3__141,byte,kept_string_labelled,VARCHAR,20871,0
J3__142,byte,kept_string_labelled,VARCHAR,20871,0
J3__143,byte,kept_string_labelled,VARCHAR,20871,0
J3__144,byte,kept_string_labelled,VARCHAR,20871,0
J3__145,byte,kept_string_labelled,VARCHAR,20871,0
J3__146,byte,kept_string_labelled,VARCHAR,20871,0
J3__147,byte,kept_string_labelled,VARCHAR,20871,0
J3__148,byte,kept_string_labelled,VARCHAR,20871,0
J3__149,byte,kept_string_labelled,VARCHAR,20870,0
J3__150,byte,kept_string_labelled,VARCHAR,20871,0
J3__151,byte,kept_string_labelled,VARCHAR,20871,0
J3__152,byte,kept_string_labelled,VARCHAR,20871,0
J3__153,byte,kept_string_labelled,VARCHAR,20871,0
J3__154,byte,kept_string_labelled,VARCHAR,20871,0
J3__155,byte,kept_string_labelled,VARCHAR,20871,0
J3__156,byte,kept_string_labelled,VARCHAR,20871,0
J3__157,byte,kept_string_labelled,VARCHAR,20871,0
J3__158,byte,kept_string_labelled,VARCHAR,20871,0
J3__159,byte,kept_string_labelled,VARCHAR,20871,0
J3__160,byte,kept_string_labelled,VARCHAR,20871,0
J3__161,byte,kept_string_labelled,VARCHAR,20871,0
J3__162,byte,kept_string_labelled,VARCHAR,20871,0
J3__163,byte,kept_string_labelled,VARCHAR,20871,0
J3__164,byte,kept_string_labelled,VARCHAR,20871,0
J3__165,byte,kept_string_labelled,VARCHAR,20871,0
J3__166,byte,kept_string_labelled,VARCHAR,20871,0
J3__167,byte,kept_string_labelled,VARCHAR,20871,0
J3__168,byte,kept_string_labelled,VARCHAR,20871,0
J3__169,byte,kept_string_labelled,VARCHAR,20871,0
J3__170,byte,kept_string_labelled,VARCHAR,20871,0
J3__171,byte,kept_string_labelled,VARCHAR,20871,0
J3__172,byte,kept_string_labelled,VARCHAR,20871,0
J3__173,byte,kept_string_labelled,VARCHAR,20871,0
J3__174,byte,kept_string_labelled,VARCHAR,20871,0
J3__175,byte,kept_string_labelled,VARCHAR,20871,0
J3__176,byte,kept_string_labelled,VARCHAR,20871,0
J3__177,byte,kept_string_labelled,VARCHAR,20871,0
J3__178,byte,kept_string_labelled,VARCHAR,20871,0
J3__179,byte,kept_string_labelled,VARCHAR,20871,0
J3__180,byte,kept_string_labelled,VARCHAR,20871,0
J3__181,byte,kept_string_labelled,VARCHAR,20871,0
J3__182,byte,kept_string_labelled,VARCHAR,20871,0
J3__183,byte,kept_string_labelled,VARCHAR,20871,0
J3__184,byte,kept_string_labelled,VARCHAR,20871,0
J3__185,byte,kept_string_labelled,VARCHAR,20871,0
J3__186,byte,kept_string_labelled,VARCHAR,20870,0
J3__187,byte,kept_string_labelled,VARCHAR,20871,0
J3__188,byte,kept_string_labelled,VARCHAR,20871,0
J3__189,byte,kept_string_labelled,VARCHAR,20871,0
J3__190,byte,kept_string_labelled,VARCHAR,20871,0
J3__191,byte,kept_string_labelled,VARCHAR,20871,0
J3__192,byte,kept_string_labelled,VARCHAR,20871,0
J3__193,byte,kept_string_labelled,VARCHAR,20871,0
J3__194,byte,kept_string_labelled,VARCHAR,20871,0
J3__195,byte,kept_string_labelled,VARCHAR,20871,0
J3__196,byte,kept_string_labelled,VARCHAR,20871,0
J3__197,byte,kept_string_labelled,VARCHAR,20871,0
J3__198,byte,kept_string_labelled,VARCHAR,20871,0
J3__199,byte,kept_string_labelled,VARCHAR,20871,0
J3i,strL,kept_string_text,VARCHAR,0,0
J4,byte,kept_string_labelled,VARCHAR,18443,0
J5,byte,kept_string_labelled,VARCHAR,18443,0
J6__1,byte,cast,TINYINT,18443,0
J6__2,byte,cast,TINYINT,18443,0
J6__3,byte,cast,TINYINT,18443,0
J6__4,byte,cast,TINYINT,18443,0
J6__5,byte,cast,TINYINT,18443,0
J6__6,byte,cast,TINYINT,18443,0
J6__7,byte,cast,TINYINT,18443,0
J6__8,byte,cast,TINYINT,18443,0
J6__9,byte,cast,TINYINT,18443,0
J6__97,byte,cast,TINYINT,18443,0
J6__98,byte,cast,TINYINT,18443,0
J6__99,byte,cast,TINYINT,18443,0
J6_Other_specify,strL,kept_string_text,VARCHAR,0,0
J7_1,byte,kept_string_labelled,VARCHAR,18443,0
J7_2,byte,kept_string_labelled,VARCHAR,18443,0
J7_3,byte,kept_string_labelled,VARCHAR,18443,0
J7_4,byte,kept_string_labelled,VARCHAR,19005,0
J8,byte,kept_string_labelled,VARCHAR,20809,0
J8_Other_specify,strL,kept_string_text,VARCHAR,0,0
J9,byte,kept_string_labelled,VARCHAR,19005,0
J10__1,byte,cast,TINYINT,20770,0
J10__2,byte,cast,TINYINT,20770,0
J10__3,byte,cast,TINYINT,20770,0
J10__4,byte,cast,TINYINT,20770,0
J10__5,byte,cast,TINYINT,20770,0
J10__6,byte,cast,TINYINT,20770,0
J10__7,byte,cast,TINYINT,20770,0
J10__98,byte,cast,TINYINT,20770,0
J10__99,byte,cast,TINYINT,20770,0
J10_Other_Specify,str11,kept_string_text,VARCHAR,0,0
J11,byte,kept_string_labelled,VARCHAR,20770,0
J12_1,byte,kept_string_labelled,VARCHAR,18443,0
J12_2,byte,kept_string_labelled,VARCHAR,18443,0
J12_3,byte,kept_string_labelled,VARCHAR,18443,0
J12_4,byte,kept_string_labelled,VARCHAR,18443,0
J12_5,byte,kept_string_labelled,VARCHAR,18443,0
J12_6,byte,kept_string_labelled,VARCHAR,18443,0
IsSectionAnsweredSecJ,byte,cast,TINYINT,17,0
CountSecJ,byte,cast,TINYINT,17,0
K1,byte,kept_string_labelled,VARCHAR,16958,0
K2i__1,byte,cast,TINYINT,17433,0
K2i__2,byte,cast,TINYINT,17433,0
K2i__3,byte,cast,TINYINT,17433,0
K2i__4,byte,cast,TINYINT,17433,0
K2i__5,byte,cast,TINYINT,17433,0
K2i__6,byte,cast,TINYINT,17433,0
K2i__7,byte,cast,TINYINT,17433,0
K2i__8,byte,cast,TINYINT,17433,0
K2i__9,byte,cast,TINYINT,17433,0
K2i__98,byte,cast,TINYINT,17433,0
K2i__99,byte,cast,TINYINT,17433,0
K2i_Other,strL,kept_string_text,VARCHAR,0,0
K2ii__1,byte,cast,TINYINT,19835,0
K2ii__2,byte,cast,TINYINT,19835,0
K2ii__3,byte,cast,TINYINT,19835,0
K2ii__4,byte,cast,TINYINT,19835,0
K2ii__5,byte,cast,TINYINT,19835,0
K2ii__6,byte,cast,TINYINT,19835,0
K2ii__7,byte,cast,TINYINT,19835,0
K2ii__98,byte,cast,TINYINT,19835,0
K2ii__99,byte,cast,TINYINT,19835,0
K2ii_Other,strL,kept_string_text,VARCHAR,0,0
K3__1,byte,cast,TINYINT,4494,0
K3__2,byte,cast,TINYINT,4494,0
K3__3,byte,cast,TINYINT,4494,0
K3__4,byte,cast,TINYINT,4494,0
K3__5,byte,cast,TINYINT,18141,0
K3__96,byte,cast,TINYINT,7224,0
K3__98,byte,cast,TINYINT,4494,0
K3__99,byte,cast,TINYINT,4494,0
K3i,str7,kept_string_text,VARCHAR,0,0
K4,byte,cast,TINYINT,4494,0
K5,byte,kept_string_labelled,VARCHAR,4495,0
K5i,str1,kept_string_text,VARCHAR,0,0
K6,byte,kept_string_labelled,VARCHAR,4494,0
K9_1,byte,kept_string_labelled,VARCHAR,4494,0
K9_2,byte,kept_string_labelled,VARCHAR,4494,0
K9_3,byte,kept_string_labelled,VARCHAR,4494,0
K9_4,byte,kept_string_labelled,VARCHAR,4494,0
K9_5,byte,kept_string_labelled,VARCHAR,4494,0
K9_6,byte,kept_string_labelled,VARCHAR,4494,0
K10__1,byte,cast,TINYINT,19282,0
K10__2,byte,cast,TINYINT,19282,0
K10__3,byte,cast,TINYINT,19282,0
K10__4,byte,cast,TINYINT,19282,0
K10__5,byte,cast,TINYINT,19282,0
K10__6,byte,cast,TINYINT,20647,0
K10__96,byte,cast,TINYINT,19506,0
K10__98,byte,cast,TINYINT,19282,0
K10__99,byte,cast,TINYINT,19282,0
K10i,strL,kept_string_text,VARCHAR,0,0
K11,byte,kept_string_labelled,VARCHAR,4494,0
K12__1,byte,cast,TINYINT,19417,0
K12__2,byte,cast,TINYINT,19417,0
K12__3,byte,cast,TINYINT,19417,0
K12__4,byte,cast,TINYINT,19417,0
K12__5,byte,cast,TINYINT,19417,0
K12__6,byte,cast,TINYINT,20604,0
K12__96,byte,cast,TINYINT,19684,0
K12__98,byte,cast,TINYINT,19417,0
K12__99,byte,cast,TINYINT,19417,0
K12i,strL,kept_string_text,VARCHAR,0,0
K13,byte,kept_string_labelled,VARCHAR,19417,0
K14,byte,kept_string_labelled,VARCHAR,4494,0
K14_2,byte,kept_string_labelled,VARCHAR,4494,0
K14_3,byte,kept_string_labelled,VARCHAR,4494,0
K14_4,byte,kept_string_labelled,VARCHAR,4494,0
K14_5,byte,kept_string_labelled,VARCHAR,4494,0
K14_6,byte,kept_string_labelled,VARCHAR,4494,0
M1,byte,kept_string_labelled,VARCHAR,5536,0
M2i__1,byte,cast,TINYINT,7688,0
M2i__2,byte,cast,TINYINT,7688,0
M2i__3,byte,cast,TINYINT,7688,0
M2i__4,byte,cast,TINYINT,7688,0
M2i__5,byte,cast,TINYINT,7688,0
M2i__6,byte,cast,TINYINT,7688,0
M2i__7,byte,cast,TINYINT,7688,0
M2i__8,byte,cast,TINYINT,7688,0
M2i__96,byte,cast,TINYINT,7688,0
M2i__98,byte,cast,TINYINT,7688,0
M2i__99,byte,cast,TINYINT,7688,0
M2i_Other,strL,kept_string_text,VARCHAR,0,0
M2ii__1,byte,cast,TINYINT,18720,0
M2ii__2,byte,cast,TINYINT,18720,0
M2ii__3,byte,cast,TINYINT,18720,0
M2ii__4,byte,cast,TINYINT,18720,0
M2ii__5,byte,cast,TINYINT,18720,0
M2ii__6,byte,cast,TINYINT,18720,0
M2ii__7,byte,cast,TINYINT,18720,0
M2ii__8,byte,cast,TINYINT,18720,0
M2ii__9,byte,cast,TINYINT,18720,0
M2ii__10,byte,cast,TINYINT,18720,0
M2ii__11,byte,cast,TINYINT,0,0
M2ii__12,byte,cast,TINYINT,0,0
M2ii__13,byte,cast,TINYINT,0,0
M2ii__98,byte,cast,TINYINT,18720,0
M2ii__99,byte,cast,TINYINT,18720,0
M2ii_Other,strL,kept_string_text,VARCHAR,0,0
M3__1,byte,cast,TINYINT,15293,0
M3__2,byte,cast,TINYINT,15293,0
M3__3,byte,cast,TINYINT,15293,0
M3__4,byte,cast,TINYINT,15293,0
M3__5,byte,cast,TINYINT,15293,0
M3__6,byte,cast,TINYINT,15293,0
M3__7,byte,cast,TINYINT,15293,0
M3__8,byte,cast,TINYINT,15293,0
M3__9,byte,cast,TINYINT,15293,0
M3__10,byte,cast,TINYINT,0,0
M3__11,byte,cast,TINYINT,0,0
M3__96,byte,cast,TINYINT,15293,0
M3__98,byte,cast,TINYINT,15293,0
M3__99,byte,cast,TINYINT,15293,0
M3i,str17,kept_string_text,VARCHAR,0,0
M4,byte,kept_string_labelled,VARCHAR,15295,0
M4i,str11,kept_string_text,VARCHAR,0,0
M5,byte,kept_string_labelled,VARCHAR,15293,0
M6,byte,kept_string_labelled,VARCHAR,15293,0
M7_1,byte,kept_string_labelled,VARCHAR,15293,0
M7_2,byte,kept_string_labelled,VARCHAR,15293,0
M7_3,byte,kept_string_labelled,VARCHAR,15293,0
M7_6,byte,kept_string_labelled,VARCHAR,15293,0
M8__1,byte,cast,TINYINT,20825,0
M8__2,byte,cast,TINYINT,20825,0
M8__3,byte,cast,TINYINT,20825,0
M8__4,byte,cast,TINYINT,20825,0
M8__5,byte,cast,TINYINT,20825,0
M8__96,byte,cast,TINYINT,20825,0
M8__98,byte,cast,TINYINT,20825,0
M8__99,byte,cast,TINYINT,20825,0
M8i,strL,kept_string_text,VARCHAR,0,0
M9,byte,kept_string_labelled,VARCHAR,15373,0
M10__1,byte,cast,TINYINT,20794,0
M10__2,byte,cast,TINYINT,20794,0
M10__3,byte,cast,TINYINT,20794,0
M10__4,byte,cast,TINYINT,20794,0
M10__5,byte,cast,TINYINT,20794,0
M10__6,byte,cast,TINYINT,20794,0
M10__7,byte,cast,TINYINT,20794,0
M10__96,byte,cast,TINYINT,20794,0
M10__98,byte,cast,TINYINT,20794,0
M10__99,byte,cast,TINYINT,20794,0
M10i,str1,kept_string_text,VARCHAR,0,0
M11,byte,kept_string_labelled,VARCHAR,20794,0
M12_1,byte,kept_string_labelled,VARCHAR,15373,0
M12_2,byte,kept_string_labelled,VARCHAR,15373,0
M12_3,byte,kept_string_labelled,VARCHAR,15373,0
M12_4,byte,kept_string_labelled,VARCHAR,15373,0
M12_5,byte,kept_string_labelled,VARCHAR,15373,0
M12_6,byte,kept_string_labelled,VARCHAR,15373,0
N1,byte,kept_string_labelled,VARCHAR,6382,0
N2i__1,byte,cast,TINYINT,8616,0
N2i__2,byte,cast,TINYINT,8616,0
N2i__3,byte,cast,TINYINT,8616,0
N2i__4,byte,cast,TINYINT,8616,0
N2i__5,byte,cast,TINYINT,8616,0
N2i__6,byte,cast,TINYINT,8616,0
N2i__7,byte,cast,TINYINT,8616,0
N2i__8,byte,cast,TINYINT,0,0
N2i__9,byte,cast,TINYINT,0,0
N2i__10,byte,cast,TINYINT,0,0
N2i__11,byte,cast,TINYINT,0,0
N2i__12,byte,cast,TINYINT,0,0
N2i__98,byte,cast,TINYINT,8616,0
N2i__99,byte,cast,TINYINT,8616,0
N2i_Other_Specify,strL,kept_string_text,VARCHAR,0,0
N2ii__1,byte,cast,TINYINT,18638,0
N2ii__2,byte,cast,TINYINT,18638,0
N2ii__3,byte,cast,TINYINT,18638,0
N2ii__4,byte,cast,TINYINT,18638,0
N2ii__5,byte,cast,TINYINT,18638,0
N2ii__6,byte,cast,TINYINT,18638,0
N2ii__7,byte,cast,TINYINT,18638,0
N2ii__8,byte,cast,TINYINT,18638,0
N2ii__9,byte,cast,TINYINT,18638,0
N2ii__10,byte,cast,TINYINT,0,0
N2ii__11,byte,cast,TINYINT,0,0
N2ii__12,byte,cast,TINYINT,0,0
N2ii__13,byte,cast,TINYINT,0,0
N2ii__14,byte,cast,TINYINT,0,0
N2ii__98,byte,cast,TINYINT,18638,0
N2ii__99,byte,cast,TINYINT,18638,0
N2ii_Other_Specify,strL,kept_string_text,VARCHAR,0,0
IsSectionAnsweredN,byte,cast,TINYINT,19,0
CountN,byte,cast,TINYINT,19,0
N3,double,cast,DOUBLE,14522,0
N4__1,byte,cast,TINYINT,14522,0
N4__2,byte,cast,TINYINT,14522,0
N4__3,byte,cast,TINYINT,14522,0
N4__4,byte,cast,TINYINT,14522,0
N4__5,byte,cast,TINYINT,14522,0
N4__6,byte,cast,TINYINT,14522,0
N4__98,byte,cast,TINYINT,14522,0
N4__99,byte,cast,TINYINT,14522,0
N4i,strL,kept_string_text,VARCHAR,0,0
N5,byte,kept_string_labelled,VARCHAR,14532,0
N5i,strL,kept_string_text,VARCHAR,0,0
N6,byte,kept_string_labelled,VARCHAR,14523,0
N6i,strL,kept_string_text,VARCHAR,0,0
N7,byte,kept_string_labelled,VARCHAR,14524,0
N7i,strL,kept_string_text,VARCHAR,0,0
N8__1,byte,cast,TINYINT,14535,0
N8__2,byte,cast,TINYINT,14552,0
N8__3,byte,cast,TINYINT,14564,0
N8__4,byte,cast,TINYINT,14535,0
N8__5,byte,cast,TINYINT,14533,0
N8__6,byte,cast,TINYINT,14537,0
N8__7,byte,cast,TINYINT,14549,0
N8__8,byte,cast,TINYINT,14554,0
N8__9,byte,cast,TINYINT,14548,0
N8__10,byte,cast,TINYINT,14573,0
N9,byte,kept_string_labelled,VARCHAR,14523,0
N10__1,byte,cast,TINYINT,20594,0
N10__2,byte,cast,TINYINT,20594,0
N10__3,byte,cast,TINYINT,20594,0
N10__4,byte,cast,TINYINT,20594,0
N10__5,byte,cast,TINYINT,20594,0
N10__6,byte,cast,TINYINT,20594,0
N10__98,byte,cast,TINYINT,20594,0
N10__99,byte,cast,TINYINT,20594,0
N10i,strL,kept_string_text,VARCHAR,0,0
N11a,byte,kept_string_labelled,VARCHAR,14523,0
N11b__1,byte,cast,TINYINT,20451,0
N11b__2,byte,cast,TINYINT,20451,0
N11b__3,byte,cast,TINYINT,20451,0
N11b__4,byte,cast,TINYINT,20451,0
N11b__5,byte,cast,TINYINT,20451,0
N11b__98,byte,cast,TINYINT,20451,0
N11b__99,byte,cast,TINYINT,20451,0
N11bi,str1,kept_string_text,VARCHAR,0,0
N11c,byte,kept_string_labelled,VARCHAR,14523,0
N12a,byte,kept_string_labelled,VARCHAR,14523,0
N12b,byte,kept_string_labelled,VARCHAR,14523,0
N12c,byte,kept_string_labelled,VARCHAR,14523,0
N12d,byte,kept_string_labelled,VARCHAR,14523,0
N12e,byte,kept_string_labelled,VARCHAR,14523,0
N12f,byte,kept_string_labelled,VARCHAR,14523,0
N12_1a,byte,kept_string_labelled,VARCHAR,14523,0
N12_1b,byte,kept_string_labelled,VARCHAR,14523,0
N12_1c,byte,kept_string_labelled,VARCHAR,14523,0
N12_1d,byte,kept_string_labelled,VARCHAR,14523,0
N12_1e,byte,kept_string_labelled,VARCHAR,14523,0
N12_1f,byte,kept_string_labelled,VARCHAR,14523,0
N13,double,cast,DOUBLE,14523,0
N14,long,cast,INTEGER,14539,0
O1,byte,kept_string_labelled,VARCHAR,35,0
O2,byte,kept_string_labelled,VARCHAR,13007,0
O3__1,byte,cast,TINYINT,13007,0
O3__2,byte,cast,TINYINT,13007,0
O3__3,byte,cast,TINYINT,13007,0
O3__4,byte,cast,TINYINT,13007,0
O3__5,byte,cast,TINYINT,13007,0
O3__6,byte,cast,TINYINT,13007,0
O3__7,byte,cast,TINYINT,13007,0
O3__8,byte,cast,TINYINT,13007,0
O3__9,byte,cast,TINYINT,13007,0
O3__10,byte,cast,TINYINT,13007,0
O3__11,byte,cast,TINYINT,13007,0
O3__12,byte,cast,TINYINT,13007,0
O3__13,byte,cast,TINYINT,13007,0
O3__14,byte,cast,TINYINT,13007,0
O3__98,byte,cast,TINYINT,13007,0
O3__99,byte,cast,TINYINT,13007,0
O3i,str30,kept_string_text,VARCHAR,0,0
O4,byte,kept_string_labelled,VARCHAR,13007,0
O4i,str28,kept_string_text,VARCHAR,0,0
O5__1,byte,cast,TINYINT,13007,0
O5__2,byte,cast,TINYINT,13007,0
O5__3,byte,cast,TINYINT,13007,0
O5__4,byte,cast,TINYINT,13007,0
O5__5,byte,cast,TINYINT,13007,0
O5__6,byte,cast,TINYINT,13007,0
O5__7,byte,cast,TINYINT,13007,0
O5__8,byte,cast,TINYINT,13007,0
O5__9,byte,cast,TINYINT,13007,0
O5__10,byte,cast,TINYINT,13007,0
O5__11,byte,cast,TINYINT,13007,0
O5__12,byte,cast,TINYINT,13007,0
O5__13,byte,cast,TINYINT,13007,0
O5__14,byte,cast,TINYINT,13007,0
O5__15,byte,cast,TINYINT,13007,0
O5__16,byte,cast,TINYINT,0,0
O5__17,byte,cast,TINYINT,0,0
O5__18,byte,cast,TINYINT,0,0
O5__19,byte,cast,TINYINT,0,0
O5__20,byte,cast,TINYINT,0,0
O5__98,byte,cast,TINYINT,13007,0
O5__99,byte,cast,TINYINT,13007,0
O5i,strL,kept_string_text,VARCHAR,0,0
O6,byte,kept_string_labelled,VARCHAR,35,0
O7,byte,kept_string_labelled,VARCHAR,11621,0
O8,byte,kept_string_labelled,VARCHAR,11621,0
O8i,strL,kept_string_text,VARCHAR,0,0
IsSectionAnsweredO,byte,cast,TINYINT,35,0
CountO,byte,cast,TINYINT,35,0
P1i,byte,kept_string_labelled,VARCHAR,16923,0
P1a,byte,kept_string_labelled,VARCHAR,17630,0
P1b,byte,cast,TINYINT,17630,0
P1c,byte,cast,TINYINT,17631,0
P1_1__1,byte,cast,TINYINT,20168,0
P1_1__2,byte,cast,TINYINT,20168,0
P1_1__3,byte,cast,TINYINT,20168,0
P1_1__4,byte,cast,TINYINT,20168,0
P1_1__5,byte,cast,TINYINT,20168,0
P1_1__6,byte,cast,TINYINT,20168,0
P1_1__7,byte,cast,TINYINT,20168,0
P1_1__8,byte,cast,TINYINT,20168,0
P1_1__9,byte,cast,TINYINT,20168,0
P1_1__10,byte,cast,TINYINT,20168,0
P1_1__11,byte,cast,TINYINT,20168,0
P1_1__12,byte,cast,TINYINT,20168,0
P1_1__13,byte,cast,TINYINT,20168,0
P1_1i,strL,kept_string_text,VARCHAR,0,0
P1_2i,strL,kept_string_text,VARCHAR,0,0
P1_2ii,long,kept_string_labelled,VARCHAR,17636,0
P2i,int,kept_string_labelled,VARCHAR,17631,0
P2ii,byte,kept_string_labelled,VARCHAR,17633,0
P2iia,strL,kept_string_text,VARCHAR,0,0
P3,byte,kept_string_labelled,VARCHAR,17632,0
P4__1,byte,cast,TINYINT,17637,0
P4__2,byte,cast,TINYINT,17639,0
P4__3,byte,cast,TINYINT,17640,0
P4__4,byte,cast,TINYINT,17642,0
P4__5,byte,cast,TINYINT,17647,0
P4__6,byte,cast,TINYINT,17646,0
P5__1,byte,cast,TINYINT,17631,0
P5__2,byte,cast,TINYINT,17631,0
P5__3,byte,cast,TINYINT,17631,0
P5__4,byte,cast,TINYINT,17631,0
P5__5,byte,cast,TINYINT,17631,0
P5__6,byte,cast,TINYINT,17631,0
P5__7,byte,cast,TINYINT,17631,0
P5__8,byte,cast,TINYINT,17631,0
P5__9,byte,cast,TINYINT,17631,0
P5__10,byte,cast,TINYINT,17631,0
P5__11,byte,cast,TINYINT,17631,0
P5__12,byte,cast,TINYINT,17631,0
P5__13,byte,cast,TINYINT,17631,0
P5__14,byte,cast,TINYINT,0,0
P5__15,byte,cast,TINYINT,0,0
P5__16,byte,cast,TINYINT,0,0
P5__17,byte,cast,TINYINT,0,0
P5__18,byte,cast,TINYINT,0,0
P5__19,byte,cast,TINYINT,0,0
P5__20,byte,cast,TINYINT,0,0
P5__21,byte,cast,TINYINT,0,0
P5__22,byte,cast,TINYINT,0,0
P5__96,byte,cast,TINYINT,17631,0
P5__98,byte,cast,TINYINT,17631,0
P5__99,byte,cast,TINYINT,17631,0
P5i,strL,kept_string_text,VARCHAR,0,0
P5a__1,byte,cast,TINYINT,20561,0
P5a__2,byte,cast,TINYINT,20561,0
P5a__3,byte,cast,TINYINT,20561,0
P5a__4,byte,cast,TINYINT,20561,0
P5a__5,byte,cast,TINYINT,20561,0
P5a__6,byte,cast,TINYINT,20561,0
P5a__7,byte,cast,TINYINT,20561,0
P5a__8,byte,cast,TINYINT,20561,0
P6,byte,kept_string_labelled,VARCHAR,17631,0
P6_i,strL,kept_string_text,VARCHAR,0,0
P6i,byte,kept_string_labelled,VARCHAR,20537,0
P6i_i,strL,kept_string_text,VARCHAR,0,0
P6ii,byte,kept_string_labelled,VARCHAR,20436,0
P6iia,str7,kept_string_text,VARCHAR,0,0
P7a__1,byte,cast,TINYINT,17631,0
P7a__2,byte,cast,TINYINT,17631,0
P7a__3,byte,cast,TINYINT,17631,0
P7a__4,byte,cast,TINYINT,17631,0
P7a__5,byte,cast,TINYINT,17631,0
P7a__6,byte,cast,TINYINT,17631,0
P7a__7,byte,cast,TINYINT,17631,0
P7a__8,byte,cast,TINYINT,17631,0
P7a__9,byte,cast,TINYINT,17631,0
P7a__10,byte,cast,TINYINT,17631,0
P7a__11,byte,cast,TINYINT,17631,0
P7a__96,byte,cast,TINYINT,17631,0
P7ai,strL,kept_string_text,VARCHAR,0,0
P7b,byte,kept_string_labelled,VARCHAR,17631,0
P7bi,strL,kept_string_text,VARCHAR,0,0
P7i,byte,kept_string_labelled,VARCHAR,20786,0
P7ia,str15,kept_string_text,VARCHAR,0,0
P7ii,byte,kept_string_labelled,VARCHAR,20795,0
P8,byte,kept_string_labelled,VARCHAR,17636,0
P8i,str29,kept_string_text,VARCHAR,0,0
P9,byte,kept_string_labelled,VARCHAR,20828,0
P9i,str1,kept_string_text,VARCHAR,0,0
P10,byte,kept_string_labelled,VARCHAR,17631,0
P11__1,byte,cast,TINYINT,19721,0
P11__2,byte,cast,TINYINT,19721,0
P11__3,byte,cast,TINYINT,19721,0
P11__4,byte,cast,TINYINT,19721,0
P11__5,byte,cast,TINYINT,19721,0
P11__99,byte,cast,TINYINT,19721,0
P11a,str20,kept_string_text,VARCHAR,0,0
P12__1,byte,cast,TINYINT,17631,0
P12__2,byte,cast,TINYINT,17631,0
P12__3,byte,cast,TINYINT,17631,0
P12__4,byte,cast,TINYINT,17631,0
P12__5,byte,cast,TINYINT,17631,0
P12__6,byte,cast,TINYINT,17631,0
P12__7,byte,cast,TINYINT,17631,0
P12__8,byte,cast,TINYINT,17631,0
P13i,byte,kept_string_labelled,VARCHAR,17631,0
P13ii,byte,kept_string_labelled,VARCHAR,17631,0
P14i,byte,kept_string_labelled,VARCHAR,17631,0
P14ii,byte,kept_string_labelled,VARCHAR,17631,0
P15i__1,byte,cast,TINYINT,17631,0
P15i__2,byte,cast,TINYINT,17631,0
P15i__3,byte,cast,TINYINT,17631,0
P15i__4,byte,cast,TINYINT,17631,0
P15i__5,byte,cast,TINYINT,17631,0
P15i__6,byte,cast,TINYINT,17631,0
P15i__7,byte,cast,TINYINT,17631,0
P15i__8,byte,cast,TINYINT,17631,0
P15i__9,byte,cast,TINYINT,17631,0
P15i__10,byte,cast,TINYINT,17631,0
P15i__11,byte,cast,TINYINT,17631,0
P15i__12,byte,cast,TINYINT,17631,0
P15i__13,byte,cast,TINYINT,17631,0
P15i__14,byte,cast,TINYINT,17631,0
P15i__98,byte,cast,TINYINT,17631,0
P15i__99,byte,cast,TINYINT,17631,0
P15ia,str1,kept_string_text,VARCHAR,0,0
P15ii__1,byte,cast,TINYINT,17631,0
P15ii__2,byte,cast,TINYINT,17631,0
P15ii__3,byte,cast,TINYINT,17631,0
P15ii__4,byte,cast,TINYINT,17631,0
P15ii__5,byte,cast,TINYINT,17631,0
P15ii__6,byte,cast,TINYINT,17631,0
P15ii__7,byte,cast,TINYINT,17631,0
P15ii__8,byte,cast,TINYINT,17631,0
P15ii__9,byte,cast,TINYINT,17631,0
P15ii__10,byte,cast,TINYINT,17631,0
P15ii__11,byte,cast,TINYINT,17631,0
P15ii__12,byte,cast,TINYINT,17631,0
P15ii__13,byte,cast,TINYINT,17631,0
P15ii__14,byte,cast,TINYINT,17631,0
P15ii__98,byte,cast,TINYINT,17631,0
P15ii__99,byte,cast,TINYINT,17631,0
P15iia,str13,kept_string_text,VARCHAR,0,0
P16,byte,kept_string_labelled,VARCHAR,17631,0
P17,long,kept_string_labelled,VARCHAR,19496,0
P18,byte,kept_string_labelled,VARCHAR,17631,0
P19,long,kept_string_labelled,VARCHAR,20418,0
P20,byte,kept_string_labelled,VARCHAR,17631,0
P21__1,byte,cast,TINYINT,20232,0
P21__2,byte,cast,TINYINT,20232,0
P21__3,byte,cast,TINYINT,20232,0
P21__4,byte,cast,TINYINT,20232,0
P21__5,byte,cast,TINYINT,20232,0
P21__6,byte,cast,TINYINT,20232,0
P21__7,byte,cast,TINYINT,20232,0
P21__8,byte,cast,TINYINT,0,0
P21__9,byte,cast,TINYINT,0,0
P21__10,byte,cast,TINYINT,0,0
P21__11,byte,cast,TINYINT,0,0
P21__96,byte,cast,TINYINT,20232,0
P21__98,byte,cast,TINYINT,20232,0
P21__99,byte,cast,TINYINT,20232,0
P21i,strL,kept_string_text,VARCHAR,0,0
P22__1,byte,cast,TINYINT,19525,0
P22__2,byte,cast,TINYINT,19525,0
P22__3,byte,cast,TINYINT,19525,0
P22__4,byte,cast,TINYINT,19525,0
P22__5,byte,cast,TINYINT,19525,0
P22__6,byte,cast,TINYINT,19525,0
P22__7,byte,cast,TINYINT,19525,0
P22__8,byte,cast,TINYINT,19525,0
P22__10,byte,cast,TINYINT,0,0
P22__11,byte,cast,TINYINT,0,0
P22__12,byte,cast,TINYINT,0,0
P22__13,byte,cast,TINYINT,0,0
P22__14,byte,cast,TINYINT,0,0
P22__15,byte,cast,TINYINT,0,0
P22__16,byte,cast,TINYINT,0,0
P22__96,byte,cast,TINYINT,19525,0
P22__98,byte,cast,TINYINT,19525,0
P22__99,byte,cast,TINYINT,19525,0
P22i,strL,kept_string_text,VARCHAR,0,0
IsSectionAnsweredP,byte,cast,TINYINT,16923,0
CountP,byte,cast,TINYINT,16923,0
Q1,double,kept_string_labelled,VARCHAR,11115,0
Q1i,byte,kept_string_labelled,VARCHAR,11131,0
Q2__1,byte,cast,TINYINT,11096,0
Q2__2,byte,cast,TINYINT,11096,0
Q2__3,byte,cast,TINYINT,11096,0
Q2__4,byte,cast,TINYINT,11096,0
Q2__5,byte,cast,TINYINT,11096,0
Q2__6,byte,cast,TINYINT,11096,0
Q2__9,byte,cast,TINYINT,11096,0
Q2__98,byte,cast,TINYINT,11096,0
Q2__99,byte,cast,TINYINT,11096,0
Q6__1,byte,cast,TINYINT,11096,0
Q6__2,byte,cast,TINYINT,11096,0
Q6__3,byte,cast,TINYINT,11096,0
Q6__4,byte,cast,TINYINT,11096,0
Q6__5,byte,cast,TINYINT,11096,0
Q6__6,byte,cast,TINYINT,11096,0
Q6__7,byte,cast,TINYINT,11096,0
Q6__8,byte,cast,TINYINT,11096,0
Q6__9,byte,cast,TINYINT,11096,0
Q6__10,byte,cast,TINYINT,11096,0
Q6__11,byte,cast,TINYINT,11096,0
Q6__12,byte,cast,TINYINT,11096,0
Q6__13,byte,cast,TINYINT,11096,0
Q6__14,byte,cast,TINYINT,11096,0
Q6__15,byte,cast,TINYINT,11096,0
Q6__16,byte,cast,TINYINT,11096,0
Q6__17,byte,cast,TINYINT,11096,0
Q6__18,byte,cast,TINYINT,11096,0
Q6__19,byte,cast,TINYINT,11096,0
Q6__20,byte,cast,TINYINT,11096,0
Q6__21,byte,cast,TINYINT,11096,0
Q6__22,byte,cast,TINYINT,11096,0
Q6__23,byte,cast,TINYINT,11096,0
Q6__24,byte,cast,TINYINT,11096,0
Q6__25,byte,cast,TINYINT,11096,0
Q6__26,byte,cast,TINYINT,11096,0
Q6__27,byte,cast,TINYINT,11096,0
Q6__28,byte,cast,TINYINT,11096,0
Q6__29,byte,cast,TINYINT,11096,0
Q6__30,byte,cast,TINYINT,11096,0
Q6__31,byte,cast,TINYINT,11096,0
Q6__32,byte,cast,TINYINT,11096,0
Q6__33,byte,cast,TINYINT,11096,0
Q6__34,byte,cast,TINYINT,11096,0
Q6__35,byte,cast,TINYINT,11096,0
Q6__36,byte,cast,TINYINT,11096,0
Q6__37,byte,cast,TINYINT,11096,0
Q6__38,byte,cast,TINYINT,11096,0
Q6__39,byte,cast,TINYINT,11096,0
Q6__40,byte,cast,TINYINT,11096,0
Q6__41,byte,cast,TINYINT,11096,0
Q6__42,byte,cast,TINYINT,11096,0
Q6__43,byte,cast,TINYINT,11096,0
Q6__44,byte,cast,TINYINT,11096,0
Q6__45,byte,cast,TINYINT,11096,0
Q6__46,byte,cast,TINYINT,11096,0
Q6__47,byte,cast,TINYINT,11096,0
Q6__98,byte,cast,TINYINT,11096,0
Q6__99,byte,cast,TINYINT,11096,0
Q7a__1,byte,cast,TINYINT,11095,0
Q7a__2,byte,cast,TINYINT,11095,0
Q7a__3,byte,cast,TINYINT,11095,0
Q7a__4,byte,cast,TINYINT,11095,0
Q7a__5,byte,cast,TINYINT,11095,0
Q7a__6,byte,cast,TINYINT,11095,0
Q7a__7,byte,cast,TINYINT,11095,0
Q7a__8,byte,cast,TINYINT,11095,0
Q7a__9,byte,cast,TINYINT,11095,0
Q7a__10,byte,cast,TINYINT,11095,0
Q7a__11,byte,cast,TINYINT,11095,0
Q7a__12,byte,cast,TINYINT,11095,0
Q7a__13,byte,cast,TINYINT,11095,0
Q7a__14,byte,cast,TINYINT,11095,0
Q7a__15,byte,cast,TINYINT,11095,0
Q7a__16,byte,cast,TINYINT,11095,0
Q7a__17,byte,cast,TINYINT,11095,0
Q7a__18,byte,cast,TINYINT,11095,0
Q7a__19,byte,cast,TINYINT,11095,0
Q7a__20,byte,cast,TINYINT,11095,0
Q7a__21,byte,cast,TINYINT,11095,0
Q7a__22,byte,cast,TINYINT,11095,0
Q7a__23,byte,cast,TINYINT,11095,0
Q7a__24,byte,cast,TINYINT,11095,0
Q7a__25,byte,cast,TINYINT,11095,0
Q7a__26,byte,cast,TINYINT,11095,0
Q7a__27,byte,cast,TINYINT,11095,0
Q7a__28,byte,cast,TINYINT,11095,0
Q7a__29,byte,cast,TINYINT,11095,0
Q7a__30,byte,cast,TINYINT,11095,0
Q7a__31,byte,cast,TINYINT,11095,0
Q7a__32,byte,cast,TINYINT,11095,0
Q7a__33,byte,cast,TINYINT,11095,0
Q7a__34,byte,cast,TINYINT,11095,0
Q7a__35,byte,cast,TINYINT,11095,0
Q7a__36,byte,cast,TINYINT,11095,0
Q7a__37,byte,cast,TINYINT,11095,0
Q7a__38,byte,cast,TINYINT,11095,0
Q7a__39,byte,cast,TINYINT,11095,0
Q7a__40,byte,cast,TINYINT,11095,0
Q7a__41,byte,cast,TINYINT,11095,0
Q7a__42,byte,cast,TINYINT,11095,0
Q7a__43,byte,cast,TINYINT,11095,0
Q7a__44,byte,cast,TINYINT,11095,0
Q7a__45,byte,cast,TINYINT,0,0
Q7a__46,byte,cast,TINYINT,0,0
Q7a__47,byte,cast,TINYINT,0,0
Q7a__48,byte,cast,TINYINT,0,0
Q7a__49,byte,cast,TINYINT,0,0
Q7a__50,byte,cast,TINYINT,0,0
Q7a__51,byte,cast,TINYINT,0,0
Q7a__52,byte,cast,TINYINT,0,0
Q7a__53,byte,cast,TINYINT,0,0
Q7a__54,byte,cast,TINYINT,0,0
Q7a__55,byte,cast,TINYINT,0,0
Q7a__56,byte,cast,TINYINT,0,0
Q7a__57,byte,cast,TINYINT,0,0
Q7a__58,byte,cast,TINYINT,0,0
Q7a__59,byte,cast,TINYINT,0,0
Q7a__60,byte,cast,TINYINT,0,0
Q7a__61,byte,cast,TINYINT,0,0
Q7a__62,byte,cast,TINYINT,0,0
Q7a__63,byte,cast,TINYINT,0,0
Q7a__64,byte,cast,TINYINT,0,0
Q7a__65,byte,cast,TINYINT,0,0
Q7a__66,byte,cast,TINYINT,0,0
Q7a__67,byte,cast,TINYINT,0,0
Q7a__68,byte,cast,TINYINT,0,0
Q7a__69,byte,cast,TINYINT,0,0
Q7a__70,byte,cast,TINYINT,0,0
Q7a__71,byte,cast,TINYINT,0,0
Q7a__72,byte,cast,TINYINT,0,0
Q7a__73,byte,cast,TINYINT,0,0
Q7a__74,byte,cast,TINYINT,0,0
Q7a__75,byte,cast,TINYINT,0,0
Q7a__76,byte,cast,TINYINT,0,0
Q7a__77,byte,cast,TINYINT,0,0
Q7a__78,byte,cast,TINYINT,0,0
Q7a__79,byte,cast,TINYINT,0,0
Q7a__80,byte,cast,TINYINT,0,0
Q7a__81,byte,cast,TINYINT,0,0
Q7a__82,byte,cast,TINYINT,0,0
Q7a__83,byte,cast,TINYINT,0,0
Q7a__84,byte,cast,TINYINT,0,0
Q7a__85,byte,cast,TINYINT,0,0
Q7a__86,byte,cast,TINYINT,0,0
Q7a__87,byte,cast,TINYINT,0,0
Q7a__88,byte,cast,TINYINT,0,0
Q7a__89,byte,cast,TINYINT,0,0
Q7a__90,byte,cast,TINYINT,0,0
Q7a__91,byte,cast,TINYINT,0,0
Q7ai,strL,kept_string_text,VARCHAR,0,0
Q7b,byte,kept_string_labelled,VARCHAR,11098,0
Q8a__1,byte,cast,TINYINT,11098,0
Q8a__2,byte,cast,TINYINT,11098,0
Q8a__3,byte,cast,TINYINT,11098,0
Q8a__4,byte,cast,TINYINT,11098,0
Q8a__5,byte,cast,TINYINT,11098,0
Q8a__6,byte,cast,TINYINT,11098,0
Q8a__7,byte,cast,TINYINT,11098,0
Q8a__8,byte,cast,TINYINT,11098,0
Q8a__9,byte,cast,TINYINT,11098,0
Q8a__10,byte,cast,TINYINT,11098,0
Q8a__11,byte,cast,TINYINT,11098,0
Q8a__12,byte,cast,TINYINT,11098,0
Q8a__13,byte,cast,TINYINT,11098,0
Q8a__14,byte,cast,TINYINT,11098,0
Q8a__15,byte,cast,TINYINT,11098,0
Q8a__16,byte,cast,TINYINT,11098,0
Q8a__17,byte,cast,TINYINT,11098,0
Q8a__18,byte,cast,TINYINT,11098,0
Q8a__19,byte,cast,TINYINT,11098,0
Q8a__20,byte,cast,TINYINT,0,0
Q8a__21,byte,cast,TINYINT,0,0
Q8a__22,byte,cast,TINYINT,0,0
Q8a__23,byte,cast,TINYINT,0,0
Q8a__24,byte,cast,TINYINT,0,0
Q8a__25,byte,cast,TINYINT,0,0
Q8a__26,byte,cast,TINYINT,0,0
Q8a__27,byte,cast,TINYINT,0,0
Q8a__98,byte,cast,TINYINT,11098,0
Q8a__99,byte,cast,TINYINT,11098,0
Q8ai,strL,kept_string_text,VARCHAR,0,0
Q8b,byte,kept_string_labelled,VARCHAR,14584,0
Q8bi,strL,kept_string_text,VARCHAR,0,0
Q9,byte,kept_string_labelled,VARCHAR,11098,0
Q9i,strL,kept_string_text,VARCHAR,0,0
Q9a,byte,kept_string_labelled,VARCHAR,20637,0
Q9ai,strL,kept_string_text,VARCHAR,0,0
Q9b,byte,kept_string_labelled,VARCHAR,20507,0
Q9bi,strL,kept_string_text,VARCHAR,0,0
Q10,byte,kept_string_labelled,VARCHAR,11509,0
Q10i,str26,kept_string_text,VARCHAR,0,0
Q11,byte,kept_string_labelled,VARCHAR,11099,0
Q11i,strL,kept_string_text,VARCHAR,0,0
Q12,byte,kept_string_labelled,VARCHAR,11099,0
Q13,byte,kept_string_labelled,VARCHAR,11098,0
Q14,byte,kept_string_labelled,VARCHAR,11098,0
Q14i,strL,kept_string_text,VARCHAR,0,0
Q15a__1,byte,cast,TINYINT,11098,0
Q15a__2,byte,cast,TINYINT,11098,0
Q15a__3,byte,cast,TINYINT,11098,0
Q15a__4,byte,cast,TINYINT,11098,0
Q15a__5,byte,cast,TINYINT,11098,0
Q15a__6,byte,cast,TINYINT,11098,0
Q15a__7,byte,cast,TINYINT,11098,0
Q15a__8,byte,cast,TINYINT,11098,0
Q15a__9,byte,cast,TINYINT,11098,0
Q15a__10,byte,cast,TINYINT,11098,0
Q15a__11,byte,cast,TINYINT,11098,0
Q15a__12,byte,cast,TINYINT,11098,0
Q15a__13,byte,cast,TINYINT,11098,0
Q15a__14,byte,cast,TINYINT,11098,0
Q15a__98,byte,cast,TINYINT,11098,0
Q15a__99,byte,cast,TINYINT,11098,0
Q5i,strL,kept_string_text,VARCHAR,0,0
Q15b,byte,kept_string_labelled,VARCHAR,17253,0
Q15ai,str1,kept_string_text,VARCHAR,0,0
Q16__1,byte,cast,TINYINT,11110,0
Q16__2,byte,cast,TINYINT,11109,0
Q16__3,byte,cast,TINYINT,11119,0
Q16__4,byte,cast,TINYINT,11147,0
Q17,byte,kept_string_labelled,VARCHAR,20752,0
Q18,byte,kept_string_labelled,VARCHAR,20752,0
Q18i,str20,kept_string_text,VARCHAR,0,0
Q19,byte,kept_string_labelled,VARCHAR,11098,0
Q19a__1,byte,cast,TINYINT,20243,0
Q19a__2,byte,cast,TINYINT,20243,0
Q19a__3,byte,cast,TINYINT,20243,0
Q19a__4,byte,cast,TINYINT,20243,0
Q19a__5,byte,cast,TINYINT,20243,0
Q19a__6,byte,cast,TINYINT,0,0
Q19a__7,byte,cast,TINYINT,0,0
Q19a__8,byte,cast,TINYINT,0,0
Q19a__9,byte,cast,TINYINT,0,0
Q19a__10,byte,cast,TINYINT,0,0
Q19a__11,byte,cast,TINYINT,0,0
Q19a__12,byte,cast,TINYINT,0,0
Q19a__13,byte,cast,TINYINT,0,0
Q19a__14,byte,cast,TINYINT,0,0
Q19a__15,byte,cast,TINYINT,0,0
Q19a__16,byte,cast,TINYINT,0,0
Q19a__17,byte,cast,TINYINT,0,0
Q19a__18,byte,cast,TINYINT,0,0
Q19a__19,byte,cast,TINYINT,0,0
Q19a__20,byte,cast,TINYINT,0,0
Q19a__21,byte,cast,TINYINT,0,0
Q19a__22,byte,cast,TINYINT,0,0
Q19a__23,byte,cast,TINYINT,0,0
Q19a__24,byte,cast,TINYINT,0,0
Q19a__25,byte,cast,TINYINT,0,0
Q19a__26,byte,cast,TINYINT,0,0
Q19a__97,byte,cast,TINYINT,20243,0
Q19a__99,byte,cast,TINYINT,20243,0
Q19ai,str32,kept_string_text,VARCHAR,0,0
Q20,byte,kept_string_labelled,VARCHAR,11098,0
Q21,byte,kept_string_labelled,VARCHAR,11098,0
Q22,byte,kept_string_labelled,VARCHAR,11098,0
Q23__1,byte,cast,TINYINT,18276,0
Q23__2,byte,cast,TINYINT,18276,0
Q23__3,byte,cast,TINYINT,18276,0
Q23__4,byte,cast,TINYINT,18276,0
Q23__5,byte,cast,TINYINT,18276,0
Q23__6,byte,cast,TINYINT,18276,0
Q23__7,byte,cast,TINYINT,18276,0
Q23__8,byte,cast,TINYINT,0,0
Q23__9,byte,cast,TINYINT,0,0
Q23__10,byte,cast,TINYINT,0,0
Q23__11,byte,cast,TINYINT,0,0
Q23__12,byte,cast,TINYINT,0,0
Q23__13,byte,cast,TINYINT,0,0
Q23__14,byte,cast,TINYINT,0,0
Q23__15,byte,cast,TINYINT,0,0
Q23__16,byte,cast,TINYINT,0,0
Q23__96,byte,cast,TINYINT,18276,0
Q23__98,byte,cast,TINYINT,18276,0
Q23__99,byte,cast,TINYINT,18276,0
Q23i,strL,kept_string_text,VARCHAR,0,0
Q24__1,byte,cast,TINYINT,16754,0
Q24__2,byte,cast,TINYINT,16754,0
Q24__3,byte,cast,TINYINT,16754,0
Q24__4,byte,cast,TINYINT,16754,0
Q24__5,byte,cast,TINYINT,16754,0
Q24__6,byte,cast,TINYINT,16754,0
Q24__7,byte,cast,TINYINT,16754,0
Q24__8,byte,cast,TINYINT,16754,0
Q24__9,byte,cast,TINYINT,16754,0
Q24__10,byte,cast,TINYINT,0,0
Q24__11,byte,cast,TINYINT,0,0
Q24__12,byte,cast,TINYINT,0,0
Q24__13,byte,cast,TINYINT,0,0
Q24__14,byte,cast,TINYINT,0,0
Q24__15,byte,cast,TINYINT,0,0
Q24__16,byte,cast,TINYINT,0,0
Q24__17,byte,cast,TINYINT,0,0
Q24__18,byte,cast,TINYINT,0,0
Q24__96,byte,cast,TINYINT,16754,0
Q24__98,byte,cast,TINYINT,16754,0
Q24__99,byte,cast,TINYINT,16754,0
Q24i,strL,kept_string_text,VARCHAR,0,0
Q25,byte,kept_string_labelled,VARCHAR,11103,0
Q25i,strL,kept_string_text,VARCHAR,0,0
IsSectionAnsweredQ,byte,cast,TINYINT,11084,0
CountQ,byte,cast,TINYINT,11084,0
L1_1,byte,kept_string_labelled,VARCHAR,36,0
L1_2,byte,kept_string_labelled,VARCHAR,36,0
L1_3,byte,kept_string_labelled,VARCHAR,35,0
L1_4,byte,kept_string_labelled,VARCHAR,36,0
L1_5,byte,kept_string_labelled,VARCHAR,36,0
L2_1,byte,kept_string_labelled,VARCHAR,16602,0
L2i_1,str30,kept_string_text,VARCHAR,0,0
L3i_1,byte,kept_string_labelled,VARCHAR,19739,0
L3ii_1,byte,kept_string_labelled,VARCHAR,20605,0
L3ii_1i,str21,kept_string_text,VARCHAR,0,0
L2_2,byte,kept_string_labelled,VARCHAR,19477,0
L2i_2,str25,kept_string_text,VARCHAR,0,0
L3i_2,byte,kept_string_labelled,VARCHAR,20818,0
L3ii_2,byte,kept_string_labelled,VARCHAR,20741,0
L2_3,byte,kept_string_labelled,VARCHAR,17191,0
L2i_3,strL,kept_string_text,VARCHAR,0,0
L3i_3,byte,kept_string_labelled,VARCHAR,20863,0
L3ii_3,byte,kept_string_labelled,VARCHAR,20661,0
L2_4,byte,kept_string_labelled,VARCHAR,20320,0
L2i_4,str24,kept_string_text,VARCHAR,0,0
L3i_4,byte,kept_string_labelled,VARCHAR,20860,0
L3ii_4,byte,kept_string_labelled,VARCHAR,20816,0
L2_5,byte,kept_string_labelled,VARCHAR,20819,0
L2i_5,str1,kept_string_text,VARCHAR,0,0
L3i_5,byte,kept_string_labelled,VARCHAR,20868,0
L3ii_5,byte,kept_string_labelled,VARCHAR,20864,0
R1A,byte,kept_string_labelled,VARCHAR,42,0
R1B,byte,kept_string_labelled,VARCHAR,8830,0
R1Bi,strL,kept_string_text,VARCHAR,0,0
R1Ci__1,byte,cast,TINYINT,8830,0
R1Ci__2,byte,cast,TINYINT,8830,0
R1Ci__3,byte,cast,TINYINT,8830,0
R1Ci__4,byte,cast,TINYINT,8830,0
R1Ci__5,byte,cast,TINYINT,8830,0
R1Ci__6,byte,cast,TINYINT,8830,0
R1Ci__7,byte,cast,TINYINT,8830,0
R1Ci__8,byte,cast,TINYINT,8830,0
R1Ci__9,byte,cast,TINYINT,8830,0
R1Ci__24,byte,cast,TINYINT,8830,0
R1Ci__98,byte,cast,TINYINT,8830,0
R1Ci__99,byte,cast,TINYINT,8830,0
R1Cia,strL,kept_string_text,VARCHAR,0,0
R1Cii,byte,kept_string_labelled,VARCHAR,8830,0
R1Ciii,byte,kept_string_labelled,VARCHAR,18751,0
R1Ciiia,str30,kept_string_text,VARCHAR,0,0
R1Civ,byte,kept_string_labelled,VARCHAR,20591,0
R1Civa,str26,kept_string_text,VARCHAR,0,0
R1Ciia,strL,kept_string_text,VARCHAR,0,0
R1D,byte,kept_string_labelled,VARCHAR,8830,0
R1Di,strL,kept_string_text,VARCHAR,0,0
IsSectionAnsweredR1,byte,cast,TINYINT,35,0
CountR1,byte,cast,TINYINT,35,0
R2A__1,byte,cast,TINYINT,43,0
R2A__2,byte,cast,TINYINT,43,0
R2A__3,byte,cast,TINYINT,43,0
R2A__4,byte,cast,TINYINT,43,0
R2A__5,byte,cast,TINYINT,43,0
R2A__6,byte,cast,TINYINT,43,0
R2A__7,byte,cast,TINYINT,43,0
R2A__8,byte,cast,TINYINT,43,0
R2A__9,byte,cast,TINYINT,43,0
R2A__10,byte,cast,TINYINT,43,0
R2A__11,byte,cast,TINYINT,43,0
R2A__12,byte,cast,TINYINT,43,0
R2B,byte,kept_string_labelled,VARCHAR,11785,0
R2C__1,byte,cast,TINYINT,11785,0
R2C__2,byte,cast,TINYINT,11785,0
R2C__3,byte,cast,TINYINT,11785,0
R2C__4,byte,cast,TINYINT,11785,0
R2C__5,byte,cast,TINYINT,11785,0
R2C__6,byte,cast,TINYINT,11785,0
R2C__7,byte,cast,TINYINT,11785,0
R2C__8,byte,cast,TINYINT,11785,0
R2C__9,byte,cast,TINYINT,11785,0
R2C__10,byte,cast,TINYINT,11785,0
R2C__11,byte,cast,TINYINT,11785,0
R2C__12,byte,cast,TINYINT,11785,0
R2C__13,byte,cast,TINYINT,20837,0
R2C__14,byte,cast,TINYINT,20867,0
R2C__15,byte,cast,TINYINT,20857,0
R2C__16,byte,cast,TINYINT,20854,0
R2Ci,strL,kept_string_text,VARCHAR,0,0
R2D,byte,kept_string_labelled,VARCHAR,11785,0
R2Da,strL,kept_string_text,VARCHAR,0,0
R2Di,byte,kept_string_labelled,VARCHAR,20214,0
R2Dia,str20,kept_string_text,VARCHAR,0,0
R2Dii,byte,kept_string_labelled,VARCHAR,20389,0
R2Diia,str16,kept_string_text,VARCHAR,0,0
R2Diii,byte,kept_string_labelled,VARCHAR,19184,0
R2Diiia,strL,kept_string_text,VARCHAR,0,0
R2E,byte,kept_string_labelled,VARCHAR,11838,0
R2Ei,str26,kept_string_text,VARCHAR,0,0
R2F,byte,kept_string_labelled,VARCHAR,17612,0
R2Fi,str30,kept_string_text,VARCHAR,0,0
IsSectionAnsweredR2,byte,cast,TINYINT,43,0
CountR2,byte,cast,TINYINT,43,0
R3A,byte,kept_string_labelled,VARCHAR,43,0
R3B,byte,kept_string_labelled,VARCHAR,9282,0
R3Bi,strL,kept_string_text,VARCHAR,0,0
R3C__1,byte,cast,TINYINT,9278,0
R3C__2,byte,cast,TINYINT,9278,0
R3C__3,byte,cast,TINYINT,9278,0
R3C__4,byte,cast,TINYINT,9278,0
R3C__5,byte,cast,TINYINT,9278,0
R3C__6,byte,cast,TINYINT,9278,0
R3C__7,byte,cast,TINYINT,9278,0
R3C__8,byte,cast,TINYINT,9278,0
R3C__9,byte,cast,TINYINT,9278,0
R3C__10,byte,cast,TINYINT,0,0
R3C__11,byte,cast,TINYINT,0,0
R3C__12,byte,cast,TINYINT,0,0
R3C__98,byte,cast,TINYINT,9278,0
R3C__99,byte,cast,TINYINT,9278,0
R3Ci,strL,kept_string_text,VARCHAR,0,0
R3D,byte,kept_string_labelled,VARCHAR,9278,0
R3Da,strL,kept_string_text,VARCHAR,0,0
R3Di,byte,kept_string_labelled,VARCHAR,20315,0
R3Dia,strL,kept_string_text,VARCHAR,0,0
R3Dii,byte,kept_string_labelled,VARCHAR,18430,0
R3Diia,strL,kept_string_text,VARCHAR,0,0
R3E,byte,kept_string_labelled,VARCHAR,9334,0
R3Ei,strL,kept_string_text,VARCHAR,0,0
R3F,byte,kept_string_labelled,VARCHAR,9286,0
R3G,byte,kept_string_labelled,VARCHAR,12390,0
R3GI,strL,kept_string_text,VARCHAR,0,0
IsSectionAnsweredR3,byte,cast,TINYINT,43,0
CountR3,byte,cast,TINYINT,43,0
S1,byte,kept_string_labelled,VARCHAR,44,0
S2__1,byte,cast,TINYINT,1785,0
S2__2,byte,cast,TINYINT,1808,0
S2__3,byte,cast,TINYINT,1817,0
S2__99,byte,cast,TINYINT,9201,0
S3,byte,kept_string_labelled,VARCHAR,44,0
S3i,strL,kept_string_text,VARCHAR,0,0
S4,byte,kept_string_labelled,VARCHAR,8486,0
S4_Other_Specify,strL,kept_string_text,VARCHAR,0,0
S5__1,byte,cast,TINYINT,9696,0
S5__2,byte,cast,TINYINT,9696,0
S5__3,byte,cast,TINYINT,9696,0
S5__4,byte,cast,TINYINT,9696,0
S6,byte,kept_string_labelled,VARCHAR,1804,0
S7_1,byte,kept_string_labelled,VARCHAR,240,0
S7_2,byte,kept_string_labelled,VARCHAR,240,0
S7_3,byte,kept_string_labelled,VARCHAR,240,0
S7_4,byte,kept_string_labelled,VARCHAR,240,0
S7_5,byte,kept_string_labelled,VARCHAR,240,0
S8,byte,kept_string_labelled,VARCHAR,240,0
IsSectionAnsweredS,byte,cast,TINYINT,43,0
CountS,byte,cast,TINYINT,43,0
T1,byte,kept_string_labelled,VARCHAR,66,0
T1_Other_Specify,strL,kept_string_text,VARCHAR,0,0
T2,byte,kept_string_labelled,VARCHAR,45,0
T2_Other_Specify,strL,kept_string_text,VARCHAR,0,0
T3,byte,kept_string_labelled,VARCHAR,45,0
T3i,str27,kept_string_text,VARCHAR,0,0
T4,byte,kept_string_labelled,VARCHAR,45,0
IsSectionAnsweredSeCT,byte,cast,TINYINT,45,0
U1,byte,kept_string_labelled,VARCHAR,26,0
U2,byte,kept_string_labelled,VARCHAR,16662,0
U2_Other_Specify,strL,kept_string_text,VARCHAR,0,0
U3,byte,kept_string_labelled,VARCHAR,27,0
U4,byte,kept_string_labelled,VARCHAR,27,0
U4_Other_specify,str1,kept_string_text,VARCHAR,0,0
U5,byte,cast,TINYINT,28,0
U6,int,cast,SMALLINT,29,0
U7,byte,kept_string_labelled,VARCHAR,29,0
U7_1,byte,kept_string_labelled,VARCHAR,15218,0
U8,byte,kept_string_labelled,VARCHAR,29,0
U9,byte,kept_string_labelled,VARCHAR,30,0
U10,byte,kept_string_labelled,VARCHAR,31,0
U11,byte,kept_string_labelled,VARCHAR,33,0
U12,byte,kept_string_labelled,VARCHAR,4789,0
U12i,strL,kept_string_text,VARCHAR,0,0
U12a__1,byte,cast,TINYINT,4785,0
U12a__2,byte,cast,TINYINT,4785,0
U12a__3,byte,cast,TINYINT,4785,0
U12a__4,byte,cast,TINYINT,4785,0
U12a__98,byte,cast,TINYINT,4785,0
U12a__99,byte,cast,TINYINT,4785,0
U12ai,strL,kept_string_text,VARCHAR,0,0
U12b,byte,kept_string_labelled,VARCHAR,16534,0
U13,byte,kept_string_labelled,VARCHAR,29,0
U14a,byte,kept_string_labelled,VARCHAR,30,0
U14b,byte,kept_string_labelled,VARCHAR,32,0
U15,byte,kept_string_labelled,VARCHAR,32,0
U16__1,byte,cast,TINYINT,65,0
U16__2,byte,cast,TINYINT,98,0
U16__3,byte,cast,TINYINT,148,0
U16__4,byte,cast,TINYINT,144,0
U16__5,byte,cast,TINYINT,124,0
U16__6,byte,cast,TINYINT,99,0
U16__7,byte,cast,TINYINT,142,0
U16__8,byte,cast,TINYINT,146,0
U16__9,byte,cast,TINYINT,121,0
U16__10,byte,cast,TINYINT,146,0
U16__11,byte,cast,TINYINT,167,0
U16__12,byte,cast,TINYINT,134,0
U16__13,byte,cast,TINYINT,131,0
U16__14,byte,cast,TINYINT,169,0
U16__15,byte,cast,TINYINT,144,0
U16__16,byte,cast,TINYINT,146,0
U16__17,byte,cast,TINYINT,145,0
U16__18,byte,cast,TINYINT,188,0
U16__19,byte,cast,TINYINT,164,0
U17_1,byte,cast,TINYINT,17372,0
U17_2,byte,cast,TINYINT,17372,0
U17_3,int,cast,SMALLINT,17372,0
U17_4,int,cast,SMALLINT,17372,0
U17_5,int,cast,SMALLINT,17372,0
U18_1,byte,kept_string_labelled,VARCHAR,31,0
U18_2,byte,kept_string_labelled,VARCHAR,31,0
U18_3,byte,kept_string_labelled,VARCHAR,31,0
U18_4,byte,kept_string_labelled,VARCHAR,30,0
U18_5,byte,kept_string_labelled,VARCHAR,30,0
U19,byte,kept_string_labelled,VARCHAR,29,0
U19i,byte,kept_string_labelled,VARCHAR,16246,0
U19a,byte,kept_string_labelled,VARCHAR,29,0
U19b__1,byte,cast,TINYINT,15646,0
U19b__2,byte,cast,TINYINT,15646,0
U19b__3,byte,cast,TINYINT,15646,0
U19b__4,byte,cast,TINYINT,15646,0
U19b__5,byte,cast,TINYINT,15646,0
U19b__6,byte,cast,TINYINT,15646,0
U19b__7,byte,cast,TINYINT,15646,0
U19b__8,byte,cast,TINYINT,15646,0
U19b__9,byte,cast,TINYINT,15646,0
U19b__10,byte,cast,TINYINT,15646,0
U19b__11,byte,cast,TINYINT,15646,0
U19b__12,byte,cast,TINYINT,15646,0
U19b__13,byte,cast,TINYINT,15646,0
U19b__14,byte,cast,TINYINT,15646,0
U19b__96,byte,cast,TINYINT,15646,0
U19i_OtherSpecify,strL,kept_string_text,VARCHAR,0,0
U19bi,strL,kept_string_text,VARCHAR,0,0
U20c_OtherSpecify,strL,kept_string_text,VARCHAR,0,0
U21i,strL,kept_string_text,VARCHAR,0,0
U20,byte,kept_string_labelled,VARCHAR,15645,0
U20a,byte,kept_string_labelled,VARCHAR,15645,0
U20b,byte,kept_string_labelled,VARCHAR,15645,0
U20c,byte,kept_string_labelled,VARCHAR,15645,0
U20ci,str1,kept_string_text,VARCHAR,0,0
U20i,strL,kept_string_text,VARCHAR,0,0
U21__1,byte,cast,TINYINT,17743,0
U21__2,byte,cast,TINYINT,17743,0
U21__3,byte,cast,TINYINT,17743,0
U21__4,byte,cast,TINYINT,17743,0
U21__5,byte,cast,TINYINT,17743,0
U21__6,byte,cast,TINYINT,17743,0
U21__7,byte,cast,TINYINT,17743,0
U21__9,byte,cast,TINYINT,17743,0
U21__10,byte,cast,TINYINT,17743,0
U21__11,byte,cast,TINYINT,17743,0
U21__12,byte,cast,TINYINT,17743,0
U21__13,byte,cast,TINYINT,17743,0
U21__14,byte,cast,TINYINT,17743,0
U21__15,byte,cast,TINYINT,17743,0
U21__16,byte,cast,TINYINT,20746,0
U21__17,byte,cast,TINYINT,20808,0
U21__96,byte,cast,TINYINT,17791,0
U21__97,byte,cast,TINYINT,17790,0
U22__1,byte,cast,TINYINT,31,0
U22__2,byte,cast,TINYINT,31,0
U22__3,byte,cast,TINYINT,31,0
U23,double,cast,DOUBLE,174,0
U24_1,double,cast,DOUBLE,250,0
U24_1Automation,long,cast,INTEGER,250,0
U24_2,int,cast,SMALLINT,2969,0
U24_2Automation,int,cast,SMALLINT,2969,0
U24_3,double,cast,DOUBLE,10691,0
U24_3Automation,double,cast,DOUBLE,10691,0
U24_4,double,cast,DOUBLE,15054,0
U24_5,long,cast,INTEGER,9834,0
U24_6,double,cast,DOUBLE,6508,0
U24_6Automation,double,cast,DOUBLE,6508,0
U24_7,long,cast,INTEGER,7298,0
U24_7Automation,double,cast,DOUBLE,7298,0
U24_8,int,cast,SMALLINT,15560,0
U24_9,long,cast,INTEGER,13959,0
U24_9Automation,double,cast,DOUBLE,13959,0
CalcExpenditure,double,cast,DOUBLE,154,0
Expenditure_check,byte,cast,TINYINT,20448,0
IsSectionAnsweredU,byte,cast,TINYINT,0,0
EndofInt_Time,str18,kept_string_text,VARCHAR,0,0
filt,byte,cast,TINYINT,0,0
indWeight,double,cast,DOUBLE,0,0
livelihoodcat,byte,kept_string_labelled,VARCHAR,0,0
Quintiles,byte,kept_string_labelled,VARCHAR,36,0
Education,byte,kept_string_labelled,VARCHAR,0,0
Marital,byte,kept_string_labelled,VARCHAR,0,0
ID_card,byte,kept_string_labelled,VARCHAR,0,0
hhWeight,double,cast,DOUBLE,0,0
All_Insurance_excluding_NHIF,byte,kept_string_labelled,VARCHAR,0,0
All_Insurance_including_NHIF,byte,kept_string_labelled,VARCHAR,0,0
All_Insurance_and_Pension,byte,kept_string_labelled,VARCHAR,0,0
NHIF,byte,kept_string_labelled,VARCHAR,0,0
NSSF,byte,kept_string_labelled,VARCHAR,0,0
Pension_usage,byte,kept_string_labelled,VARCHAR,0,0
Pension_Usage_without_NSSF,byte,kept_string_labelled,VARCHAR,0,0
Mobile_bank_usage,byte,kept_string_labelled,VARCHAR,0,0
Non_microfinance_bank_usage,byte,kept_string_labelled,VARCHAR,0,0
Microfinance_usage,byte,kept_string_labelled,VARCHAR,0,0
Sacco_usage,byte,kept_string_labelled,VARCHAR,0,0
Digital_currencies_assets_usage,byte,kept_string_labelled,VARCHAR,0,0
Investment_usage,byte,kept_string_labelled,VARCHAR,0,0
Informal_group_membership,int,cast,SMALLINT,0,0
Informal_group_usage,byte,kept_string_labelled,VARCHAR,0,0
Digital_credit_usage,byte,kept_string_labelled,VARCHAR,0,0
Digital_credit_2,byte,kept_string_labelled,VARCHAR,0,0
Post_bank_usage,byte,kept_string_labelled,VARCHAR,0,0
Formal_non_prudential,byte,kept_string_labelled,VARCHAR,0,0
Informal_usage,byte,kept_string_labelled,VARCHAR,0,0
Savings_usage,byte,kept_string_labelled,VARCHAR,0,0
Savings_formal,byte,kept_string_labelled,VARCHAR,0,0
Savings_informal,byte,kept_string_labelled,VARCHAR,0,0
Savings_excluded,byte,kept_string_labelled,VARCHAR,0,0
Loan_usage,byte,kept_string_labelled,VARCHAR,0,0
Loan_formal,byte,kept_string_labelled,VARCHAR,0,0
Loan_informal,byte,kept_string_labelled,VARCHAR,0,0
Loan_formal_2,byte,kept_string_labelled,VARCHAR,0,0
HHid,double,cast,DOUBLE,0,0
Above16_Total,byte,cast,TINYINT,0,0
Above16,byte,cast,TINYINT,0,0
Loan_mbanking_2,byte,kept_string_labelled,VARCHAR,0,0
loan_fuliza_2,byte,kept_string_labelled,VARCHAR,0,0
loan_app_2,byte,kept_string_labelled,VARCHAR,0,0
loan_hustler_fund,byte,kept_string_labelled,VARCHAR,0,0
tot_savings,byte,kept_string_labelled,VARCHAR,0,0
defaulted,byte,kept_string_labelled,VARCHAR,0,0
mobile,byte,kept_string_labelled,VARCHAR,0,0
digital_acc,byte,kept_string_labelled,VARCHAR,0,0
formal_digital_sav,byte,kept_string_labelled,VARCHAR,0,0
formal_non_digital_sav,byte,kept_string_labelled,VARCHAR,0,0
formal_digital_loan,byte,kept_string_labelled,VARCHAR,0,0
formal_non_digital_loan,byte,kept_string_labelled,VARCHAR,0,0
tot_formal_digit_loan_sav,byte,kept_string_labelled,VARCHAR,0,0
tot_formal_non_digit_loan_sav,byte,kept_string_labelled,VARCHAR,0,0
formal_service_use,byte,kept_string_labelled,VARCHAR,0,0
formal_fullservice_use,byte,kept_string_labelled,VARCHAR,0,0
digital_store,byte,kept_string_labelled,VARCHAR,0,0
mobile_money_access,byte,kept_string_labelled,VARCHAR,0,0
mobile_money_access_2,byte,kept_string_labelled,VARCHAR,0,0
bank_usage,byte,kept_string_labelled,VARCHAR,0,0
bank_usage1,byte,kept_string_labelled,VARCHAR,0,0
bank_usage3,byte,kept_string_labelled,VARCHAR,0,0
bank_usage2,byte,kept_string_labelled,VARCHAR,0,0
B3BNew1,byte,cast,TINYINT,0,0
PDTS_Usage,byte,kept_string_labelled,VARCHAR,0,0
Other_Sacco_USage,byte,kept_string_labelled,VARCHAR,0,0
Regulated_Saccos,byte,kept_string_labelled,VARCHAR,0,0
Non_Regulated_Saccos,byte,kept_string_labelled,VARCHAR,0,0
Access_Strand,byte,kept_string_labelled,VARCHAR,0,0
MFI_App_Dig,byte,kept_string_labelled,VARCHAR,0,0
MFI_Formal_Non,byte,kept_string_labelled,VARCHAR,0,0
formal_prudential_MFIs,byte,kept_string_labelled,VARCHAR,0,0
formal_registered_MFIs,byte,kept_string_labelled,VARCHAR,0,0
informal_MFIs_accessstrand,byte,kept_string_labelled,VARCHAR,0,0
Informal_MFIs,byte,kept_string_labelled,VARCHAR,0,0
Formal_MFIs,byte,kept_string_labelled,VARCHAR,0,0
Digital_MFIs,byte,kept_string_labelled,VARCHAR,0,0
Non_Digital_MFIs,byte,kept_string_labelled,VARCHAR,0,0
formal_prudential_fnl,byte,kept_string_labelled,VARCHAR,0,0
formal_non_prudential_A,byte,kept_string_labelled,VARCHAR,0,0
formal_registered_1,byte,kept_string_labelled,VARCHAR,0,0
formal_registered_fnl,byte,kept_string_labelled,VARCHAR,0,0
formal_access_fnl,byte,kept_string_labelled,VARCHAR,0,0
formal_other_fnl,byte,kept_string_labelled,VARCHAR,0,0
Informal_usage_1,byte,kept_string_labelled,VARCHAR,0,0
Access_fnl,byte,kept_string_labelled,VARCHAR,0,0
Access_fnl_1,byte,cast,TINYINT,0,0
mfhi_12,byte,cast,TINYINT,0,0
mfhi_11,byte,kept_string_labelled,VARCHAR,0,0
mfhi_13,byte,kept_string_labelled,VARCHAR,0,0
mfhi_21,byte,kept_string_labelled,VARCHAR,0,0
mfhi_22,byte,kept_string_labelled,VARCHAR,0,0
mfhi_23,byte,kept_string_labelled,VARCHAR,0,0
mfhi_31,byte,kept_string_labelled,VARCHAR,0,0
mfhi_32,byte,kept_string_labelled,VARCHAR,0,0
mfhi_32_1,byte,kept_string_labelled,VARCHAR,0,0
mfhi_33,byte,kept_string_labelled,VARCHAR,0,0
Investment_usage_fnl,byte,kept_string_labelled,VARCHAR,0,0
finhealth_fnl,byte,kept_string_labelled,VARCHAR,0,0
Overall_Access_fnl,byte,kept_string_labelled,VARCHAR,0,0
Pension_including_NSSF,byte,kept_string_labelled,VARCHAR,0,0
Pension_excluding_NSSF,byte,kept_string_labelled,VARCHAR,0,0
Microfinance_usage_fnl,byte,kept_string_labelled,VARCHAR,0,0
traditional_mfi,byte,kept_string_labelled,VARCHAR,0,0
mobile_money_access_primary,byte,kept_string_labelled,VARCHAR,0,0
mobile_money_access1,byte,kept_string_labelled,VARCHAR,0,0
bank_usage_overall,byte,kept_string_labelled,VARCHAR,0,0
Traditional_bank,byte,kept_string_labelled,VARCHAR,0,0
Commercial_bank,byte,kept_string_labelled,VARCHAR,0,0
barriers_mmoney,byte,kept_string_labelled,VARCHAR,0,0
barriers_mobile_money,byte,kept_string_labelled,VARCHAR,0,0
barriers_mobile_bank,byte,kept_string_labelled,VARCHAR,0,0
barriers_credit,byte,kept_string_labelled,VARCHAR,0,0
barriers_pension_fnl,byte,kept_string_labelled,VARCHAR,0,0
Insurance_excluding_NHIF_fnl,byte,kept_string_labelled,VARCHAR,0,0
Insurance_including_NHIF_fnl,byte,kept_string_labelled,VARCHAR,0,0
All_Insurance_and_Pension_fnl,byte,kept_string_labelled,VARCHAR,0,0
Loan_usage_fnl,byte,kept_string_labelled,VARCHAR,0,0
Mobile_banking_loan,byte,kept_string_labelled,VARCHAR,0,0
Fuliza_loan,byte,kept_string_labelled,VARCHAR,0,0
digital_app_loan,byte,kept_string_labelled,VARCHAR,0,0
hustler_fund_loan,byte,kept_string_labelled,VARCHAR,0,0
mobile_ownership_1,byte,kept_string_labelled,VARCHAR,0,0
mobile_ownership_2,byte,kept_string_labelled,VARCHAR,0,0
formal_service_usage,byte,kept_string_labelled,VARCHAR,0,0
Digital_credit_usage_fnl,byte,kept_string_labelled,VARCHAR,0,0
digital_acc_fnl,byte,kept_string_labelled,VARCHAR,0,0
formal_digital_loan_fnl,byte,kept_string_labelled,VARCHAR,0,0
formal_non_digital_loan_fnl,byte,kept_string_labelled,VARCHAR,0,0
tot_formal_digit_loan_sav_fnl,byte,kept_string_labelled,VARCHAR,0,0
tot_formal_nondigit_loan_sav_fnl,byte,kept_string_labelled,VARCHAR,0,0
overlap,byte,kept_string_labelled,VARCHAR,0,0
mobile_bank_use,byte,kept_string_labelled,VARCHAR,7,0
NHIF_use,byte,kept_string_labelled,VARCHAR,19,0
NSSF_use,byte,kept_string_labelled,VARCHAR,21,0
pension_use,byte,kept_string_labelled,VARCHAR,21,0
pension_use_excl_NSSF,byte,kept_string_labelled,VARCHAR,21,0
bank_use,byte,kept_string_labelled,VARCHAR,7,0
commercial_bank_use,byte,kept_string_labelled,VARCHAR,9,0
mobile_money_use,byte,kept_string_labelled,VARCHAR,6,0
digital_app_loan_fnl,byte,kept_string_labelled,VARCHAR,15,0
sacco_use,byte,kept_string_labelled,VARCHAR,10,0
chama_use,byte,kept_string_labelled,VARCHAR,10,0
fuliza,byte,kept_string_labelled,VARCHAR,14,0
hustler_fund,byte,kept_string_labelled,VARCHAR,16,0
MFIs_use,byte,kept_string_labelled,VARCHAR,13,0
overall_climate_investment,byte,kept_string_labelled,VARCHAR,0,0
experienced_shock,byte,kept_string_labelled,VARCHAR,0,0
vul_index_fnl,byte,kept_string_labelled,VARCHAR,0,0
manage_day2day,byte,kept_string_labelled,VARCHAR,0,0
risk_cope,byte,kept_string_labelled,VARCHAR,0,0
invest_score,byte,kept_string_labelled,VARCHAR,0,0
nfhi_11,byte,kept_string_labelled,VARCHAR,0,0
paid_housing,byte,kept_string_labelled,VARCHAR,0,0
paid_energy,byte,kept_string_labelled,VARCHAR,0,0
paid_water,byte,kept_string_labelled,VARCHAR,0,0
paid_transport,byte,kept_string_labelled,VARCHAR,0,0
nfhi_12,byte,kept_string_labelled,VARCHAR,0,0
nfhi_13,byte,kept_string_labelled,VARCHAR,0,0
accessto_13k_1month,byte,kept_string_labelled,VARCHAR,0,0
not_difficult,byte,kept_string_labelled,VARCHAR,0,0
nfhi_21,byte,kept_string_labelled,VARCHAR,0,0
physical_cap,byte,kept_string_labelled,VARCHAR,0,0
financial_cap,byte,kept_string_labelled,VARCHAR,0,0
human_cap,byte,kept_string_labelled,VARCHAR,0,0
nfhi_31,byte,kept_string_labelled,VARCHAR,0,0
managingday2day_score,double,cast,DOUBLE,0,0
copewithrisk_score,double,cast,DOUBLE,0,0
investinfuture_score,double,cast,DOUBLE,0,0
new_fh_score,double,cast,DOUBLE,0,0
nfh_categories,byte,kept_string_labelled,VARCHAR,0,0
dailyneeds_perception,byte,kept_string_labelled,VARCHAR,0,0
managedebt_perception,byte,kept_string_labelled,VARCHAR,0,0
goals_perception,byte,kept_string_labelled,VARCHAR,0,0
financial_status,byte,kept_string_labelled,VARCHAR,0,0
interest_rate,byte,kept_string_labelled,VARCHAR,0,0
inflation_rate,byte,kept_string_labelled,VARCHAR,0,0
risk_diversification,byte,kept_string_labelled,VARCHAR,0,0
fl_score,byte,kept_string_labelled,VARCHAR,0,0
Financial_literacy_index_fnl,byte,kept_string_labelled,VARCHAR,0,0
transaction_cost,byte,kept_string_labelled,VARCHAR,0,0
Classification_A_Liquidity,byte,kept_string_labelled,VARCHAR,8869,0
Classification_A_Resilience,byte,kept_string_labelled,VARCHAR,11805,0
Classification_A_Meeting_goals,byte,kept_string_labelled,VARCHAR,9314,0
saving_day_to_day_needs,byte,kept_string_labelled,VARCHAR,0,0
saving_for_emergencies,byte,kept_string_labelled,VARCHAR,0,0
saving_for_education,byte,kept_string_labelled,VARCHAR,0,0
saving_to_buy_livestock,byte,kept_string_labelled,VARCHAR,0,0
saving_for_business,byte,kept_string_labelled,VARCHAR,0,0
saving_for_farming,byte,kept_string_labelled,VARCHAR,0,0
saving_for_land_or_house,byte,kept_string_labelled,VARCHAR,0,0
saving_for_motorvehicle_bodaboda,byte,kept_string_labelled,VARCHAR,0,0
saving_for_old_age,byte,kept_string_labelled,VARCHAR,0,0
saving_for_social_reasons,byte,kept_string_labelled,VARCHAR,0,0
saving_safe_keeping,byte,kept_string_labelled,VARCHAR,0,0
Reason_for_saving_convenient,byte,kept_string_labelled,VARCHAR,0,0
Reason_for_saving_trustworthy,byte,kept_string_labelled,VARCHAR,0,0
Reason_for_saving_high_interest,byte,kept_string_labelled,VARCHAR,0,0
Reason_for_saving_comfortable,byte,kept_string_labelled,VARCHAR,0,0
Reason_for_saving_privacy,byte,kept_string_labelled,VARCHAR,0,0
Reason_for_saving_loan_access,byte,kept_string_labelled,VARCHAR,0,0
Reason_for_saving_my_paypoint,byte,kept_string_labelled,VARCHAR,0,0
Reason_for_saving_recommended,byte,kept_string_labelled,VARCHAR,0,0
Reason_for_saving_only_option,byte,kept_string_labelled,VARCHAR,0,0
Emergencies_credit,byte,kept_string_labelled,VARCHAR,0,0
Edu_within_household_credit,byte,kept_string_labelled,VARCHAR,0,0
Edu_outside_household_credit,byte,kept_string_labelled,VARCHAR,0,0
Day2day_household_needs_credit,byte,kept_string_labelled,VARCHAR,0,0
Start_new_business_credit,byte,kept_string_labelled,VARCHAR,0,0
Expand_business_credit,byte,kept_string_labelled,VARCHAR,0,0
Working_capital_business_credit,byte,kept_string_labelled,VARCHAR,0,0
Premise_land_for_business_credit,byte,kept_string_labelled,VARCHAR,0,0
Purchase_house_credit,byte,kept_string_labelled,VARCHAR,0,0
Another_persons_business_credit,byte,kept_string_labelled,VARCHAR,0,0
Purchase_land_credit,byte,kept_string_labelled,VARCHAR,0,0
Purchase_build_land_house_credit,byte,kept_string_labelled,VARCHAR,0,0
Improve_house_credit,byte,kept_string_labelled,VARCHAR,0,0
Personal_reasons_credit,byte,kept_string_labelled,VARCHAR,0,0
Acquire_household_goods_credit,byte,kept_string_labelled,VARCHAR,0,0
Social_reasons_credit,byte,kept_string_labelled,VARCHAR,0,0
Buy_car_or_motorcycle_credit,byte,kept_string_labelled,VARCHAR,0,0
Purchase_livestock_credit,byte,kept_string_labelled,VARCHAR,0,0
Purchase_agric_inputs_credit,byte,kept_string_labelled,VARCHAR,0,0
Agricultural_improvements_credit,byte,kept_string_labelled,VARCHAR,0,0
Purchase_agric_implements_credit,byte,kept_string_labelled,VARCHAR,0,0
Pay_for_farm_labour_credit,byte,kept_string_labelled,VARCHAR,0,0
Transport_farm_produce_credit,byte,kept_string_labelled,VARCHAR,0,0
Fishing_equipment_credit,byte,kept_string_labelled,VARCHAR,0,0
Pay_off_debts_credit,byte,kept_string_labelled,VARCHAR,0,0
Repay_debts_someone_else_credit,byte,kept_string_labelled,VARCHAR,0,0
For_old_age_credit,byte,kept_string_labelled,VARCHAR,0,0
gaming_credit,byte,kept_string_labelled,VARCHAR,0,0
Other_reasons_credit,byte,kept_string_labelled,VARCHAR,0,0
nC1_1a,byte,cast,TINYINT,13,0
nC1_1b,byte,cast,TINYINT,13,0
nC1_2,byte,cast,TINYINT,13,0
nC1_3,byte,cast,TINYINT,13,0
nC1_4,byte,cast,TINYINT,13,0
nC1_5,byte,cast,TINYINT,13,0
nC1_6,byte,cast,TINYINT,13,0
nC1_9,byte,cast,TINYINT,12,0
nC1_10,byte,cast,TINYINT,6,0
nC1_11,byte,cast,TINYINT,7,0
nC1_12,byte,cast,TINYINT,9,0
nC1_12a,byte,cast,TINYINT,10,0
nC1_12b,byte,cast,TINYINT,10,0
nC1_13a,byte,cast,TINYINT,14,0
nC1_13b,byte,cast,TINYINT,14,0
nC1_13c,byte,cast,TINYINT,14,0
nC1_14,byte,cast,TINYINT,14,0
nC1_15,byte,cast,TINYINT,15,0
nC1_16,byte,cast,TINYINT,14,0
nC1_17,byte,cast,TINYINT,14,0
nC1_18,byte,cast,TINYINT,15,0
nC1_19,byte,cast,TINYINT,15,0
nC1_20,byte,cast,TINYINT,15,0
nC1_21,byte,cast,TINYINT,16,0
nC1_22,byte,cast,TINYINT,16,0
nC1_23,byte,cast,TINYINT,16,0
nC1_24,byte,cast,TINYINT,16,0
nC1_26,byte,cast,TINYINT,16,0
nC1_27,byte,cast,TINYINT,16,0
nC1_28,byte,cast,TINYINT,16,0
nC1_29,byte,cast,TINYINT,16,0
nC1_30,byte,cast,TINYINT,16,0
nC1_31,byte,cast,TINYINT,16,0
nC1_32,byte,cast,TINYINT,19,0
nC1_33,byte,cast,TINYINT,19,0
nC1_34,byte,cast,TINYINT,19,0
nC1_35,byte,cast,TINYINT,19,0
nC1_36,byte,cast,TINYINT,19,0
nC1_37,byte,cast,TINYINT,19,0
nC1_38,byte,cast,TINYINT,19,0
nC1_39,byte,cast,TINYINT,19,0
nC1_40,byte,cast,TINYINT,21,0
nC1_41,byte,cast,TINYINT,21,0
nC1_42,byte,cast,TINYINT,21,0
nC1_43,byte,cast,TINYINT,18,0
prodsum1,byte,cast,TINYINT,0,0
portfolio,byte,kept_string_labelled,VARCHAR,0,0
chama_usage,byte,kept_string_labelled,VARCHAR,0,0
shopkeeper_usage,byte,kept_string_labelled,VARCHAR,0,0
friends_family_usage,byte,kept_string_labelled,VARCHAR,0,0
employer_money_lender_usage,byte,kept_string_labelled,VARCHAR,0,0
group_membership_fnl,byte,kept_string_labelled,VARCHAR,14513,0
MFB_Usage,byte,kept_string_labelled,VARCHAR,0,0
barriers_savings,byte,kept_string_labelled,VARCHAR,13496,0
barriers_insurance_fnl,byte,kept_string_labelled,VARCHAR,4043,0
barriers_securities_fnl,byte,kept_string_labelled,VARCHAR,678,0
barriers_bank,byte,kept_string_labelled,VARCHAR,5734,0
barriers_traditional_bank_fnl,byte,kept_string_labelled,VARCHAR,5734,0
barriers_sacco,byte,kept_string_labelled,VARCHAR,2593,0
employer_money_lender_usage1,byte,kept_string_labelled,VARCHAR,0,0
pension_delayed_fnl,byte,kept_string_labelled,VARCHAR,18966,0
pension_lostmoney_fnl,byte,kept_string_labelled,VARCHAR,18966,0
pension_unethical_fnl,byte,kept_string_labelled,VARCHAR,18966,0
pension_attachment,byte,kept_string_labelled,VARCHAR,18966,0
pension_underpayment_fnl,byte,kept_string_labelled,VARCHAR,18966,0
pension_issues_fnl,byte,kept_string_labelled,VARCHAR,18966,0
insurance_delayed_fnl,byte,kept_string_labelled,VARCHAR,16854,0
insurance_datashared_fnl,byte,kept_string_labelled,VARCHAR,16854,0
insurance_nottransparent_fnl,byte,kept_string_labelled,VARCHAR,16854,0
insurance_collapse_fnl,byte,kept_string_labelled,VARCHAR,16854,0
insurance_issues_fnl,byte,kept_string_labelled,VARCHAR,16854,0
investment_unexpectedcharges_fnl,byte,kept_string_labelled,VARCHAR,20305,0
investment_lostmoney_fnl,byte,kept_string_labelled,VARCHAR,20305,0
investment_downtime_fnl,byte,kept_string_labelled,VARCHAR,20305,0
investment_sold_fnl,byte,kept_string_labelled,VARCHAR,20305,0
investment_issues_fnl,byte,kept_string_labelled,VARCHAR,20305,0
bank_unexpectedcharges,byte,kept_string_labelled,VARCHAR,15672,0
bank_moneylost,byte,kept_string_labelled,VARCHAR,15672,0
bank_downtime,byte,kept_string_labelled,VARCHAR,15672,0
bank_unethicalrecovery,byte,kept_string_labelled,VARCHAR,15672,0
bank_issues,byte,kept_string_labelled,VARCHAR,15672,0
creditonly_mfi_unexpectedcharges,byte,kept_string_labelled,VARCHAR,19159,0
creditonly_mfi_moneylost,byte,kept_string_labelled,VARCHAR,19167,0
creditonly_mfi_downtime,byte,kept_string_labelled,VARCHAR,19165,0
creditonly_mfi_unethicalrecovery,byte,kept_string_labelled,VARCHAR,19152,0
creditonly_mfi_unsolicited,byte,kept_string_labelled,VARCHAR,19163,0
creditonly_mfi_issues,byte,kept_string_labelled,VARCHAR,19143,0
trad_mfi_unexpectedcharges,byte,kept_string_labelled,VARCHAR,20588,0
trad_mfi_moneylost,byte,kept_string_labelled,VARCHAR,20665,0
trad_mfi_downtime,byte,kept_string_labelled,VARCHAR,20588,0
trad_mfi_unethicalrecovery,byte,kept_string_labelled,VARCHAR,20529,0
trad_mfi_unsolicited,byte,kept_string_labelled,VARCHAR,20590,0
traditional_mfi_issues,byte,kept_string_labelled,VARCHAR,20361,0
hirepurchase_unexpectedcharges,byte,kept_string_labelled,VARCHAR,19556,0
hirepurchase_moneylost,byte,kept_string_labelled,VARCHAR,19609,0
hirepurchase_downtime,byte,kept_string_labelled,VARCHAR,19597,0
hirepurchase_unethicalrecovery,byte,kept_string_labelled,VARCHAR,19524,0
hirepurchase_unsolicited,byte,kept_string_labelled,VARCHAR,19555,0
hirepurchase_issues,byte,kept_string_labelled,VARCHAR,19466,0
digitalapps_unexpectedcharges,byte,kept_string_labelled,VARCHAR,20415,0
digital_app_moneylost,byte,kept_string_labelled,VARCHAR,20478,0
digital_app_downtime,byte,kept_string_labelled,VARCHAR,20412,0
digital_apps_unethicalrecovery,byte,kept_string_labelled,VARCHAR,20382,0
digital_app_unsolicited,byte,kept_string_labelled,VARCHAR,20422,0
digital_issues,byte,kept_string_labelled,VARCHAR,20233,0
sacco_unexpectedcharges,byte,kept_string_labelled,VARCHAR,18433,0
sacco_moneylost,byte,kept_string_labelled,VARCHAR,18433,0
sacco_downtime,byte,kept_string_labelled,VARCHAR,18433,0
sacco_unethicalrecovery,byte,kept_string_labelled,VARCHAR,18433,0
sacco_issues,byte,kept_string_labelled,VARCHAR,18433,0
mobilemoney_unexpectedcharges,byte,kept_string_labelled,VARCHAR,4452,0
mobilemoney_moneylost,byte,kept_string_labelled,VARCHAR,4452,0
mobilemoney_downtime,byte,kept_string_labelled,VARCHAR,4448,0
mobilemoney_float,byte,kept_string_labelled,VARCHAR,4445,0
mobilemoney_datashared,byte,kept_string_labelled,VARCHAR,4452,0
mobilemoney_issues,byte,kept_string_labelled,VARCHAR,4445,0
mobilebank_unexpectedcharges,byte,kept_string_labelled,VARCHAR,15360,0
mobilebank_moneylost,byte,kept_string_labelled,VARCHAR,15362,0
mobilebank_downtime,byte,kept_string_labelled,VARCHAR,15360,0
mobilebank_unethicalrecovery,byte,kept_string_labelled,VARCHAR,15360,0
mobilebank_issues,byte,kept_string_labelled,VARCHAR,15353,0
pension_satisfaction,byte,kept_string_labelled,VARCHAR,18966,0
insurance_satisfaction,byte,kept_string_labelled,VARCHAR,16854,0
investment_satisfaction,byte,kept_string_labelled,VARCHAR,20305,0
bank_satisfaction,byte,kept_string_labelled,VARCHAR,15672,0
creditonlyagree_satisfaction1,byte,kept_string_labelled,VARCHAR,19168,0
trad_mfi_satisfaction,byte,kept_string_labelled,VARCHAR,20724,0
hirepurchase_satisfaction,byte,kept_string_labelled,VARCHAR,19616,0
digital_app_satisfaction,byte,kept_string_labelled,VARCHAR,20502,0
sacco_satisfaction,byte,kept_string_labelled,VARCHAR,18433,0
mobilemoney_satisfaction,byte,kept_string_labelled,VARCHAR,4452,0
mobilebank_satisfaction,byte,kept_string_labelled,VARCHAR,15363,0
pension_redress,byte,kept_string_labelled,VARCHAR,20818,0
insurance_redress,byte,kept_string_labelled,VARCHAR,20669,0
investment_redress,byte,kept_string_labelled,VARCHAR,20853,0
bank_redress,byte,kept_string_labelled,VARCHAR,20684,0
creditonly_redress,byte,cast,TINYINT,20743,0
sacco_redress,byte,kept_string_labelled,VARCHAR,20778,0
mobilemoney_redress,byte,kept_string_labelled,VARCHAR,19442,0
mobilebank_redress,byte,kept_string_labelled,VARCHAR,20796,0
not_registered_mmoney_24,byte,kept_string_labelled,VARCHAR,0,0
using_someone_acc,byte,kept_string_labelled,VARCHAR,15393,0
insurance_including_NHIF_use,byte,kept_string_labelled,VARCHAR,0,0
All_Insurance_excluding_NHIF_use,byte,kept_string_labelled,VARCHAR,0,0
PWD,byte,kept_string_labelled,VARCHAR,0,0
Latitude,double,cast,DOUBLE,0,0
Longitude,double,cast,DOUBLE,0,0
