product,barrier,dimension,segment,n_asked,adults_asked,adults_citing,mentions,share_citing,share_of_mentions,national_share_citing,gap_pp,low_confidence
bank,affordability,age_group,18-25,3208,6233616.9065,4793739.0951,5691452.4152,0.769,0.6609,0.8214,-5.2423,false
bank,awareness,age_group,18-25,3208,6233616.9065,333917.8265,333917.8265,0.0536,0.0388,0.0614,-0.7822,false
bank,eligibility,age_group,18-25,3208,6233616.9065,1507765.2348,1507765.2348,0.2419,0.1751,0.0875,15.4412,false
bank,other,age_group,18-25,3208,6233616.9065,60953.8112,60953.8112,0.0098,0.0071,0.0101,-0.0346,false
bank,physical_access,age_group,18-25,3208,6233616.9065,414448.7846,453994.6042,0.0665,0.0527,0.0657,0.0832,false
bank,relevance,age_group,18-25,3208,6233616.9065,488232.8245,488232.8245,0.0783,0.0567,0.1008,-2.2478,false
bank,trust,age_group,18-25,3208,6233616.9065,75490.518,75490.518,0.0121,0.0088,0.0139,-0.175,false
bank,affordability,age_group,26-35,3721,5198859.1003,4379692.2174,5082668.1874,0.8424,0.7706,0.8214,2.0996,false
bank,awareness,age_group,26-35,3721,5198859.1003,294822.0562,294822.0562,0.0567,0.0447,0.0614,-0.468,false
bank,eligibility,age_group,26-35,3721,5198859.1003,108180.1815,108180.1815,0.0208,0.0164,0.0875,-6.6656,false
bank,other,age_group,26-35,3721,5198859.1003,54651.4126,54651.4126,0.0105,0.0083,0.0101,0.0388,false
bank,physical_access,age_group,26-35,3721,5198859.1003,322454.1123,372332.3892,0.062,0.0565,0.0657,-0.363,false
bank,relevance,age_group,26-35,3721,5198859.1003,620970.7118,620970.7118,0.1194,0.0942,0.1008,1.8643,false
bank,trust,age_group,26-35,3721,5198859.1003,61825.6912,61825.6912,0.0119,0.0094,0.0139,-0.1968,false
bank,affordability,age_group,36-45,2770,3312833.8119,2797508.6964,3212874.1215,0.8444,0.7643,0.8214,2.3009,false
bank,awareness,age_group,36-45,2770,3312833.8119,204891.3241,204891.3241,0.0618,0.0487,0.0614,0.0459,false
bank,eligibility,age_group,36-45,2770,3312833.8119,39669.5821,39669.5821,0.012,0.0094,0.0875,-7.549,false
bank,other,age_group,36-45,2770,3312833.8119,32115.4582,32115.4582,0.0097,0.0076,0.0101,-0.043,false
bank,physical_access,age_group,36-45,2770,3312833.8119,230559.8395,265734.3745,0.0696,0.0632,0.0657,0.3942,false
bank,relevance,age_group,36-45,2770,3312833.8119,388685.8874,388685.8874,0.1173,0.0925,0.1008,1.6526,false
bank,trust,age_group,36-45,2770,3312833.8119,59740.292,59740.292,0.018,0.0142,0.0139,0.4173,false
bank,affordability,age_group,46-55,1778,2003297.9875,1689493.9138,1950837.2584,0.8434,0.7757,0.8214,2.1919,false
bank,awareness,age_group,46-55,1778,2003297.9875,101502.616,101502.616,0.0507,0.0404,0.0614,-1.0721,false
bank,eligibility,age_group,46-55,1778,2003297.9875,17699.3607,17699.3607,0.0088,0.007,0.0875,-7.8629,false
bank,other,age_group,46-55,1778,2003297.9875,29465.8144,29465.8144,0.0147,0.0117,0.0101,0.4584,false
bank,physical_access,age_group,46-55,1778,2003297.9875,132860.4297,146665.6431,0.0663,0.0583,0.0657,0.0667,false
bank,relevance,age_group,46-55,1778,2003297.9875,232647.7343,232647.7343,0.1161,0.0925,0.1008,1.5331,false
bank,trust,age_group,46-55,1778,2003297.9875,36153.5052,36153.5052,0.018,0.0144,0.0139,0.4187,false
bank,affordability,age_group,Above 55,2594,2551266.3792,2193197.6053,2525582.1282,0.8597,0.7802,0.8214,3.8214,false
bank,awareness,age_group,Above 55,2594,2551266.3792,249663.1628,249663.1628,0.0979,0.0771,0.0614,3.647,false
bank,eligibility,age_group,Above 55,2594,2551266.3792,14738.2367,14738.2367,0.0058,0.0046,0.0875,-8.1688,false
bank,other,age_group,Above 55,2594,2551266.3792,18214.5967,18214.5967,0.0071,0.0056,0.0101,-0.2985,false
bank,physical_access,age_group,Above 55,2594,2551266.3792,166793.8078,179855.4516,0.0654,0.0556,0.0657,-0.0277,false
bank,relevance,age_group,Above 55,2594,2551266.3792,214907.9571,214907.9571,0.0842,0.0664,0.1008,-1.6565,false
bank,trust,age_group,Above 55,2594,2551266.3792,34290.7168,34290.7168,0.0134,0.0106,0.0139,-0.042,false
bank,affordability,all,All,14071,19299874.1854,15853631.5279,18463414.1107,0.8214,0.7337,0.8214,0.0,false
bank,awareness,all,All,14071,19299874.1854,1184796.9856,1184796.9856,0.0614,0.0471,0.0614,0.0,false
bank,eligibility,all,All,14071,19299874.1854,1688052.5958,1688052.5958,0.0875,0.0671,0.0875,0.0,false
bank,other,all,All,14071,19299874.1854,195401.0929,195401.0929,0.0101,0.0078,0.0101,0.0,false
bank,physical_access,all,All,14071,19299874.1854,1267116.974,1418582.4627,0.0657,0.0564,0.0657,0.0,false
bank,relevance,all,All,14071,19299874.1854,1945445.1152,1945445.1152,0.1008,0.0773,0.1008,0.0,false
bank,trust,all,All,14071,19299874.1854,267500.7232,267500.7232,0.0139,0.0106,0.0139,0.0,false
bank,affordability,county,Baringo,287,288753.0549,251472.9748,309638.532,0.8709,0.7941,0.8214,4.9456,false
bank,awareness,county,Baringo,287,288753.0549,13817.2126,13817.2126,0.0479,0.0354,0.0614,-1.3538,false
bank,eligibility,county,Baringo,287,288753.0549,25116.5277,25116.5277,0.087,0.0644,0.0875,-0.0482,false
bank,other,county,Baringo,287,288753.0549,4451.9307,4451.9307,0.0154,0.0114,0.0101,0.5293,false
bank,physical_access,county,Baringo,287,288753.0549,14821.6983,14821.6983,0.0513,0.038,0.0657,-1.4324,false
bank,relevance,county,Baringo,287,288753.0549,22070.0233,22070.0233,0.0764,0.0566,0.1008,-2.4369,false
bank,trust,county,Baringo,287,288753.0549,0.0,0.0,0.0,0.0,0.0139,-1.386,false
bank,affordability,county,Bomet,355,350917.8752,225629.6693,240756.1786,0.643,0.5866,0.8214,-17.8467,false
bank,awareness,county,Bomet,355,350917.8752,25058.9435,25058.9435,0.0714,0.0611,0.0614,1.0021,false
bank,eligibility,county,Bomet,355,350917.8752,21960.3519,21960.3519,0.0626,0.0535,0.0875,-2.4885,false
bank,other,county,Bomet,355,350917.8752,7612.5665,7612.5665,0.0217,0.0185,0.0101,1.1569,false
bank,physical_access,county,Bomet,355,350917.8752,8651.1689,8651.1689,0.0247,0.0211,0.0657,-4.1001,false
bank,relevance,county,Bomet,355,350917.8752,101019.7451,101019.7451,0.2879,0.2461,0.1008,18.7072,false
bank,trust,county,Bomet,355,350917.8752,5340.6725,5340.6725,0.0152,0.013,0.0139,0.1359,false
bank,affordability,county,Bungoma,363,628799.418,548769.3831,604174.3204,0.8727,0.7654,0.8214,5.1289,false
bank,awareness,county,Bungoma,363,628799.418,20270.4113,20270.4113,0.0322,0.0257,0.0614,-2.9152,false
bank,eligibility,county,Bungoma,363,628799.418,122347.6287,122347.6287,0.1946,0.155,0.0875,10.7109,false
bank,other,county,Bungoma,363,628799.418,1222.7571,1222.7571,0.0019,0.0015,0.0101,-0.818,false
bank,physical_access,county,Bungoma,363,628799.418,21889.7568,21889.7568,0.0348,0.0277,0.0657,-3.0842,false
bank,relevance,county,Bungoma,363,628799.418,16399.5742,16399.5742,0.0261,0.0208,0.1008,-7.472,false
bank,trust,county,Bungoma,363,628799.418,3037.4177,3037.4177,0.0048,0.0038,0.0139,-0.903,false
bank,affordability,county,Busia,267,349575.1922,262651.7097,277870.3421,0.7513,0.7146,0.8214,-7.0092,false
bank,awareness,county,Busia,267,349575.1922,27698.6771,27698.6771,0.0792,0.0712,0.0614,1.7846,false
bank,eligibility,county,Busia,267,349575.1922,61722.192,61722.192,0.1766,0.1587,0.0875,8.9099,false
bank,other,county,Busia,267,349575.1922,0.0,0.0,0.0,0.0,0.0101,-1.0124,false
bank,physical_access,county,Busia,267,349575.1922,9544.696,9544.696,0.0273,0.0245,0.0657,-3.835,false
bank,relevance,county,Busia,267,349575.1922,8044.9009,8044.9009,0.023,0.0207,0.1008,-7.7788,false
bank,trust,county,Busia,267,349575.1922,3957.0969,3957.0969,0.0113,0.0102,0.0139,-0.2541,false
bank,affordability,county,Elgeyo-Marakwet,258,169368.6021,150977.6436,207358.8846,0.8914,0.6868,0.8214,6.9978,false
bank,awareness,county,Elgeyo-Marakwet,258,169368.6021,12791.5001,12791.5001,0.0755,0.0424,0.0614,1.4136,false
bank,eligibility,county,Elgeyo-Marakwet,258,169368.6021,19661.5121,19661.5121,0.1161,0.0651,0.0875,2.8623,false
bank,other,county,Elgeyo-Marakwet,258,169368.6021,5422.3228,5422.3228,0.032,0.018,0.0101,2.189,false
bank,physical_access,county,Elgeyo-Marakwet,258,169368.6021,34190.4149,50880.8212,0.2019,0.1685,0.0657,13.6216,false
bank,relevance,county,Elgeyo-Marakwet,258,169368.6021,2726.7959,2726.7959,0.0161,0.009,0.1008,-8.4701,false
bank,trust,county,Elgeyo-Marakwet,258,169368.6021,3063.514,3063.514,0.0181,0.0101,0.0139,0.4228,false
bank,affordability,county,Embu,276,251749.8278,178820.0865,190495.6517,0.7103,0.6965,0.8214,-11.1128,false
bank,awareness,county,Embu,276,251749.8278,7491.0571,7491.0571,0.0298,0.0274,0.0614,-3.1633,false
bank,eligibility,county,Embu,276,251749.8278,15483.5442,15483.5442,0.0615,0.0566,0.0875,-2.5961,false
bank,other,county,Embu,276,251749.8278,1197.1549,1197.1549,0.0048,0.0044,0.0101,-0.5369,false
bank,physical_access,county,Embu,276,251749.8278,5088.5432,5088.5432,0.0202,0.0186,0.0657,-4.5441,false
bank,relevance,county,Embu,276,251749.8278,50222.9341,50222.9341,0.1995,0.1836,0.1008,9.8694,false
bank,trust,county,Embu,276,251749.8278,3509.1451,3509.1451,0.0139,0.0128,0.0139,0.0079,false
bank,affordability,county,Garissa,228,333399.6538,241393.1218,273206.4754,0.724,0.6143,0.8214,-9.7402,false
bank,awareness,county,Garissa,228,333399.6538,15209.4759,15209.4759,0.0456,0.0342,0.0614,-1.5769,false
bank,eligibility,county,Garissa,228,333399.6538,18051.1608,18051.1608,0.0541,0.0406,0.0875,-3.3322,false
bank,other,county,Garissa,228,333399.6538,2909.3577,2909.3577,0.0087,0.0065,0.0101,-0.1398,false
bank,physical_access,county,Garissa,228,333399.6538,120124.173,120124.173,0.3603,0.2701,0.0657,29.4647,false
bank,relevance,county,Garissa,228,333399.6538,3255.8281,3255.8281,0.0098,0.0073,0.1008,-9.1035,false
bank,trust,county,Garissa,228,333399.6538,11983.7693,11983.7693,0.0359,0.0269,0.0139,2.2084,false
bank,affordability,county,Homabay,359,450872.9087,394891.053,420459.3517,0.8758,0.7657,0.8214,5.44,false
bank,awareness,county,Homabay,359,450872.9087,20302.8533,20302.8533,0.045,0.037,0.0614,-1.6359,false
bank,eligibility,county,Homabay,359,450872.9087,58605.7394,58605.7394,0.13,0.1067,0.0875,4.2518,false
bank,other,county,Homabay,359,450872.9087,0.0,0.0,0.0,0.0,0.0101,-1.0124,false
bank,physical_access,county,Homabay,359,450872.9087,36620.387,36620.387,0.0812,0.0667,0.0657,1.5567,false
bank,relevance,county,Homabay,359,450872.9087,6667.7314,6667.7314,0.0148,0.0121,0.1008,-8.6012,false
bank,trust,county,Homabay,359,450872.9087,6451.9961,6451.9961,0.0143,0.0117,0.0139,0.045,false
bank,affordability,county,Isiolo,204,103002.9634,77275.9368,79999.2463,0.7502,0.6932,0.8214,-7.1207,false
bank,awareness,county,Isiolo,204,103002.9634,17543.0431,17543.0431,0.1703,0.152,0.0614,10.8927,false
bank,eligibility,county,Isiolo,204,103002.9634,8724.3096,8724.3096,0.0847,0.0756,0.0875,-0.2765,false
bank,other,county,Isiolo,204,103002.9634,549.1218,549.1218,0.0053,0.0048,0.0101,-0.4793,false
bank,physical_access,county,Isiolo,204,103002.9634,1664.0655,2554.7354,0.0162,0.0221,0.0657,-4.9499,false
bank,relevance,county,Isiolo,204,103002.9634,5932.9047,5932.9047,0.0576,0.0514,0.1008,-4.3202,false
bank,trust,county,Isiolo,204,103002.9634,106.8012,106.8012,0.001,0.0009,0.0139,-1.2823,false
bank,affordability,county,Kajiado,241,383179.811,247451.7657,276131.4521,0.6458,0.5674,0.8214,-17.5652,false
bank,awareness,county,Kajiado,241,383179.811,26327.3622,26327.3622,0.0687,0.0541,0.0614,0.7319,false
bank,eligibility,county,Kajiado,241,383179.811,50377.6633,50377.6633,0.1315,0.1035,0.0875,4.4008,false
bank,other,county,Kajiado,241,383179.811,5743.3755,5743.3755,0.015,0.0118,0.0101,0.4864,false
bank,physical_access,county,Kajiado,241,383179.811,39022.5567,47843.1169,0.1018,0.0983,0.0657,3.6185,false
bank,relevance,county,Kajiado,241,383179.811,70599.1328,70599.1328,0.1842,0.1451,0.1008,8.3445,false
bank,trust,county,Kajiado,241,383179.811,9620.6873,9620.6873,0.0251,0.0198,0.0139,1.1247,false
bank,affordability,county,Kakamega,395,740134.1968,581557.5321,690467.7078,0.7857,0.7227,0.8214,-3.5691,false
bank,awareness,county,Kakamega,395,740134.1968,60726.7643,60726.7643,0.082,0.0636,0.0614,2.0659,false
bank,eligibility,county,Kakamega,395,740134.1968,86005.2192,86005.2192,0.1162,0.09,0.0875,2.8738,false
bank,other,county,Kakamega,395,740134.1968,0.0,0.0,0.0,0.0,0.0101,-1.0124,false
bank,physical_access,county,Kakamega,395,740134.1968,11100.2693,11100.2693,0.015,0.0116,0.0657,-5.0657,false
bank,relevance,county,Kakamega,395,740134.1968,99062.1656,99062.1656,0.1338,0.1037,0.1008,3.3043,false
bank,trust,county,Kakamega,395,740134.1968,7972.1385,7972.1385,0.0108,0.0083,0.0139,-0.3089,false
bank,affordability,county,Kericho,308,360656.4904,280251.9152,340144.8955,0.7771,0.7183,0.8214,-4.4377,false
bank,awareness,county,Kericho,308,360656.4904,22399.1352,22399.1352,0.0621,0.0473,0.0614,0.0718,false
bank,eligibility,county,Kericho,308,360656.4904,21384.4412,21384.4412,0.0593,0.0452,0.0875,-2.8171,false
bank,other,county,Kericho,308,360656.4904,2733.3762,2733.3762,0.0076,0.0058,0.0101,-0.2546,false
bank,physical_access,county,Kericho,308,360656.4904,22397.7856,22397.7856,0.0621,0.0473,0.0657,-0.3551,false
bank,relevance,county,Kericho,308,360656.4904,61804.2298,61804.2298,0.1714,0.1305,0.1008,7.0565,false
bank,trust,county,Kericho,308,360656.4904,2705.4756,2705.4756,0.0075,0.0057,0.0139,-0.6359,false
bank,affordability,county,Kiambu,259,826918.3129,681620.5032,730953.5872,0.8243,0.7683,0.8214,0.2853,false
bank,awareness,county,Kiambu,259,826918.3129,26484.9232,26484.9232,0.032,0.0278,0.0614,-2.936,false
bank,eligibility,county,Kiambu,259,826918.3129,83685.3715,83685.3715,0.1012,0.088,0.0875,1.3737,false
bank,other,county,Kiambu,259,826918.3129,9294.8865,9294.8865,0.0112,0.0098,0.0101,0.1116,false
bank,physical_access,county,Kiambu,259,826918.3129,14048.9191,14048.9191,0.017,0.0148,0.0657,-4.8665,false
bank,relevance,county,Kiambu,259,826918.3129,77340.726,77340.726,0.0935,0.0813,0.1008,-0.7272,false
bank,trust,county,Kiambu,259,826918.3129,9583.4313,9583.4313,0.0116,0.0101,0.0139,-0.2271,false
bank,affordability,county,Kilifi,391,620604.3366,523311.8586,586873.7339,0.8432,0.7778,0.8214,2.1792,false
bank,awareness,county,Kilifi,391,620604.3366,15971.7386,15971.7386,0.0257,0.0212,0.0614,-3.5653,false
bank,eligibility,county,Kilifi,391,620604.3366,70026.1664,70026.1664,0.1128,0.0928,0.0875,2.5371,false
bank,other,county,Kilifi,391,620604.3366,18185.4193,18185.4193,0.0293,0.0241,0.0101,1.9178,false
bank,physical_access,county,Kilifi,391,620604.3366,10835.0544,10835.0544,0.0175,0.0144,0.0657,-4.8195,false
bank,relevance,county,Kilifi,391,620604.3366,33635.7469,33635.7469,0.0542,0.0446,0.1008,-4.6603,false
bank,trust,county,Kilifi,391,620604.3366,18976.4248,18976.4248,0.0306,0.0252,0.0139,1.6717,false
bank,affordability,county,Kirinyaga,312,279669.1697,187064.6744,191958.3298,0.6689,0.6512,0.8214,-15.2559,false
bank,awareness,county,Kirinyaga,312,279669.1697,2177.4396,2177.4396,0.0078,0.0074,0.0614,-5.3603,false
bank,eligibility,county,Kirinyaga,312,279669.1697,9041.2262,9041.2262,0.0323,0.0307,0.0875,-5.5136,false
bank,other,county,Kirinyaga,312,279669.1697,3382.4012,3382.4012,0.0121,0.0115,0.0101,0.197,false
bank,physical_access,county,Kirinyaga,312,279669.1697,1303.7918,1303.7918,0.0047,0.0044,0.0657,-6.0992,false
bank,relevance,county,Kirinyaga,312,279669.1697,76297.6063,76297.6063,0.2728,0.2588,0.1008,17.2013,false
bank,trust,county,Kirinyaga,312,279669.1697,10635.3309,10635.3309,0.038,0.0361,0.0139,2.4168,false
bank,affordability,county,Kisii,323,469175.7044,390938.737,442839.5257,0.8332,0.7861,0.8214,1.1809,false
bank,awareness,county,Kisii,323,469175.7044,30144.2781,30144.2781,0.0642,0.0535,0.0614,0.2861,false
bank,eligibility,county,Kisii,323,469175.7044,50327.0575,50327.0575,0.1073,0.0893,0.0875,1.9803,false
bank,other,county,Kisii,323,469175.7044,1783.2161,1783.2161,0.0038,0.0032,0.0101,-0.6324,false
bank,physical_access,county,Kisii,323,469175.7044,12178.5102,12178.5102,0.026,0.0216,0.0657,-3.9697,false
bank,relevance,county,Kisii,323,469175.7044,21612.952,21612.952,0.0461,0.0384,0.1008,-5.4735,false
bank,trust,county,Kisii,323,469175.7044,4450.4955,4450.4955,0.0095,0.0079,0.0139,-0.4374,false
bank,affordability,county,Kisumu,367,482844.9131,443961.1617,456759.2487,0.9195,0.8486,0.8214,9.8032,false
bank,awareness,county,Kisumu,367,482844.9131,19787.0631,19787.0631,0.041,0.0368,0.0614,-2.0409,false
bank,eligibility,county,Kisumu,367,482844.9131,26535.773,26535.773,0.055,0.0493,0.0875,-3.2507,false
bank,other,county,Kisumu,367,482844.9131,0.0,0.0,0.0,0.0,0.0101,-1.0124,false
bank,physical_access,county,Kisumu,367,482844.9131,11204.9166,11204.9166,0.0232,0.0208,0.0657,-4.2448,false
bank,relevance,county,Kisumu,367,482844.9131,23953.6316,23953.6316,0.0496,0.0445,0.1008,-5.1192,false
bank,trust,county,Kisumu,367,482844.9131,0.0,0.0,0.0,0.0,0.0139,-1.386,false
bank,affordability,county,Kitui,299,475094.6851,400872.7011,440961.5777,0.8438,0.6912,0.8214,2.2337,false
bank,awareness,county,Kitui,299,475094.6851,14763.3206,14763.3206,0.0311,0.0231,0.0614,-3.0314,false
bank,eligibility,county,Kitui,299,475094.6851,15827.8976,15827.8976,0.0333,0.0248,0.0875,-5.4149,false
bank,other,county,Kitui,299,475094.6851,5402.9778,5402.9778,0.0114,0.0085,0.0101,0.1248,false
bank,physical_access,county,Kitui,299,475094.6851,30256.9444,49332.9074,0.0637,0.0773,0.0657,-0.1968,false
bank,relevance,county,Kitui,299,475094.6851,108875.2036,108875.2036,0.2292,0.1707,0.1008,12.8364,false
bank,trust,county,Kitui,299,475094.6851,2837.7976,2837.7976,0.006,0.0044,0.0139,-0.7887,false
bank,affordability,county,Kwale,260,350170.911,291436.8949,303440.0005,0.8323,0.6622,0.8214,1.0833,false
bank,awareness,county,Kwale,260,350170.911,45764.7685,45764.7685,0.1307,0.0999,0.0614,6.9304,false
bank,eligibility,county,Kwale,260,350170.911,58341.2667,58341.2667,0.1666,0.1273,0.0875,7.9144,false
bank,other,county,Kwale,260,350170.911,13858.5673,13858.5673,0.0396,0.0302,0.0101,2.9452,false
bank,physical_access,county,Kwale,260,350170.911,22738.2461,22738.2461,0.0649,0.0496,0.0657,-0.0719,false
bank,relevance,county,Kwale,260,350170.911,5609.2016,5609.2016,0.016,0.0122,0.1008,-8.4782,false
bank,trust,county,Kwale,260,350170.911,8460.7926,8460.7926,0.0242,0.0185,0.0139,1.0302,false
bank,affordability,county,Laikipia,239,211139.9487,160784.7027,164450.0141,0.7615,0.724,0.8214,-5.9929,false
bank,awareness,county,Laikipia,239,211139.9487,2353.1323,2353.1323,0.0111,0.0104,0.0614,-5.0244,false
bank,eligibility,county,Laikipia,239,211139.9487,20218.4624,20218.4624,0.0958,0.089,0.0875,0.8294,false
bank,other,county,Laikipia,239,211139.9487,1259.8262,1259.8262,0.006,0.0055,0.0101,-0.4158,false
bank,physical_access,county,Laikipia,239,211139.9487,22797.4779,23810.5104,0.108,0.1048,0.0657,4.2319,false
bank,relevance,county,Laikipia,239,211139.9487,13891.4288,13891.4288,0.0658,0.0612,0.1008,-3.5008,false
bank,trust,county,Laikipia,239,211139.9487,1161.4384,1161.4384,0.0055,0.0051,0.0139,-0.8359,false
bank,affordability,county,Lamu,177,71143.0431,61608.1828,62633.8714,0.866,0.7824,0.8214,4.4539,false
bank,awareness,county,Lamu,177,71143.0431,0.0,0.0,0.0,0.0,0.0614,-6.1389,false
bank,eligibility,county,Lamu,177,71143.0431,4477.8309,4477.8309,0.0629,0.0559,0.0875,-2.4523,false
bank,other,county,Lamu,177,71143.0431,0.0,0.0,0.0,0.0,0.0101,-1.0124,false
bank,physical_access,county,Lamu,177,71143.0431,4493.1115,4493.1115,0.0632,0.0561,0.0657,-0.2498,false
bank,relevance,county,Lamu,177,71143.0431,6944.1408,6944.1408,0.0976,0.0867,0.1008,-0.3193,false
bank,trust,county,Lamu,177,71143.0431,1509.5434,1509.5434,0.0212,0.0189,0.0139,0.7358,false
bank,affordability,county,Machakos,295,551430.8512,470823.0673,509851.3401,0.8538,0.7665,0.8214,3.2384,false
bank,awareness,county,Machakos,295,551430.8512,9267.6422,9267.6422,0.0168,0.0139,0.0614,-4.4582,false
bank,eligibility,county,Machakos,295,551430.8512,41544.0851,41544.0851,0.0753,0.0625,0.0875,-1.2126,false
bank,other,county,Machakos,295,551430.8512,1953.2743,1953.2743,0.0035,0.0029,0.0101,-0.6582,false
bank,physical_access,county,Machakos,295,551430.8512,32782.9399,32782.9399,0.0595,0.0493,0.0657,-0.6203,false
bank,relevance,county,Machakos,295,551430.8512,54033.9388,54033.9388,0.098,0.0812,0.1008,-0.2812,false
bank,trust,county,Machakos,295,551430.8512,15749.7251,15749.7251,0.0286,0.0237,0.0139,1.4701,false
bank,affordability,county,Makueni,340,455580.168,406569.4672,422243.2619,0.8924,0.8412,0.8214,7.0984,false
bank,awareness,county,Makueni,340,455580.168,4334.9709,4334.9709,0.0095,0.0086,0.0614,-5.1874,false
bank,eligibility,county,Makueni,340,455580.168,38764.6441,38764.6441,0.0851,0.0772,0.0875,-0.2376,false
bank,other,county,Makueni,340,455580.168,1325.6292,1325.6292,0.0029,0.0026,0.0101,-0.7215,false
bank,physical_access,county,Makueni,340,455580.168,0.0,0.0,0.0,0.0,0.0657,-6.5654,false
bank,relevance,county,Makueni,340,455580.168,34887.5342,34887.5342,0.0766,0.0695,0.1008,-2.4223,false
bank,trust,county,Makueni,340,455580.168,426.7768,426.7768,0.0009,0.0009,0.0139,-1.2923,false
bank,affordability,county,Mandera,321,326532.5054,300196.2039,311311.7756,0.9193,0.8977,0.8214,9.7909,false
bank,awareness,county,Mandera,321,326532.5054,31751.4948,31751.4948,0.0972,0.0916,0.0614,3.585,false
bank,eligibility,county,Mandera,321,326532.5054,0.0,0.0,0.0,0.0,0.0875,-8.7464,false
bank,other,county,Mandera,321,326532.5054,0.0,0.0,0.0,0.0,0.0101,-1.0124,false
bank,physical_access,county,Mandera,321,326532.5054,810.0439,810.0439,0.0025,0.0023,0.0657,-6.3173,false
bank,relevance,county,Mandera,321,326532.5054,2812.7715,2812.7715,0.0086,0.0081,0.1008,-9.2187,false
bank,trust,county,Mandera,321,326532.5054,88.7909,88.7909,0.0003,0.0003,0.0139,-1.3588,false
bank,affordability,county,Marsabit,292,201539.9854,127730.9852,127730.9852,0.6338,0.5915,0.8214,-18.7662,false
bank,awareness,county,Marsabit,292,201539.9854,53089.4489,53089.4489,0.2634,0.2458,0.0614,20.203,false
bank,eligibility,county,Marsabit,292,201539.9854,5961.7543,5961.7543,0.0296,0.0276,0.0875,-5.7883,false
bank,other,county,Marsabit,292,201539.9854,0.0,0.0,0.0,0.0,0.0101,-1.0124,false
bank,physical_access,county,Marsabit,292,201539.9854,19636.7634,24553.7786,0.0974,0.1137,0.0657,3.1779,false
bank,relevance,county,Marsabit,292,201539.9854,3068.0004,3068.0004,0.0152,0.0142,0.1008,-8.5578,false
bank,trust,county,Marsabit,292,201539.9854,1549.4055,1549.4055,0.0077,0.0072,0.0139,-0.6172,false
bank,affordability,county,Meru,444,737168.1962,660638.2079,743875.9153,0.8962,0.7893,0.8214,7.4747,false
bank,awareness,county,Meru,444,737168.1962,5417.0747,5417.0747,0.0073,0.0057,0.0614,-5.404,false
bank,eligibility,county,Meru,444,737168.1962,49822.207,49822.207,0.0676,0.0529,0.0875,-1.9878,false
bank,other,county,Meru,444,737168.1962,0.0,0.0,0.0,0.0,0.0101,-1.0124,false
bank,physical_access,county,Meru,444,737168.1962,42751.9871,42751.9871,0.058,0.0454,0.0657,-0.7659,false
bank,relevance,county,Meru,444,737168.1962,98133.2174,98133.2174,0.1331,0.1041,0.1008,3.2321,false
bank,trust,county,Meru,444,737168.1962,2408.6949,2408.6949,0.0033,0.0026,0.0139,-1.0593,false
bank,affordability,county,Migori,391,476104.3658,406878.5695,482112.4368,0.8546,0.8127,0.8214,3.3162,false
bank,awareness,county,Migori,391,476104.3658,29576.653,29576.653,0.0621,0.0499,0.0614,0.0733,false
bank,eligibility,county,Migori,391,476104.3658,55991.6499,55991.6499,0.1176,0.0944,0.0875,3.0139,false
bank,other,county,Migori,391,476104.3658,0.0,0.0,0.0,0.0,0.0101,-1.0124,false
bank,physical_access,county,Migori,391,476104.3658,8189.1432,8189.1432,0.0172,0.0138,0.0657,-4.8454,false
bank,relevance,county,Migori,391,476104.3658,7330.1334,7330.1334,0.0154,0.0124,0.1008,-8.5405,false
bank,trust,county,Migori,391,476104.3658,10054.3142,10054.3142,0.0211,0.0169,0.0139,0.7258,false
bank,affordability,county,Mombasa,289,555597.2136,470345.5558,509547.7593,0.8466,0.825,0.8214,2.5121,false
bank,awareness,county,Mombasa,289,555597.2136,21030.5275,21030.5275,0.0379,0.0341,0.0614,-2.3537,false
bank,eligibility,county,Mombasa,289,555597.2136,31062.7247,31062.7247,0.0559,0.0503,0.0875,-3.1556,false
bank,other,county,Mombasa,289,555597.2136,8507.8196,8507.8196,0.0153,0.0138,0.0101,0.5188,false
bank,physical_access,county,Mombasa,289,555597.2136,5068.0232,5068.0232,0.0091,0.0082,0.0657,-5.6532,false
bank,relevance,county,Mombasa,289,555597.2136,33259.6195,33259.6195,0.0599,0.0539,0.1008,-4.0938,false
bank,trust,county,Mombasa,289,555597.2136,9145.2133,9145.2133,0.0165,0.0148,0.0139,0.26,false
bank,affordability,county,Murang'a,309,420938.014,329638.2372,340165.0348,0.7831,0.7403,0.8214,-3.8333,false
bank,awareness,county,Murang'a,309,420938.014,12338.2262,12338.2262,0.0293,0.0269,0.0614,-3.2078,false
bank,eligibility,county,Murang'a,309,420938.014,37236.8081,37236.8081,0.0885,0.081,0.0875,0.0997,false
bank,other,county,Murang'a,309,420938.014,11346.4398,11346.4398,0.027,0.0247,0.0101,1.6831,false
bank,physical_access,county,Murang'a,309,420938.014,4255.1835,4255.1835,0.0101,0.0093,0.0657,-5.5545,false
bank,relevance,county,Murang'a,309,420938.014,44074.6824,44074.6824,0.1047,0.0959,0.1008,0.3905,false
bank,trust,county,Murang'a,309,420938.014,10097.2551,10097.2551,0.024,0.022,0.0139,1.0127,false
bank,affordability,county,Nairobi City,354,1716592.4029,1384222.0602,1532457.4567,0.8064,0.7504,0.8214,-1.5059,false
bank,awareness,county,Nairobi City,354,1716592.4029,48762.6145,48762.6145,0.0284,0.0239,0.0614,-3.2982,false
bank,eligibility,county,Nairobi City,354,1716592.4029,116274.1039,116274.1039,0.0677,0.0569,0.0875,-1.9729,false
bank,other,county,Nairobi City,354,1716592.4029,17127.1298,17127.1298,0.01,0.0084,0.0101,-0.0147,false
bank,physical_access,county,Nairobi City,354,1716592.4029,0.0,0.0,0.0,0.0,0.0657,-6.5654,false
bank,relevance,county,Nairobi City,354,1716592.4029,295918.4474,295918.4474,0.1724,0.1449,0.1008,7.1586,false
bank,trust,county,Nairobi City,354,1716592.4029,31569.6049,31569.6049,0.0184,0.0155,0.0139,0.4531,false
bank,affordability,county,Nakuru,392,973132.5324,807451.6221,1144316.5768,0.8297,0.7816,0.8214,0.8308,false
bank,awareness,county,Nakuru,392,973132.5324,47771.1192,47771.1192,0.0491,0.0326,0.0614,-1.2299,false
bank,eligibility,county,Nakuru,392,973132.5324,84845.855,84845.855,0.0872,0.0579,0.0875,-0.0276,false
bank,other,county,Nakuru,392,973132.5324,12863.3971,12863.3971,0.0132,0.0088,0.0101,0.3094,false
bank,physical_access,county,Nakuru,392,973132.5324,44512.2026,63313.7556,0.0457,0.0432,0.0657,-1.9913,false
bank,relevance,county,Nakuru,392,973132.5324,106448.5726,106448.5726,0.1094,0.0727,0.1008,0.8587,false
bank,trust,county,Nakuru,392,973132.5324,4571.6677,4571.6677,0.0047,0.0031,0.0139,-0.9162,false
bank,affordability,county,Nandi,275,307984.2105,279761.6839,361012.6011,0.9084,0.7614,0.8214,8.6927,false
bank,awareness,county,Nandi,275,307984.2105,25558.7018,25558.7018,0.083,0.0539,0.0614,2.1598,false
bank,eligibility,county,Nandi,275,307984.2105,8963.9859,8963.9859,0.0291,0.0189,0.0875,-5.8359,false
bank,other,county,Nandi,275,307984.2105,1416.4539,1416.4539,0.0046,0.003,0.0101,-0.5525,false
bank,physical_access,county,Nandi,275,307984.2105,35935.8635,54895.5512,0.1167,0.1158,0.0657,5.1027,false
bank,relevance,county,Nandi,275,307984.2105,21552.4071,21552.4071,0.07,0.0455,0.1008,-3.0822,false
bank,trust,county,Nandi,275,307984.2105,732.2181,732.2181,0.0024,0.0015,0.0139,-1.1483,false
bank,affordability,county,Narok,289,451901.3584,343297.4502,432236.0631,0.7597,0.6953,0.8214,-6.1764,false
bank,awareness,county,Narok,289,451901.3584,49336.8955,49336.8955,0.1092,0.0794,0.0614,4.7787,false
bank,eligibility,county,Narok,289,451901.3584,30743.6231,30743.6231,0.068,0.0495,0.0875,-1.9433,false
bank,other,county,Narok,289,451901.3584,11906.5143,11906.5143,0.0263,0.0192,0.0101,1.6223,false
bank,physical_access,county,Narok,289,451901.3584,54079.7155,54079.7155,0.1197,0.087,0.0657,5.4017,false
bank,relevance,county,Narok,289,451901.3584,32370.179,32370.179,0.0716,0.0521,0.1008,-2.917,false
bank,trust,county,Narok,289,451901.3584,10973.095,10973.095,0.0243,0.0177,0.0139,1.0422,false
bank,affordability,county,Nyamira,351,276944.2476,214955.4755,232626.5383,0.7762,0.7108,0.8214,-4.5268,false
bank,awareness,county,Nyamira,351,276944.2476,30177.7489,30177.7489,0.109,0.0922,0.0614,4.7578,false
bank,eligibility,county,Nyamira,351,276944.2476,6710.6108,6710.6108,0.0242,0.0205,0.0875,-6.3234,false
bank,other,county,Nyamira,351,276944.2476,373.5402,373.5402,0.0013,0.0011,0.0101,-0.8776,false
bank,physical_access,county,Nyamira,351,276944.2476,9699.1782,9699.1782,0.035,0.0296,0.0657,-3.0632,false
bank,relevance,county,Nyamira,351,276944.2476,46126.5633,46126.5633,0.1666,0.1409,0.1008,6.5754,false
bank,trust,county,Nyamira,351,276944.2476,1551.0712,1551.0712,0.0056,0.0047,0.0139,-0.826,false
bank,affordability,county,Nyandarua,268,268441.2336,196253.606,201033.9037,0.7311,0.638,0.8214,-9.0351,false
bank,awareness,county,Nyandarua,268,268441.2336,9517.3956,9517.3956,0.0355,0.0302,0.0614,-2.5935,false
bank,eligibility,county,Nyandarua,268,268441.2336,29519.7637,29519.7637,0.11,0.0937,0.0875,2.2503,false
bank,other,county,Nyandarua,268,268441.2336,13266.3813,13266.3813,0.0494,0.0421,0.0101,3.9296,false
bank,physical_access,county,Nyandarua,268,268441.2336,9163.7347,9706.0426,0.0341,0.0308,0.0657,-3.1517,false
bank,relevance,county,Nyandarua,268,268441.2336,44120.7463,44120.7463,0.1644,0.14,0.1008,6.3558,false
bank,trust,county,Nyandarua,268,268441.2336,7955.0822,7955.0822,0.0296,0.0252,0.0139,1.5774,false
bank,affordability,county,Nyeri,239,297494.3138,232074.3054,246659.0905,0.7801,0.7166,0.8214,-4.134,false
bank,awareness,county,Nyeri,239,297494.3138,3095.4384,3095.4384,0.0104,0.009,0.0614,-5.0984,false
bank,eligibility,county,Nyeri,239,297494.3138,17318.5634,17318.5634,0.0582,0.0503,0.0875,-2.925,false
bank,other,county,Nyeri,239,297494.3138,14671.9016,14671.9016,0.0493,0.0426,0.0101,3.9194,false
bank,physical_access,county,Nyeri,239,297494.3138,2344.3567,2344.3567,0.0079,0.0068,0.0657,-5.7774,false
bank,relevance,county,Nyeri,239,297494.3138,50036.7615,50036.7615,0.1682,0.1454,0.1008,6.7393,false
bank,trust,county,Nyeri,239,297494.3138,10061.4859,10061.4859,0.0338,0.0292,0.0139,1.9961,false
bank,affordability,county,Samburu,241,122218.5787,60931.979,61173.7171,0.4985,0.4544,0.8214,-32.2888,false
bank,awareness,county,Samburu,241,122218.5787,24387.6655,24387.6655,0.1995,0.1812,0.0614,13.8153,false
bank,eligibility,county,Samburu,241,122218.5787,13990.7752,13990.7752,0.1145,0.1039,0.0875,2.7009,false
bank,other,county,Samburu,241,122218.5787,0.0,0.0,0.0,0.0,0.0101,-1.0124,false
bank,physical_access,county,Samburu,241,122218.5787,21687.3855,29414.4292,0.1774,0.2185,0.0657,11.1793,false
bank,relevance,county,Samburu,241,122218.5787,5360.1434,5360.1434,0.0439,0.0398,0.1008,-5.6944,false
bank,trust,county,Samburu,241,122218.5787,298.7977,298.7977,0.0024,0.0022,0.0139,-1.1415,false
bank,affordability,county,Siaya,302,416047.723,361523.5121,396297.9771,0.8689,0.8267,0.8214,4.751,false
bank,awareness,county,Siaya,302,416047.723,14910.159,14910.159,0.0358,0.0311,0.0614,-2.5551,false
bank,eligibility,county,Siaya,302,416047.723,36031.7879,36031.7879,0.0866,0.0752,0.0875,-0.0859,false
bank,other,county,Siaya,302,416047.723,1814.4181,1814.4181,0.0044,0.0038,0.0101,-0.5763,false
bank,physical_access,county,Siaya,302,416047.723,12399.0295,12399.0295,0.0298,0.0259,0.0657,-3.5852,false
bank,relevance,county,Siaya,302,416047.723,12611.8481,12611.8481,0.0303,0.0263,0.1008,-7.0487,false
bank,trust,county,Siaya,302,416047.723,5300.2529,5300.2529,0.0127,0.0111,0.0139,-0.1121,false
bank,affordability,county,Taita-Taveta,287,169410.4926,144693.7629,162192.6965,0.8541,0.8608,0.8214,3.2665,false
bank,awareness,county,Taita-Taveta,287,169410.4926,2476.1212,2476.1212,0.0146,0.0131,0.0614,-4.6773,false
bank,eligibility,county,Taita-Taveta,287,169410.4926,7838.1841,7838.1841,0.0463,0.0416,0.0875,-4.1197,false
bank,other,county,Taita-Taveta,287,169410.4926,1192.0821,1192.0821,0.007,0.0063,0.0101,-0.3088,false
bank,physical_access,county,Taita-Taveta,287,169410.4926,1821.3559,2189.2327,0.0108,0.0116,0.0657,-5.4903,false
bank,relevance,county,Taita-Taveta,287,169410.4926,10632.401,10632.401,0.0628,0.0564,0.1008,-3.804,false
bank,trust,county,Taita-Taveta,287,169410.4926,1894.4666,1894.4666,0.0112,0.0101,0.0139,-0.2678,false
bank,affordability,county,Tana River,262,136327.3895,120175.5071,132104.2998,0.8815,0.7183,0.8214,6.0084,false
bank,awareness,county,Tana River,262,136327.3895,5734.0095,5734.0095,0.0421,0.0312,0.0614,-1.9328,false
bank,eligibility,county,Tana River,262,136327.3895,5458.6957,5458.6957,0.04,0.0297,0.0875,-4.7423,false
bank,other,county,Tana River,262,136327.3895,0.0,0.0,0.0,0.0,0.0101,-1.0124,false
bank,physical_access,county,Tana River,262,136327.3895,33072.3003,35545.1677,0.2426,0.1933,0.0657,17.6941,false
bank,relevance,county,Tana River,262,136327.3895,2670.3542,2670.3542,0.0196,0.0145,0.1008,-8.1213,false
bank,trust,county,Tana River,262,136327.3895,2411.5844,2411.5844,0.0177,0.0131,0.0139,0.3829,false
bank,affordability,county,Tharaka-Nithi,290,182619.0053,144126.5304,187020.7886,0.7892,0.7037,0.8214,-3.2217,false
bank,awareness,county,Tharaka-Nithi,290,182619.0053,1762.0748,1762.0748,0.0096,0.0066,0.0614,-5.174,false
bank,eligibility,county,Tharaka-Nithi,290,182619.0053,11925.0014,11925.0014,0.0653,0.0449,0.0875,-2.2165,false
bank,other,county,Tharaka-Nithi,290,182619.0053,2709.5715,2709.5715,0.0148,0.0102,0.0101,0.4713,false
bank,physical_access,county,Tharaka-Nithi,290,182619.0053,25552.8969,30184.5908,0.1399,0.1136,0.0657,7.427,false
bank,relevance,county,Tharaka-Nithi,290,182619.0053,30389.357,30389.357,0.1664,0.1143,0.1008,6.5608,false
bank,trust,county,Tharaka-Nithi,290,182619.0053,1782.7398,1782.7398,0.0098,0.0067,0.0139,-0.4098,false
bank,affordability,county,Trans Nzoia,89,369117.3747,343575.1142,586673.9197,0.9308,0.6399,0.8214,10.9365,false
bank,awareness,county,Trans Nzoia,89,369117.3747,43724.7367,43724.7367,0.1185,0.0477,0.0614,5.7069,false
bank,eligibility,county,Trans Nzoia,89,369117.3747,40953.9196,40953.9196,0.111,0.0447,0.0875,2.3487,false
bank,other,county,Trans Nzoia,89,369117.3747,0.0,0.0,0.0,0.0,0.0101,-1.0124,false
bank,physical_access,county,Trans Nzoia,89,369117.3747,171831.3069,181880.6987,0.4655,0.1984,0.0657,39.9865,false
bank,relevance,county,Trans Nzoia,89,369117.3747,60720.3106,60720.3106,0.1645,0.0662,0.1008,6.37,false
bank,trust,county,Trans Nzoia,89,369117.3747,2929.8019,2929.8019,0.0079,0.0032,0.0139,-0.5923,false
bank,affordability,county,Turkana,336,423600.0591,392490.9005,676082.7551,0.9266,0.619,0.8214,10.5123,false
bank,awareness,county,Turkana,336,423600.0591,144686.206,144686.206,0.3416,0.1325,0.0614,28.0174,false
bank,eligibility,county,Turkana,336,423600.0591,47067.6079,47067.6079,0.1111,0.0431,0.0875,2.3649,false
bank,other,county,Turkana,336,423600.0591,0.0,0.0,0.0,0.0,0.0101,-1.0124,false
bank,physical_access,county,Turkana,336,423600.0591,137901.5388,141468.3393,0.3255,0.1295,0.0657,25.9892,false
bank,relevance,county,Turkana,336,423600.0591,80094.9911,80094.9911,0.1891,0.0733,0.1008,8.8281,false
bank,trust,county,Turkana,336,423600.0591,2774.1762,2774.1762,0.0065,0.0025,0.0139,-0.7311,false
bank,affordability,county,Uasin Gishu,339,445267.0318,425235.9805,617134.5826,0.955,0.7802,0.8214,13.3576,false
bank,awareness,county,Uasin Gishu,339,445267.0318,11082.4762,11082.4762,0.0249,0.014,0.0614,-3.6499,false
bank,eligibility,county,Uasin Gishu,339,445267.0318,51229.532,51229.532,0.1151,0.0648,0.0875,2.7589,false
bank,other,county,Uasin Gishu,339,445267.0318,7795.8788,7795.8788,0.0175,0.0099,0.0101,0.7384,false
bank,physical_access,county,Uasin Gishu,339,445267.0318,55842.2777,78522.2058,0.1254,0.0993,0.0657,5.9759,false
bank,relevance,county,Uasin Gishu,339,445267.0318,19886.7011,19886.7011,0.0447,0.0251,0.1008,-5.6139,false
bank,trust,county,Uasin Gishu,339,445267.0318,5315.8773,5315.8773,0.0119,0.0067,0.0139,-0.1922,false
bank,affordability,county,Vihiga,287,246427.4706,200225.6606,245582.7987,0.8125,0.7793,0.8214,-0.8923,false
bank,awareness,county,Vihiga,287,246427.4706,14290.5481,14290.5481,0.058,0.0453,0.0614,-0.3398,false
bank,eligibility,county,Vihiga,287,246427.4706,32544.9561,32544.9561,0.1321,0.1033,0.0875,4.4603,false
bank,other,county,Vihiga,287,246427.4706,0.0,0.0,0.0,0.0,0.0101,-1.0124,false
bank,physical_access,county,Vihiga,287,246427.4706,1632.5953,1632.5953,0.0066,0.0052,0.0657,-5.9029,false
bank,relevance,county,Vihiga,287,246427.4706,12537.5294,12537.5294,0.0509,0.0398,0.1008,-4.9924,false
bank,trust,county,Vihiga,287,246427.4706,8545.6777,8545.6777,0.0347,0.0271,0.0139,2.0818,false
bank,affordability,county,Wajir,330,324853.4015,261899.797,264462.2967,0.8062,0.7352,0.8214,-1.5228,false
bank,awareness,county,Wajir,330,324853.4015,55167.7957,55167.7957,0.1698,0.1534,0.0614,10.8435,false
bank,eligibility,county,Wajir,330,324853.4015,933.1473,933.1473,0.0029,0.0026,0.0875,-8.4592,false
bank,other,county,Wajir,330,324853.4015,658.3662,658.3662,0.002,0.0018,0.0101,-0.8098,false
bank,physical_access,county,Wajir,330,324853.4015,25678.2068,33916.8992,0.079,0.0943,0.0657,1.3391,false
bank,relevance,county,Wajir,330,324853.4015,4597.4633,4597.4633,0.0142,0.0128,0.1008,-8.6648,false
bank,trust,county,Wajir,330,324853.4015,0.0,0.0,0.0,0.0,0.0139,-1.386,false
bank,affordability,county,West Pokot,291,249433.0412,185174.0784,245934.6128,0.7424,0.5848,0.8214,-7.9057,false
bank,awareness,county,West Pokot,291,249433.0412,58466.1412,58466.1412,0.2344,0.139,0.0614,17.3007,false
bank,eligibility,county,West Pokot,291,249433.0412,37397.2672,37397.2672,0.1499,0.0889,0.0875,6.2465,false
bank,other,county,West Pokot,291,249433.0412,1463.0378,1463.0378,0.0059,0.0035,0.0101,-0.4259,false
bank,physical_access,county,West Pokot,291,249433.0412,55496.4578,57516.456,0.2225,0.1368,0.0657,15.6836,false
bank,relevance,county,West Pokot,291,249433.0412,15803.8378,15803.8378,0.0634,0.0376,0.1008,-3.7442,false
bank,trust,county,West Pokot,291,249433.0412,3948.979,3948.979,0.0158,0.0094,0.0139,0.1972,false
bank,affordability,education,95,1,973.5078,0.0,0.0,0.0,0.0,0.8214,-82.1437,true
bank,awareness,education,95,1,973.5078,0.0,0.0,0.0,0.0,0.0614,-6.1389,true
bank,eligibility,education,95,1,973.5078,973.5078,973.5078,1.0,1.0,0.0875,91.2536,true
bank,other,education,95,1,973.5078,0.0,0.0,0.0,0.0,0.0101,-1.0124,true
bank,physical_access,education,95,1,973.5078,0.0,0.0,0.0,0.0,0.0657,-6.5654,true
bank,relevance,education,95,1,973.5078,0.0,0.0,0.0,0.0,0.1008,-10.0801,true
bank,trust,education,95,1,973.5078,0.0,0.0,0.0,0.0,0.0139,-1.386,true
bank,affordability,education,Completed technical training after secondary school,551,918516.5291,754012.5466,864855.0358,0.8209,0.7683,0.8214,-0.0535,false
bank,awareness,education,Completed technical training after secondary school,551,918516.5291,41532.4989,41532.4989,0.0452,0.0369,0.0614,-1.6172,false
bank,eligibility,education,Completed technical training after secondary school,551,918516.5291,34900.3188,34900.3188,0.038,0.031,0.0875,-4.9468,false
bank,other,education,Completed technical training after secondary school,551,918516.5291,10723.9345,10723.9345,0.0117,0.0095,0.0101,0.1551,false
bank,physical_access,education,Completed technical training after secondary school,551,918516.5291,14212.489,17237.1973,0.0155,0.0153,0.0657,-5.0181,false
bank,relevance,education,Completed technical training after secondary school,551,918516.5291,146951.9487,146951.9487,0.16,0.1306,0.1008,5.9187,false
bank,trust,education,Completed technical training after secondary school,551,918516.5291,9425.5173,9425.5173,0.0103,0.0084,0.0139,-0.3599,false
bank,affordability,education,Don't know (DO NOT READ OUT),2,4146.2879,4146.2879,7407.1375,1.0,1.0,0.8214,17.8563,true
bank,awareness,education,Don't know (DO NOT READ OUT),2,4146.2879,0.0,0.0,0.0,0.0,0.0614,-6.1389,true
bank,eligibility,education,Don't know (DO NOT READ OUT),2,4146.2879,0.0,0.0,0.0,0.0,0.0875,-8.7464,true
bank,other,education,Don't know (DO NOT READ OUT),2,4146.2879,0.0,0.0,0.0,0.0,0.0101,-1.0124,true
bank,physical_access,education,Don't know (DO NOT READ OUT),2,4146.2879,0.0,0.0,0.0,0.0,0.0657,-6.5654,true
bank,relevance,education,Don't know (DO NOT READ OUT),2,4146.2879,0.0,0.0,0.0,0.0,0.1008,-10.0801,true
bank,trust,education,Don't know (DO NOT READ OUT),2,4146.2879,0.0,0.0,0.0,0.0,0.0139,-1.386,true
bank,affordability,education,None,2604,2360600.2295,1899202.8401,2271008.3954,0.8045,0.688,0.8214,-1.6895,false
bank,awareness,education,None,2604,2360600.2295,459984.3088,459984.3088,0.1949,0.1394,0.0614,13.347,false
bank,eligibility,education,None,2604,2360600.2295,54251.8674,54251.8674,0.023,0.0164,0.0875,-6.4482,false
bank,other,education,None,2604,2360600.2295,6427.7542,6427.7542,0.0027,0.0019,0.0101,-0.7402,false
bank,physical_access,education,None,2604,2360600.2295,345124.4218,378708.1568,0.1462,0.1147,0.0657,8.0548,false
bank,relevance,education,None,2604,2360600.2295,107083.9024,107083.9024,0.0454,0.0324,0.1008,-5.5438,false
bank,trust,education,None,2604,2360600.2295,23323.3993,23323.3993,0.0099,0.0071,0.0139,-0.398,false
bank,affordability,education,Other (Specify),2,2656.4397,1561.0399,1561.0399,0.5876,0.5876,0.8214,-23.3793,true
bank,awareness,education,Other (Specify),2,2656.4397,0.0,0.0,0.0,0.0,0.0614,-6.1389,true
bank,eligibility,education,Other (Specify),2,2656.4397,0.0,0.0,0.0,0.0,0.0875,-8.7464,true
bank,other,education,Other (Specify),2,2656.4397,0.0,0.0,0.0,0.0,0.0101,-1.0124,true
bank,physical_access,education,Other (Specify),2,2656.4397,0.0,0.0,0.0,0.0,0.0657,-6.5654,true
bank,relevance,education,Other (Specify),2,2656.4397,1095.3998,1095.3998,0.4124,0.4124,0.1008,31.1555,true
bank,trust,education,Other (Specify),2,2656.4397,0.0,0.0,0.0,0.0,0.0139,-1.386,true
bank,affordability,education,Primary completed,3028,4130453.3684,3485739.3997,4004593.058,0.8439,0.7514,0.8214,2.2475,false
bank,awareness,education,Primary completed,3028,4130453.3684,192072.1853,192072.1853,0.0465,0.036,0.0614,-1.4887,false
bank,eligibility,education,Primary completed,3028,4130453.3684,322376.4934,322376.4934,0.078,0.0605,0.0875,-0.9416,false
bank,other,education,Primary completed,3028,4130453.3684,53913.3965,53913.3965,0.0131,0.0101,0.0101,0.2928,false
bank,physical_access,education,Primary completed,3028,4130453.3684,273545.7455,306563.1264,0.0662,0.0575,0.0657,0.0572,false
bank,relevance,education,Primary completed,3028,4130453.3684,395601.9402,395601.9402,0.0958,0.0742,0.1008,-0.5024,false
bank,trust,education,Primary completed,3028,4130453.3684,54639.2787,54639.2787,0.0132,0.0103,0.0139,-0.0632,false
bank,affordability,education,Refused to Answer (DO NOT READ OUT),2,1350.7997,935.559,935.559,0.6926,0.5297,0.8214,-12.8841,true
bank,awareness,education,Refused to Answer (DO NOT READ OUT),2,1350.7997,0.0,0.0,0.0,0.0,0.0614,-6.1389,true
bank,eligibility,education,Refused to Answer (DO NOT READ OUT),2,1350.7997,0.0,0.0,0.0,0.0,0.0875,-8.7464,true
bank,other,education,Refused to Answer (DO NOT READ OUT),2,1350.7997,0.0,0.0,0.0,0.0,0.0101,-1.0124,true
bank,physical_access,education,Refused to Answer (DO NOT READ OUT),2,1350.7997,0.0,0.0,0.0,0.0,0.0657,-6.5654,true
bank,relevance,education,Refused to Answer (DO NOT READ OUT),2,1350.7997,415.2407,415.2407,0.3074,0.2351,0.1008,20.6603,true
bank,trust,education,Refused to Answer (DO NOT READ OUT),2,1350.7997,415.2407,415.2407,0.3074,0.2351,0.0139,29.3543,true
bank,affordability,education,Secondary completed,2659,4355341.5919,3523393.2647,4035710.1773,0.809,0.7451,0.8214,-1.2455,false
bank,awareness,education,Secondary completed,2659,4355341.5919,91513.1255,91513.1255,0.021,0.0169,0.0614,-4.0377,false
bank,eligibility,education,Secondary completed,2659,4355341.5919,377622.632,377622.632,0.0867,0.0697,0.0875,-0.0761,false
bank,other,education,Secondary completed,2659,4355341.5919,48726.2372,48726.2372,0.0112,0.009,0.0101,0.1063,false
bank,physical_access,education,Secondary completed,2659,4355341.5919,213725.774,243566.6191,0.0491,0.045,0.0657,-1.6582,false
bank,relevance,education,Secondary completed,2659,4355341.5919,553451.914,553451.914,0.1271,0.1022,0.1008,2.6273,false
bank,trust,education,Secondary completed,2659,4355341.5919,65994.0342,65994.0342,0.0152,0.0122,0.0139,0.1292,false
bank,affordability,education,Some primary,2942,3742756.8067,3227388.7254,3879808.5601,0.8623,0.7664,0.8214,4.0866,false
bank,awareness,education,Some primary,2942,3742756.8067,252787.1898,252787.1898,0.0675,0.0499,0.0614,0.6152,false
bank,eligibility,education,Some primary,2942,3742756.8067,225245.1077,225245.1077,0.0602,0.0445,0.0875,-2.7283,false
bank,other,education,Some primary,2942,3742756.8067,25980.109,25980.109,0.0069,0.0051,0.0101,-0.3183,false
bank,physical_access,education,Some primary,2942,3742756.8067,286568.4261,318038.781,0.0766,0.0628,0.0657,1.0912,false
bank,relevance,education,Some primary,2942,3742756.8067,310025.4987,310025.4987,0.0828,0.0612,0.1008,-1.7967,false
bank,trust,education,Some primary,2942,3742756.8067,50507.4783,50507.4783,0.0135,0.01,0.0139,-0.0366,false
bank,affordability,education,Some secondary,1675,2613168.9076,2054085.1777,2380885.2265,0.7861,0.6796,0.8214,-3.5386,false
bank,awareness,education,Some secondary,1675,2613168.9076,128899.7281,128899.7281,0.0493,0.0368,0.0614,-1.2062,false
bank,eligibility,education,Some secondary,1675,2613168.9076,608898.673,608898.673,0.233,0.1738,0.0875,14.5547,false
bank,other,education,Some secondary,1675,2613168.9076,22864.1875,22864.1875,0.0087,0.0065,0.0101,-0.1375,false
bank,physical_access,education,Some secondary,1675,2613168.9076,105482.5356,117699.2422,0.0404,0.0336,0.0657,-2.5288,false
bank,relevance,education,Some secondary,1675,2613168.9076,197544.5412,197544.5412,0.0756,0.0564,0.1008,-2.5205,false
bank,trust,education,Some secondary,1675,2613168.9076,46802.4615,46802.4615,0.0179,0.0134,0.0139,0.405,false
bank,affordability,education,Some technical training after secondary school,279,538814.5759,438317.6544,479384.2093,0.8135,0.7527,0.8214,-0.7952,false
bank,awareness,education,Some technical training after secondary school,279,538814.5759,13514.4893,13514.4893,0.0251,0.0212,0.0614,-3.6307,false
bank,eligibility,education,Some technical training after secondary school,279,538814.5759,28533.0831,28533.0831,0.053,0.0448,0.0875,-3.4509,false
bank,other,education,Some technical training after secondary school,279,538814.5759,11592.6929,11592.6929,0.0215,0.0182,0.0101,1.1391,false
bank,physical_access,education,Some technical training after secondary school,279,538814.5759,18208.492,23192.5034,0.0338,0.0364,0.0657,-3.1861,false
bank,relevance,education,Some technical training after secondary school,279,538814.5759,73697.6345,73697.6345,0.1368,0.1157,0.1008,3.5976,false
bank,trust,education,Some technical training after secondary school,279,538814.5759,6995.172,6995.172,0.013,0.011,0.0139,-0.0878,false
bank,affordability,education,Some university,150,346250.654,270349.1653,317780.37,0.7808,0.7222,0.8214,-4.0647,false
bank,awareness,education,Some university,150,346250.654,2119.841,2119.841,0.0061,0.0048,0.0614,-5.5267,false
bank,eligibility,education,Some university,150,346250.654,21437.2495,21437.2495,0.0619,0.0487,0.0875,-2.5552,false
bank,other,education,Some university,150,346250.654,7706.7244,7706.7244,0.0223,0.0175,0.0101,1.2133,false
bank,physical_access,education,Some university,150,346250.654,5541.8143,7050.4761,0.016,0.016,0.0657,-4.9649,false
bank,relevance,education,Some university,150,346250.654,77826.6266,77826.6266,0.2248,0.1769,0.1008,12.3969,false
bank,trust,education,Some university,150,346250.654,6071.3194,6071.3194,0.0175,0.0138,0.0139,0.3674,false
bank,affordability,education,University completed,176,284844.4874,194499.8672,219485.3419,0.6828,0.6557,0.8214,-13.8609,false
bank,awareness,education,University completed,176,284844.4874,2373.6189,2373.6189,0.0083,0.0071,0.0614,-5.3056,false
bank,eligibility,education,University completed,176,284844.4874,13813.6631,13813.6631,0.0485,0.0413,0.0875,-3.8969,false
bank,other,education,University completed,176,284844.4874,7466.0568,7466.0568,0.0262,0.0223,0.0101,1.6087,false
bank,physical_access,education,University completed,176,284844.4874,4707.2757,6526.3603,0.0165,0.0195,0.0657,-4.9128,false
bank,relevance,education,University completed,176,284844.4874,81750.4683,81750.4683,0.287,0.2442,0.1008,18.6199,false
bank,trust,education,University completed,176,284844.4874,3326.8218,3326.8218,0.0117,0.0099,0.0139,-0.2181,false
bank,affordability,sex,Female,8953,10930500.2075,9188089.0954,10665912.1898,0.8406,0.7531,0.8214,1.9155,false
bank,awareness,sex,Female,8953,10930500.2075,708943.7649,708943.7649,0.0649,0.0501,0.0614,0.347,false
bank,eligibility,sex,Female,8953,10930500.2075,859885.1104,859885.1104,0.0787,0.0607,0.0875,-0.8796,false
bank,other,sex,Female,8953,10930500.2075,99409.3195,99409.3195,0.0091,0.007,0.0101,-0.103,false
bank,physical_access,sex,Female,8953,10930500.2075,621235.9887,698188.9263,0.0568,0.0493,0.0657,-0.8819,false
bank,relevance,sex,Female,8953,10930500.2075,1010005.9977,1010005.9977,0.0924,0.0713,0.1008,-0.8398,false
bank,trust,sex,Female,8953,10930500.2075,119698.5735,119698.5735,0.011,0.0085,0.0139,-0.2909,false
bank,affordability,sex,Male,5118,8369373.9779,6665542.4325,7797501.9209,0.7964,0.7088,0.8214,-2.5016,false
bank,awareness,sex,Male,5118,8369373.9779,475853.2207,475853.2207,0.0569,0.0433,0.0614,-0.4532,false
bank,eligibility,sex,Male,5118,8369373.9779,828167.4854,828167.4854,0.099,0.0753,0.0875,1.1488,false
bank,other,sex,Male,5118,8369373.9779,95991.7734,95991.7734,0.0115,0.0087,0.0101,0.1345,false
bank,physical_access,sex,Male,5118,8369373.9779,645880.9853,720393.5363,0.0772,0.0655,0.0657,1.1518,false
bank,relevance,sex,Male,5118,8369373.9779,935439.1175,935439.1175,0.1118,0.085,0.1008,1.0968,false
bank,trust,sex,Male,5118,8369373.9779,147802.1496,147802.1496,0.0177,0.0134,0.0139,0.38,false
credit,affordability,age_group,18-25,1322,2709086.0385,1527113.9809,1527113.9809,0.5637,0.3123,0.5473,1.6383,false
credit,awareness,age_group,18-25,1322,2709086.0385,261757.1992,261757.1992,0.0966,0.0535,0.1042,-0.7563,false
credit,eligibility,age_group,18-25,1322,2709086.0385,704977.7467,1192382.6381,0.2602,0.2438,0.1366,12.358,false
credit,other,age_group,18-25,1322,2709086.0385,35064.6528,35064.6528,0.0129,0.0072,0.0118,0.1167,false
credit,relevance,age_group,18-25,1322,2709086.0385,1310274.4939,1729478.1412,0.4837,0.3536,0.5234,-3.9714,false
credit,trust,age_group,18-25,1322,2709086.0385,144616.8091,144616.8091,0.0534,0.0296,0.0486,0.4797,false
credit,affordability,age_group,26-35,766,940880.4774,461697.9726,461697.9726,0.4907,0.2932,0.5473,-5.6609,false
credit,awareness,age_group,26-35,766,940880.4774,82448.4779,82448.4779,0.0876,0.0524,0.1042,-1.6555,false
credit,eligibility,age_group,26-35,766,940880.4774,26720.5129,109796.8781,0.0284,0.0697,0.1366,-10.8248,false
credit,other,age_group,26-35,766,940880.4774,12380.8562,12380.8562,0.0132,0.0079,0.0118,0.1383,false
credit,relevance,age_group,26-35,766,940880.4774,552888.6062,835186.8655,0.5876,0.5305,0.5234,6.4256,false
credit,trust,age_group,26-35,766,940880.4774,72964.1459,72964.1459,0.0775,0.0463,0.0486,2.8963,false
credit,affordability,age_group,36-45,558,655789.1527,325978.4787,325978.4787,0.4971,0.3181,0.5473,-5.0239,false
credit,awareness,age_group,36-45,558,655789.1527,85330.1787,85330.1787,0.1301,0.0833,0.1042,2.5934,false
credit,eligibility,age_group,36-45,558,655789.1527,17699.0713,110550.0249,0.027,0.1079,0.1366,-10.9659,false
credit,other,age_group,36-45,558,655789.1527,6773.2566,6773.2566,0.0103,0.0066,0.0118,-0.1448,false
credit,relevance,age_group,36-45,558,655789.1527,381274.3349,477989.7085,0.5814,0.4665,0.5234,5.8025,false
credit,trust,age_group,36-45,558,655789.1527,18070.8317,18070.8317,0.0276,0.0176,0.0486,-2.103,false
credit,affordability,age_group,46-55,376,409202.8364,221624.6949,221624.6949,0.5416,0.3646,0.5473,-0.5717,false
credit,awareness,age_group,46-55,376,409202.8364,52421.9513,52421.9513,0.1281,0.0862,0.1042,2.3923,false
credit,eligibility,age_group,46-55,376,409202.8364,10005.8724,43261.8347,0.0245,0.0712,0.1366,-11.2196,false
credit,other,age_group,46-55,376,409202.8364,2897.7394,2897.7394,0.0071,0.0048,0.0118,-0.4695,false
credit,relevance,age_group,46-55,376,409202.8364,197810.9787,275017.2649,0.4834,0.4525,0.5234,-3.9967,false
credit,trust,age_group,46-55,376,409202.8364,12586.5471,12586.5471,0.0308,0.0207,0.0486,-1.7827,false
credit,affordability,age_group,Above 55,1106,1071518.2047,630625.3887,630625.3887,0.5885,0.3577,0.5473,4.1217,false
credit,awareness,age_group,Above 55,1106,1071518.2047,120903.6045,120903.6045,0.1128,0.0686,0.1042,0.8649,false
credit,eligibility,age_group,Above 55,1106,1071518.2047,31305.1177,64388.2783,0.0292,0.0365,0.1366,-10.7432,false
credit,other,age_group,Above 55,1106,1071518.2047,11025.6055,11025.6055,0.0103,0.0063,0.0118,-0.1486,false
credit,relevance,age_group,Above 55,1106,1071518.2047,586236.4035,903351.2818,0.5471,0.5123,0.5234,2.3735,false
credit,trust,age_group,Above 55,1106,1071518.2047,32900.4318,32900.4318,0.0307,0.0187,0.0486,-1.7881,false
credit,affordability,all,All,4128,5786476.7098,3167040.5158,3167040.5158,0.5473,0.3212,0.5473,0.0,false
credit,awareness,all,All,4128,5786476.7098,602861.4115,602861.4115,0.1042,0.0611,0.1042,0.0,false
credit,eligibility,all,All,4128,5786476.7098,790708.321,1520379.6541,0.1366,0.1542,0.1366,0.0,false
credit,other,all,All,4128,5786476.7098,68142.1107,68142.1107,0.0118,0.0069,0.0118,0.0,false
credit,relevance,all,All,4128,5786476.7098,3028484.8172,4221023.2618,0.5234,0.4281,0.5234,0.0,false
credit,trust,all,All,4128,5786476.7098,281138.7657,281138.7657,0.0486,0.0285,0.0486,0.0,false
credit,affordability,county,Baringo,82,81150.9396,56576.3377,56576.3377,0.6972,0.4737,0.5473,14.9857,false
credit,awareness,county,Baringo,82,81150.9396,14949.3271,14949.3271,0.1842,0.1252,0.1042,8.0032,false
credit,eligibility,county,Baringo,82,81150.9396,23433.4947,23433.4947,0.2888,0.1962,0.1366,15.2117,false
credit,other,county,Baringo,82,81150.9396,0.0,0.0,0.0,0.0,0.0118,-1.1776,false
credit,relevance,county,Baringo,82,81150.9396,22549.8961,24208.3934,0.2779,0.2027,0.5234,-24.5497,false
credit,trust,county,Baringo,82,81150.9396,265.0293,265.0293,0.0033,0.0022,0.0486,-4.532,false
credit,affordability,county,Bomet,78,83763.5622,55235.5109,55235.5109,0.6594,0.5119,0.5473,11.2104,false
credit,awareness,county,Bomet,78,83763.5622,1557.0509,1557.0509,0.0186,0.0144,0.1042,-8.5596,false
credit,eligibility,county,Bomet,78,83763.5622,10585.0656,10585.0656,0.1264,0.0981,0.1366,-1.0279,false
credit,other,county,Bomet,78,83763.5622,1771.3108,1771.3108,0.0211,0.0164,0.0118,0.937,false
credit,relevance,county,Bomet,78,83763.5622,31023.2752,37854.7502,0.3704,0.3508,0.5234,-15.3006,false
credit,trust,county,Bomet,78,83763.5622,899.9999,899.9999,0.0107,0.0083,0.0486,-3.7841,false
credit,affordability,county,Bungoma,70,135072.0816,76164.4343,76164.4343,0.5639,0.414,0.5473,1.6562,false
credit,awareness,county,Bungoma,70,135072.0816,5369.5226,5369.5226,0.0398,0.0292,0.1042,-6.4432,false
credit,eligibility,county,Bungoma,70,135072.0816,32796.0082,32796.0082,0.2428,0.1783,0.1366,10.6156,false
credit,other,county,Bungoma,70,135072.0816,0.0,0.0,0.0,0.0,0.0118,-1.1776,false
credit,relevance,county,Bungoma,70,135072.0816,64439.7585,65628.3413,0.4771,0.3567,0.5234,-4.6296,false
credit,trust,county,Bungoma,70,135072.0816,4028.8402,4028.8402,0.0298,0.0219,0.0486,-1.8758,false
credit,affordability,county,Busia,83,119064.7013,73517.3025,73517.3025,0.6175,0.535,0.5473,7.0139,false
credit,awareness,county,Busia,83,119064.7013,8075.0574,8075.0574,0.0678,0.0588,0.1042,-3.6364,false
credit,eligibility,county,Busia,83,119064.7013,30705.5436,30705.5436,0.2579,0.2235,0.1366,12.1242,false
credit,other,county,Busia,83,119064.7013,0.0,0.0,0.0,0.0,0.0118,-1.1776,false
credit,relevance,county,Busia,83,119064.7013,23646.1848,23646.1848,0.1986,0.1721,0.5234,-32.4773,false
credit,trust,county,Busia,83,119064.7013,1467.6674,1467.6674,0.0123,0.0107,0.0486,-3.6259,false
credit,affordability,county,Elgeyo-Marakwet,63,47473.4444,37976.7724,37976.7724,0.8,0.2934,0.5473,25.2641,false
credit,awareness,county,Elgeyo-Marakwet,63,47473.4444,12413.8353,12413.8353,0.2615,0.0959,0.1042,15.7306,false
credit,eligibility,county,Elgeyo-Marakwet,63,47473.4444,18427.6581,49494.1613,0.3882,0.3824,0.1366,25.152,false
credit,other,county,Elgeyo-Marakwet,63,47473.4444,1672.5421,1672.5421,0.0352,0.0129,0.0118,2.3455,false
credit,relevance,county,Elgeyo-Marakwet,63,47473.4444,18875.1054,27238.3319,0.3976,0.2105,0.5234,-12.578,false
credit,trust,county,Elgeyo-Marakwet,63,47473.4444,628.0614,628.0614,0.0132,0.0049,0.0486,-3.5356,false
credit,affordability,county,Embu,57,53464.763,7807.7736,7807.7736,0.146,0.0982,0.5473,-40.1282,false
credit,awareness,county,Embu,57,53464.763,666.7419,666.7419,0.0125,0.0084,0.1042,-9.1714,false
credit,eligibility,county,Embu,57,53464.763,5821.7569,5821.7569,0.1089,0.0732,0.1366,-2.7758,false
credit,other,county,Embu,57,53464.763,0.0,0.0,0.0,0.0,0.0118,-1.1776,false
credit,relevance,county,Embu,57,53464.763,48850.6452,62524.9136,0.9137,0.7864,0.5234,39.0325,false
credit,trust,county,Embu,57,53464.763,2688.0078,2688.0078,0.0503,0.0338,0.0486,0.1691,false
credit,affordability,county,Garissa,131,193660.7589,70396.8273,70396.8273,0.3635,0.3208,0.5473,-18.3812,false
credit,awareness,county,Garissa,131,193660.7589,44227.459,44227.459,0.2284,0.2016,0.1042,12.4191,false
credit,eligibility,county,Garissa,131,193660.7589,8981.2288,8981.2288,0.0464,0.0409,0.1366,-9.0272,false
credit,other,county,Garissa,131,193660.7589,0.0,0.0,0.0,0.0,0.0118,-1.1776,false
credit,relevance,county,Garissa,131,193660.7589,90422.5583,95811.2381,0.4669,0.4367,0.5234,-5.6461,false
credit,trust,county,Garissa,131,193660.7589,0.0,0.0,0.0,0.0,0.0486,-4.8585,false
credit,affordability,county,Homabay,129,169199.9523,86663.9001,86663.9001,0.5122,0.3196,0.5473,-3.5119,false
credit,awareness,county,Homabay,129,169199.9523,16298.4771,16298.4771,0.0963,0.0601,0.1042,-0.7858,false
credit,eligibility,county,Homabay,129,169199.9523,35650.723,45040.2171,0.2107,0.1661,0.1366,7.4054,false
credit,other,county,Homabay,129,169199.9523,956.8725,956.8725,0.0057,0.0035,0.0118,-0.6121,false
credit,relevance,county,Homabay,129,169199.9523,95035.845,119550.0411,0.5617,0.4409,0.5234,3.8305,false
credit,trust,county,Homabay,129,169199.9523,2649.5785,2649.5785,0.0157,0.0098,0.0486,-3.2926,false
credit,affordability,county,Isiolo,53,29352.9602,13001.0239,13001.0239,0.4429,0.2522,0.5473,-10.4397,false
credit,awareness,county,Isiolo,53,29352.9602,2157.2132,2157.2132,0.0735,0.0419,0.1042,-3.0692,false
credit,eligibility,county,Isiolo,53,29352.9602,4232.0735,4232.0735,0.1442,0.0821,0.1366,0.7531,false
credit,other,county,Isiolo,53,29352.9602,1078.6821,1078.6821,0.0367,0.0209,0.0118,2.4973,false
credit,relevance,county,Isiolo,53,29352.9602,11978.6548,25210.279,0.4081,0.4891,0.5234,-11.5283,false
credit,trust,county,Isiolo,53,29352.9602,5863.9248,5863.9248,0.1998,0.1138,0.0486,15.1187,false
credit,affordability,county,Kajiado,68,111551.7872,37594.9667,37594.9667,0.337,0.1581,0.5473,-21.03,false
credit,awareness,county,Kajiado,68,111551.7872,2948.144,2948.144,0.0264,0.0124,0.1042,-7.7756,false
credit,eligibility,county,Kajiado,68,111551.7872,9631.478,102482.4316,0.0863,0.4309,0.1366,-5.0307,false
credit,other,county,Kajiado,68,111551.7872,6118.0996,6118.0996,0.0548,0.0257,0.0118,4.3069,false
credit,relevance,county,Kajiado,68,111551.7872,60981.5245,85249.6624,0.5467,0.3585,0.5234,2.3293,false
credit,trust,county,Kajiado,68,111551.7872,3415.6313,3415.6313,0.0306,0.0144,0.0486,-1.7966,false
credit,affordability,county,Kakamega,42,84569.9555,65021.8559,65021.8559,0.7689,0.5054,0.5473,22.1535,false
credit,awareness,county,Kakamega,42,84569.9555,0.0,0.0,0.0,0.0,0.1042,-10.4185,false
credit,eligibility,county,Kakamega,42,84569.9555,28132.3863,28132.3863,0.3327,0.2187,0.1366,19.6005,false
credit,other,county,Kakamega,42,84569.9555,0.0,0.0,0.0,0.0,0.0118,-1.1776,false
credit,relevance,county,Kakamega,42,84569.9555,29169.3849,32428.2849,0.3449,0.2521,0.5234,-17.8459,false
credit,trust,county,Kakamega,42,84569.9555,3069.2632,3069.2632,0.0363,0.0239,0.0486,-1.2293,false
credit,affordability,county,Kericho,72,96866.846,41871.8402,41871.8402,0.4323,0.1878,0.5473,-11.5056,false
credit,awareness,county,Kericho,72,96866.846,7766.0172,7766.0172,0.0802,0.0348,0.1042,-2.4012,false
credit,eligibility,county,Kericho,72,96866.846,5010.092,61293.968,0.0517,0.275,0.1366,-8.4926,false
credit,other,county,Kericho,72,96866.846,8616.594,8616.594,0.089,0.0387,0.0118,7.7177,false
credit,relevance,county,Kericho,72,96866.846,47788.1573,100676.185,0.4933,0.4516,0.5234,-3.0034,false
credit,trust,county,Kericho,72,96866.846,2687.4692,2687.4692,0.0277,0.0121,0.0486,-2.0842,false
credit,affordability,county,Kiambu,58,201786.9797,61029.3643,61029.3643,0.3024,0.2244,0.5473,-24.4873,false
credit,awareness,county,Kiambu,58,201786.9797,9669.2998,9669.2998,0.0479,0.0356,0.1042,-5.6266,false
credit,eligibility,county,Kiambu,58,201786.9797,7219.1228,7219.1228,0.0358,0.0265,0.1366,-10.0872,false
credit,other,county,Kiambu,58,201786.9797,704.7965,704.7965,0.0035,0.0026,0.0118,-0.8283,false
credit,relevance,county,Kiambu,58,201786.9797,139998.378,153683.3864,0.6938,0.5652,0.5234,17.042,false
credit,trust,county,Kiambu,58,201786.9797,39615.8704,39615.8704,0.1963,0.1457,0.0486,14.774,false
credit,affordability,county,Kilifi,105,164048.392,102670.1683,102670.1683,0.6259,0.2724,0.5473,7.8535,false
credit,awareness,county,Kilifi,105,164048.392,10392.4033,10392.4033,0.0633,0.0276,0.1042,-4.0835,false
credit,eligibility,county,Kilifi,105,164048.392,34710.754,171919.222,0.2116,0.4561,0.1366,7.4941,false
credit,other,county,Kilifi,105,164048.392,5999.5765,5999.5765,0.0366,0.0159,0.0118,2.4796,false
credit,relevance,county,Kilifi,105,164048.392,49659.8943,80668.7326,0.3027,0.214,0.5234,-22.0658,false
credit,trust,county,Kilifi,105,164048.392,5283.3204,5283.3204,0.0322,0.014,0.0486,-1.638,false
credit,affordability,county,Kirinyaga,92,82718.0432,10283.6941,10283.6941,0.1243,0.1088,0.5473,-42.2995,false
credit,awareness,county,Kirinyaga,92,82718.0432,2148.637,2148.637,0.026,0.0227,0.1042,-7.8209,false
credit,eligibility,county,Kirinyaga,92,82718.0432,3468.5601,3468.5601,0.0419,0.0367,0.1366,-9.4715,false
credit,other,county,Kirinyaga,92,82718.0432,0.0,0.0,0.0,0.0,0.0118,-1.1776,false
credit,relevance,county,Kirinyaga,92,82718.0432,74391.4122,78639.3787,0.8993,0.8318,0.5234,37.5964,false
credit,trust,county,Kirinyaga,92,82718.0432,0.0,0.0,0.0,0.0,0.0486,-4.8585,false
credit,affordability,county,Kisii,104,149901.0417,73633.7147,73633.7147,0.4912,0.1826,0.5473,-5.6102,false
credit,awareness,county,Kisii,104,149901.0417,29703.2379,29703.2379,0.1982,0.0736,0.1042,9.3968,false
credit,eligibility,county,Kisii,104,149901.0417,14359.0294,193148.3238,0.0958,0.4789,0.1366,-4.0858,false
credit,other,county,Kisii,104,149901.0417,5487.4626,5487.4626,0.0366,0.0136,0.0118,2.4831,false
credit,relevance,county,Kisii,104,149901.0417,57159.9865,100851.912,0.3813,0.2501,0.5234,-14.2055,false
credit,trust,county,Kisii,104,149901.0417,495.3103,495.3103,0.0033,0.0012,0.0486,-4.5281,false
credit,affordability,county,Kisumu,132,170129.9039,124888.2407,124888.2407,0.7341,0.5765,0.5473,18.6758,false
credit,awareness,county,Kisumu,132,170129.9039,5454.4914,5454.4914,0.0321,0.0252,0.1042,-7.2124,false
credit,eligibility,county,Kisumu,132,170129.9039,17598.8144,17598.8144,0.1034,0.0812,0.1366,-3.3204,false
credit,other,county,Kisumu,132,170129.9039,0.0,0.0,0.0,0.0,0.0118,-1.1776,false
credit,relevance,county,Kisumu,132,170129.9039,67124.3353,68688.3126,0.3945,0.3171,0.5234,-12.8825,false
credit,trust,county,Kisumu,132,170129.9039,0.0,0.0,0.0,0.0,0.0486,-4.8585,false
credit,affordability,county,Kitui,47,100971.5328,86017.6331,86017.6331,0.8519,0.6109,0.5473,30.4582,false
credit,awareness,county,Kitui,47,100971.5328,2356.0725,2356.0725,0.0233,0.0167,0.1042,-8.0851,false
credit,eligibility,county,Kitui,47,100971.5328,30854.9427,30854.9427,0.3056,0.2191,0.1366,16.8933,false
credit,other,county,Kitui,47,100971.5328,0.0,0.0,0.0,0.0,0.0118,-1.1776,false
credit,relevance,county,Kitui,47,100971.5328,21042.9725,21127.4879,0.2084,0.1501,0.5234,-31.4968,false
credit,trust,county,Kitui,47,100971.5328,444.95,444.95,0.0044,0.0032,0.0486,-4.4179,false
credit,affordability,county,Kwale,92,145748.7505,90224.5456,90224.5456,0.619,0.3316,0.5473,7.1724,false
credit,awareness,county,Kwale,92,145748.7505,5811.7939,5811.7939,0.0399,0.0214,0.1042,-6.4309,false
credit,eligibility,county,Kwale,92,145748.7505,19962.4135,19962.4135,0.137,0.0734,0.1366,0.0317,false
credit,other,county,Kwale,92,145748.7505,3704.9439,3704.9439,0.0254,0.0136,0.0118,1.3644,false
credit,relevance,county,Kwale,92,145748.7505,68989.2316,152378.7681,0.4733,0.56,0.5234,-5.0029,false
credit,trust,county,Kwale,92,145748.7505,0.0,0.0,0.0,0.0,0.0486,-4.8585,false
credit,affordability,county,Laikipia,75,62842.9586,11991.1444,11991.1444,0.1908,0.1678,0.5473,-35.6506,false
credit,awareness,county,Laikipia,75,62842.9586,1765.3976,1765.3976,0.0281,0.0247,0.1042,-7.6092,false
credit,eligibility,county,Laikipia,75,62842.9586,9423.1497,9423.1497,0.1499,0.1319,0.1366,1.33,false
credit,other,county,Laikipia,75,62842.9586,0.0,0.0,0.0,0.0,0.0118,-1.1776,false
credit,relevance,county,Laikipia,75,62842.9586,43196.1745,48280.2422,0.6874,0.6756,0.5234,16.3994,false
credit,trust,county,Laikipia,75,62842.9586,0.0,0.0,0.0,0.0,0.0486,-4.8585,false
credit,affordability,county,Lamu,141,51305.3451,48367.825,48367.825,0.9427,0.8198,0.5473,39.5427,false
credit,awareness,county,Lamu,141,51305.3451,0.0,0.0,0.0,0.0,0.1042,-10.4185,false
credit,eligibility,county,Lamu,141,51305.3451,467.18,467.18,0.0091,0.0079,0.1366,-12.7542,false
credit,other,county,Lamu,141,51305.3451,0.0,0.0,0.0,0.0,0.0118,-1.1776,false
credit,relevance,county,Lamu,141,51305.3451,8605.2143,9271.9976,0.1677,0.1571,0.5234,-35.5647,false
credit,trust,county,Lamu,141,51305.3451,894.5109,894.5109,0.0174,0.0152,0.0486,-3.115,false
credit,affordability,county,Machakos,68,142827.2001,84970.7812,84970.7812,0.5949,0.3947,0.5473,4.7603,false
credit,awareness,county,Machakos,68,142827.2001,7509.1081,7509.1081,0.0526,0.0349,0.1042,-5.161,false
credit,eligibility,county,Machakos,68,142827.2001,32204.2837,37628.9092,0.2255,0.1748,0.1366,8.883,false
credit,other,county,Machakos,68,142827.2001,0.0,0.0,0.0,0.0,0.0118,-1.1776,false
credit,relevance,county,Machakos,68,142827.2001,76883.5568,76883.5568,0.5383,0.3572,0.5234,1.4925,false
credit,trust,county,Machakos,68,142827.2001,8266.7573,8266.7573,0.0579,0.0384,0.0486,0.9294,false
credit,affordability,county,Makueni,71,109374.1433,70059.6235,70059.6235,0.6406,0.4625,0.5473,9.3233,false
credit,awareness,county,Makueni,71,109374.1433,2784.9897,2784.9897,0.0255,0.0184,0.1042,-7.8722,false
credit,eligibility,county,Makueni,71,109374.1433,9832.0151,9832.0151,0.0899,0.0649,0.1366,-4.6754,false
credit,other,county,Makueni,71,109374.1433,601.2897,601.2897,0.0055,0.004,0.0118,-0.6279,false
credit,relevance,county,Makueni,71,109374.1433,46072.7687,67656.7341,0.4212,0.4467,0.5234,-10.2133,false
credit,trust,county,Makueni,71,109374.1433,538.8248,538.8248,0.0049,0.0036,0.0486,-4.3659,false
credit,affordability,county,Mandera,132,143180.5416,120921.5295,120921.5295,0.8445,0.6589,0.5473,29.7221,false
credit,awareness,county,Mandera,132,143180.5416,25014.6122,25014.6122,0.1747,0.1363,0.1042,7.0522,false
credit,eligibility,county,Mandera,132,143180.5416,5369.9263,5369.9263,0.0375,0.0293,0.1366,-9.9143,false
credit,other,county,Mandera,132,143180.5416,0.0,0.0,0.0,0.0,0.0118,-1.1776,false
credit,relevance,county,Mandera,132,143180.5416,30630.9297,30630.9297,0.2139,0.1669,0.5234,-30.9441,false
credit,trust,county,Mandera,132,143180.5416,1569.4077,1569.4077,0.011,0.0086,0.0486,-3.7624,false
credit,affordability,county,Marsabit,102,82539.6071,47580.1228,47580.1228,0.5765,0.5439,0.5473,2.9134,false
credit,awareness,county,Marsabit,102,82539.6071,4147.1829,4147.1829,0.0502,0.0474,0.1042,-5.394,false
credit,eligibility,county,Marsabit,102,82539.6071,2590.5663,2590.5663,0.0314,0.0296,0.1366,-10.5262,false
credit,other,county,Marsabit,102,82539.6071,0.0,0.0,0.0,0.0,0.0118,-1.1776,false
credit,relevance,county,Marsabit,102,82539.6071,29741.8365,32063.9435,0.3603,0.3665,0.5234,-16.3039,false
credit,trust,county,Marsabit,102,82539.6071,1093.384,1093.384,0.0132,0.0125,0.0486,-3.5339,false
credit,affordability,county,Meru,17,28978.5436,14880.5434,14880.5434,0.5135,0.4002,0.5473,-3.3815,true
credit,awareness,county,Meru,17,28978.5436,2001.6405,2001.6405,0.0691,0.0538,0.1042,-3.5111,true
credit,eligibility,county,Meru,17,28978.5436,5873.8685,5873.8685,0.2027,0.158,0.1366,6.605,true
credit,other,county,Meru,17,28978.5436,0.0,0.0,0.0,0.0,0.0118,-1.1776,true
credit,relevance,county,Meru,17,28978.5436,14431.2362,14431.2362,0.498,0.3881,0.5234,-2.5376,true
credit,trust,county,Meru,17,28978.5436,0.0,0.0,0.0,0.0,0.0486,-4.8585,true
credit,affordability,county,Migori,147,165899.0664,125862.6811,125862.6811,0.7587,0.3257,0.5473,21.1353,false
credit,awareness,county,Migori,147,165899.0664,43641.599,43641.599,0.2631,0.1129,0.1042,15.8877,false
credit,eligibility,county,Migori,147,165899.0664,32088.8622,172099.7587,0.1934,0.4454,0.1366,5.6776,false
credit,other,county,Migori,147,165899.0664,3660.7135,3660.7135,0.0221,0.0095,0.0118,1.029,false
credit,relevance,county,Migori,147,165899.0664,34208.1524,38949.5807,0.2062,0.1008,0.5234,-31.7174,false
credit,trust,county,Migori,147,165899.0664,2188.3027,2188.3027,0.0132,0.0057,0.0486,-3.5395,false
credit,affordability,county,Mombasa,81,151862.7612,54807.6004,54807.6004,0.3609,0.3184,0.5473,-18.6415,false
credit,awareness,county,Mombasa,81,151862.7612,542.1924,542.1924,0.0036,0.0032,0.1042,-10.0614,false
credit,eligibility,county,Mombasa,81,151862.7612,8546.8503,8546.8503,0.0563,0.0497,0.1366,-8.0368,false
credit,other,county,Mombasa,81,151862.7612,0.0,0.0,0.0,0.0,0.0118,-1.1776,false
credit,relevance,county,Mombasa,81,151862.7612,99916.7005,108210.8083,0.6579,0.6287,0.5234,13.4568,false
credit,trust,county,Mombasa,81,151862.7612,0.0,0.0,0.0,0.0,0.0486,-4.8585,false
credit,affordability,county,Murang'a,83,111304.1744,52343.3584,52343.3584,0.4703,0.2393,0.5473,-7.7045,false
credit,awareness,county,Murang'a,83,111304.1744,7950.5114,7950.5114,0.0714,0.0363,0.1042,-3.2754,false
credit,eligibility,county,Murang'a,83,111304.1744,9257.1633,86454.8659,0.0832,0.3952,0.1366,-5.3478,false
credit,other,county,Murang'a,83,111304.1744,2661.9897,2661.9897,0.0239,0.0122,0.0118,1.214,false
credit,relevance,county,Murang'a,83,111304.1744,56304.6629,56779.4592,0.5059,0.2595,0.5234,-1.751,false
credit,trust,county,Murang'a,83,111304.1744,12582.1922,12582.1922,0.113,0.0575,0.0486,6.4458,false
credit,affordability,county,Nairobi City,116,664025.819,246083.2214,246083.2214,0.3706,0.2215,0.5473,-17.6725,false
credit,awareness,county,Nairobi City,116,664025.819,20083.1387,20083.1387,0.0302,0.0181,0.1042,-7.394,false
credit,eligibility,county,Nairobi City,116,664025.819,47386.2059,47386.2059,0.0714,0.0427,0.1366,-6.5286,false
credit,other,county,Nairobi City,116,664025.819,4519.7285,4519.7285,0.0068,0.0041,0.0118,-0.497,false
credit,relevance,county,Nairobi City,116,664025.819,493115.1708,653648.5646,0.7426,0.5884,0.5234,21.9242,false
credit,trust,county,Nairobi City,116,664025.819,139118.9957,139118.9957,0.2095,0.1252,0.0486,16.0923,false
credit,affordability,county,Nakuru,98,245461.091,120997.012,120997.012,0.4929,0.3185,0.5473,-5.438,false
credit,awareness,county,Nakuru,98,245461.091,25871.0005,25871.0005,0.1054,0.0681,0.1042,0.1213,false
credit,eligibility,county,Nakuru,98,245461.091,36184.2446,36184.2446,0.1474,0.0953,0.1366,1.0766,false
credit,other,county,Nakuru,98,245461.091,2141.9937,2141.9937,0.0087,0.0056,0.0118,-0.305,false
credit,relevance,county,Nakuru,98,245461.091,139716.4792,179295.4586,0.5692,0.472,0.5234,4.5827,false
credit,trust,county,Nakuru,98,245461.091,15358.5259,15358.5259,0.0626,0.0404,0.0486,1.3985,false
credit,affordability,county,Nandi,57,76902.5766,40009.7351,40009.7351,0.5203,0.3567,0.5473,-2.7052,false
credit,awareness,county,Nandi,57,76902.5766,14225.1652,14225.1652,0.185,0.1268,0.1042,8.0792,false
credit,eligibility,county,Nandi,57,76902.5766,879.0936,879.0936,0.0114,0.0078,0.1366,-12.5216,false
credit,other,county,Nandi,57,76902.5766,0.0,0.0,0.0,0.0,0.0118,-1.1776,false
credit,relevance,county,Nandi,57,76902.5766,50599.2566,57065.6478,0.658,0.5087,0.5234,13.4593,false
credit,trust,county,Nandi,57,76902.5766,0.0,0.0,0.0,0.0,0.0486,-4.8585,false
credit,affordability,county,Narok,89,157705.263,69213.4354,69213.4354,0.4389,0.2426,0.5473,-10.8439,false
credit,awareness,county,Narok,89,157705.263,23638.7526,23638.7526,0.1499,0.0829,0.1042,4.5707,false
credit,eligibility,county,Narok,89,157705.263,41915.9101,41915.9101,0.2658,0.1469,0.1366,12.9139,false
credit,other,county,Narok,89,157705.263,2351.1387,2351.1387,0.0149,0.0082,0.0118,0.3132,false
credit,relevance,county,Narok,89,157705.263,88316.1779,147519.8363,0.56,0.5171,0.5234,3.6635,false
credit,trust,county,Narok,89,157705.263,643.708,643.708,0.0041,0.0023,0.0486,-4.4504,false
credit,affordability,county,Nyamira,117,99854.6439,59831.079,59831.079,0.5992,0.4309,0.5473,5.1864,false
credit,awareness,county,Nyamira,117,99854.6439,16392.3131,16392.3131,0.1642,0.1181,0.1042,5.9977,false
credit,eligibility,county,Nyamira,117,99854.6439,577.9902,577.9902,0.0058,0.0042,0.1366,-13.0859,false
credit,other,county,Nyamira,117,99854.6439,0.0,0.0,0.0,0.0,0.0118,-1.1776,false
credit,relevance,county,Nyamira,117,99854.6439,46875.247,57922.652,0.4694,0.4172,0.5234,-5.3938,false
credit,trust,county,Nyamira,117,99854.6439,4116.7939,4116.7939,0.0412,0.0297,0.0486,-0.7358,false
credit,affordability,county,Nyandarua,57,57612.8212,22004.8824,22004.8824,0.3819,0.1711,0.5473,-16.5373,false
credit,awareness,county,Nyandarua,57,57612.8212,2286.4104,2286.4104,0.0397,0.0178,0.1042,-6.4499,false
credit,eligibility,county,Nyandarua,57,57612.8212,5002.0061,5002.0061,0.0868,0.0389,0.1366,-4.9827,false
credit,other,county,Nyandarua,57,57612.8212,2086.6184,2086.6184,0.0362,0.0162,0.0118,2.4442,false
credit,relevance,county,Nyandarua,57,57612.8212,38824.4695,97249.7849,0.6739,0.756,0.5234,15.0513,false
credit,trust,county,Nyandarua,57,57612.8212,0.0,0.0,0.0,0.0,0.0486,-4.8585,false
credit,affordability,county,Nyeri,74,85546.7234,34945.7744,34945.7744,0.4085,0.3336,0.5473,-13.8818,false
credit,awareness,county,Nyeri,74,85546.7234,2945.7922,2945.7922,0.0344,0.0281,0.1042,-6.975,false
credit,eligibility,county,Nyeri,74,85546.7234,5463.7379,5463.7379,0.0639,0.0522,0.1366,-7.2779,false
credit,other,county,Nyeri,74,85546.7234,0.0,0.0,0.0,0.0,0.0118,-1.1776,false
credit,relevance,county,Nyeri,74,85546.7234,50886.774,59002.8546,0.5948,0.5633,0.5234,7.1469,false
credit,trust,county,Nyeri,74,85546.7234,2392.9747,2392.9747,0.028,0.0228,0.0486,-2.0613,false
credit,affordability,county,Samburu,55,38100.8779,11746.3213,11746.3213,0.3083,0.2934,0.5473,-23.9022,false
credit,awareness,county,Samburu,55,38100.8779,1321.1598,1321.1598,0.0347,0.033,0.1042,-6.9509,false
credit,eligibility,county,Samburu,55,38100.8779,4957.2361,4957.2361,0.1301,0.1238,0.1366,-0.6539,false
credit,other,county,Samburu,55,38100.8779,0.0,0.0,0.0,0.0,0.0118,-1.1776,false
credit,relevance,county,Samburu,55,38100.8779,20882.5999,22011.2456,0.5481,0.5498,0.5234,2.4714,false
credit,trust,county,Samburu,55,38100.8779,0.0,0.0,0.0,0.0,0.0486,-4.8585,false
credit,affordability,county,Siaya,64,86533.0411,62728.94,62728.94,0.7249,0.5545,0.5473,17.7596,false
credit,awareness,county,Siaya,64,86533.0411,6165.6201,6165.6201,0.0713,0.0545,0.1042,-3.2933,false
credit,eligibility,county,Siaya,64,86533.0411,9649.7606,9649.7606,0.1115,0.0853,0.1366,-2.5132,false
credit,other,county,Siaya,64,86533.0411,0.0,0.0,0.0,0.0,0.0118,-1.1776,false
credit,relevance,county,Siaya,64,86533.0411,31462.4816,31462.4816,0.3636,0.2781,0.5234,-15.9784,false
credit,trust,county,Siaya,64,86533.0411,3114.7671,3114.7671,0.036,0.0275,0.0486,-1.259,false
credit,affordability,county,Taita-Taveta,44,30371.3602,15812.1752,15812.1752,0.5206,0.0854,0.5473,-2.669,false
credit,awareness,county,Taita-Taveta,44,30371.3602,1806.976,1806.976,0.0595,0.0098,0.1042,-4.4688,false
credit,eligibility,county,Taita-Taveta,44,30371.3602,1565.6202,1565.6202,0.0515,0.0085,0.1366,-8.5098,false
credit,other,county,Taita-Taveta,44,30371.3602,8108.4128,8108.4128,0.267,0.0438,0.0118,25.52,false
credit,relevance,county,Taita-Taveta,44,30371.3602,7332.1664,157509.8868,0.2414,0.8504,0.5234,-28.1956,false
credit,trust,county,Taita-Taveta,44,30371.3602,421.0635,421.0635,0.0139,0.0023,0.0486,-3.4722,false
credit,affordability,county,Tana River,180,86100.1801,73028.4094,73028.4094,0.8482,0.7374,0.5473,30.0862,false
credit,awareness,county,Tana River,180,86100.1801,2956.3405,2956.3405,0.0343,0.0299,0.1042,-6.9848,false
credit,eligibility,county,Tana River,180,86100.1801,4712.3442,4712.3442,0.0547,0.0476,0.1366,-8.1917,false
credit,other,county,Tana River,180,86100.1801,0.0,0.0,0.0,0.0,0.0118,-1.1776,false
credit,relevance,county,Tana River,180,86100.1801,15672.0054,17959.1656,0.182,0.1814,0.5234,-34.1352,false
credit,trust,county,Tana River,180,86100.1801,372.1154,372.1154,0.0043,0.0038,0.0486,-4.4264,false
credit,affordability,county,Tharaka-Nithi,33,28831.0158,10006.1975,10006.1975,0.3471,0.2423,0.5473,-20.0254,false
credit,awareness,county,Tharaka-Nithi,33,28831.0158,700.8186,700.8186,0.0243,0.017,0.1042,-7.9877,false
credit,eligibility,county,Tharaka-Nithi,33,28831.0158,4516.3392,5965.8586,0.1566,0.1444,0.1366,2.0001,false
credit,other,county,Tharaka-Nithi,33,28831.0158,0.0,0.0,0.0,0.0,0.0118,-1.1776,false
credit,relevance,county,Tharaka-Nithi,33,28831.0158,19802.4842,22090.191,0.6868,0.5348,0.5234,16.3474,false
credit,trust,county,Tharaka-Nithi,33,28831.0158,2539.8595,2539.8595,0.0881,0.0615,0.0486,3.9509,false
credit,affordability,county,Trans Nzoia,35,155938.6698,142661.4077,142661.4077,0.9149,0.3039,0.5473,36.7538,false
credit,awareness,county,Trans Nzoia,35,155938.6698,54436.9673,54436.9673,0.3491,0.116,0.1042,24.4908,false
credit,eligibility,county,Trans Nzoia,35,155938.6698,56614.098,56614.098,0.3631,0.1206,0.1366,22.6406,false
credit,other,county,Trans Nzoia,35,155938.6698,0.0,0.0,0.0,0.0,0.0118,-1.1776,false
credit,relevance,county,Trans Nzoia,35,155938.6698,135578.5464,215677.1784,0.8694,0.4595,0.5234,34.6062,false
credit,trust,county,Trans Nzoia,35,155938.6698,0.0,0.0,0.0,0.0,0.0486,-4.8585,false
credit,affordability,county,Turkana,189,238277.5946,212057.6168,212057.6168,0.89,0.3644,0.5473,34.2643,false
credit,awareness,county,Turkana,189,238277.5946,90666.395,90666.395,0.3805,0.1558,0.1042,27.6323,false
credit,eligibility,county,Turkana,189,238277.5946,43374.6567,43374.6567,0.182,0.0745,0.1366,4.5387,false
credit,other,county,Turkana,189,238277.5946,0.0,0.0,0.0,0.0,0.0118,-1.1776,false
credit,relevance,county,Turkana,189,238277.5946,162949.6935,233670.506,0.6839,0.4015,0.5234,16.0492,false
credit,trust,county,Turkana,189,238277.5946,2204.04,2204.04,0.0092,0.0038,0.0486,-3.9336,false
credit,affordability,county,Uasin Gishu,108,147201.8158,117352.7222,117352.7222,0.7972,0.3731,0.5473,24.9906,false
credit,awareness,county,Uasin Gishu,108,147201.8158,22921.3351,22921.3351,0.1557,0.0729,0.1042,5.1529,false
credit,eligibility,county,Uasin Gishu,108,147201.8158,35344.3606,35344.3606,0.2401,0.1124,0.1366,10.3461,false
credit,other,county,Uasin Gishu,108,147201.8158,972.8154,972.8154,0.0066,0.0031,0.0118,-0.5167,false
credit,relevance,county,Uasin Gishu,108,147201.8158,87870.8442,132171.5242,0.5969,0.4202,0.5234,7.3568,false
credit,trust,county,Uasin Gishu,108,147201.8158,5797.6971,5797.6971,0.0394,0.0184,0.0486,-0.9199,false
credit,affordability,county,Vihiga,43,46412.4197,16608.0915,16608.0915,0.3578,0.2568,0.5473,-18.948,false
credit,awareness,county,Vihiga,43,46412.4197,0.0,0.0,0.0,0.0,0.1042,-10.4185,false
credit,eligibility,county,Vihiga,43,46412.4197,11584.3129,11584.3129,0.2496,0.1792,0.1366,11.2947,false
credit,other,county,Vihiga,43,46412.4197,0.0,0.0,0.0,0.0,0.0118,-1.1776,false
credit,relevance,county,Vihiga,43,46412.4197,28960.4346,32046.4244,0.624,0.4956,0.5234,10.0607,false
credit,trust,county,Vihiga,43,46412.4197,4421.9211,4421.9211,0.0953,0.0684,0.0486,4.6689,false
credit,affordability,county,Wajir,200,185827.2743,70911.6183,70911.6183,0.3816,0.3558,0.5473,-16.5718,false
credit,awareness,county,Wajir,200,185827.2743,15687.1103,15687.1103,0.0844,0.0787,0.1042,-1.9767,false
credit,eligibility,county,Wajir,200,185827.2743,1497.2484,1497.2484,0.0081,0.0075,0.1366,-12.859,false
credit,other,county,Wajir,200,185827.2743,0.0,0.0,0.0,0.0,0.0118,-1.1776,false
credit,relevance,county,Wajir,200,185827.2743,110671.4728,111229.8136,0.5956,0.558,0.5234,7.2188,false
credit,trust,county,Wajir,200,185827.2743,0.0,0.0,0.0,0.0,0.0486,-4.8585,false
credit,affordability,county,West Pokot,94,85162.7847,38680.7603,38680.7603,0.4542,0.1588,0.5473,-9.312,false
credit,awareness,county,West Pokot,94,85162.7847,23434.1011,23434.1011,0.2752,0.0962,0.1042,17.0984,false
credit,eligibility,county,West Pokot,94,85162.7847,22248.1443,22248.1443,0.2612,0.0913,0.1366,12.4595,false
credit,other,county,West Pokot,94,85162.7847,4926.5295,4926.5295,0.0578,0.0202,0.0118,4.6072,false
credit,relevance,county,West Pokot,94,85162.7847,35850.0805,154266.9734,0.421,0.6334,0.5234,-10.2413,false
credit,trust,county,West Pokot,94,85162.7847,0.0,0.0,0.0,0.0,0.0486,-4.8585,false
credit,affordability,education,95,1,973.5078,0.0,0.0,0.0,0.0,0.5473,-54.7318,true
credit,awareness,education,95,1,973.5078,0.0,0.0,0.0,0.0,0.1042,-10.4185,true
credit,eligibility,education,95,1,973.5078,0.0,0.0,0.0,0.0,0.1366,-13.6648,true
credit,other,education,95,1,973.5078,0.0,0.0,0.0,0.0,0.0118,-1.1776,true
credit,relevance,education,95,1,973.5078,973.5078,973.5078,1.0,1.0,0.5234,47.6627,true
credit,trust,education,95,1,973.5078,0.0,0.0,0.0,0.0,0.0486,-4.8585,true
credit,affordability,education,Completed technical training after secondary school,130,256435.4735,85161.3081,85161.3081,0.3321,0.1237,0.5473,-21.5221,false
credit,awareness,education,Completed technical training after secondary school,130,256435.4735,5699.6072,5699.6072,0.0222,0.0083,0.1042,-8.1958,false
credit,eligibility,education,Completed technical training after secondary school,130,256435.4735,18948.9005,102025.2657,0.0739,0.1482,0.1366,-6.2754,false
credit,other,education,Completed technical training after secondary school,130,256435.4735,11409.191,11409.191,0.0445,0.0166,0.0118,3.2715,false
credit,relevance,education,Completed technical training after secondary school,130,256435.4735,207221.1444,421506.3279,0.8081,0.6122,0.5234,28.471,false
credit,trust,education,Completed technical training after secondary school,130,256435.4735,62716.3774,62716.3774,0.2446,0.0911,0.0486,19.5984,false
credit,affordability,education,Don't know (DO NOT READ OUT),1,3260.8496,0.0,0.0,0.0,0.0,0.5473,-54.7318,true
credit,awareness,education,Don't know (DO NOT READ OUT),1,3260.8496,0.0,0.0,0.0,0.0,0.1042,-10.4185,true
credit,eligibility,education,Don't know (DO NOT READ OUT),1,3260.8496,0.0,0.0,0.0,0.0,0.1366,-13.6648,true
credit,other,education,Don't know (DO NOT READ OUT),1,3260.8496,0.0,0.0,0.0,0.0,0.0118,-1.1776,true
credit,relevance,education,Don't know (DO NOT READ OUT),1,3260.8496,3260.8496,3260.8496,1.0,1.0,0.5234,47.6627,true
credit,trust,education,Don't know (DO NOT READ OUT),1,3260.8496,0.0,0.0,0.0,0.0,0.0486,-4.8585,true
credit,affordability,education,None,1220,1133860.5808,715117.8715,715117.8715,0.6307,0.4115,0.5473,8.3375,false
credit,awareness,education,None,1220,1133860.5808,217040.1738,217040.1738,0.1914,0.1249,0.1042,8.7232,false
credit,eligibility,education,None,1220,1133860.5808,62027.6503,62027.6503,0.0547,0.0357,0.1366,-8.1943,false
credit,other,education,None,1220,1133860.5808,8602.7833,8602.7833,0.0076,0.005,0.0118,-0.4189,false
credit,relevance,education,None,1220,1133860.5808,494277.0292,719522.886,0.4359,0.4141,0.5234,-8.7449,false
credit,trust,education,None,1220,1133860.5808,15363.4072,15363.4072,0.0135,0.0088,0.0486,-3.5036,false
credit,affordability,education,Other (Specify),1,1095.3998,1095.3998,1095.3998,1.0,1.0,0.5473,45.2682,true
credit,awareness,education,Other (Specify),1,1095.3998,0.0,0.0,0.0,0.0,0.1042,-10.4185,true
credit,eligibility,education,Other (Specify),1,1095.3998,0.0,0.0,0.0,0.0,0.1366,-13.6648,true
credit,other,education,Other (Specify),1,1095.3998,0.0,0.0,0.0,0.0,0.0118,-1.1776,true
credit,relevance,education,Other (Specify),1,1095.3998,0.0,0.0,0.0,0.0,0.5234,-52.3373,true
credit,trust,education,Other (Specify),1,1095.3998,0.0,0.0,0.0,0.0,0.0486,-4.8585,true
credit,affordability,education,Primary completed,560,811925.8354,496416.4789,496416.4789,0.6114,0.3965,0.5473,6.4089,false
credit,awareness,education,Primary completed,560,811925.8354,63276.9745,63276.9745,0.0779,0.0505,0.1042,-2.625,false
credit,eligibility,education,Primary completed,560,811925.8354,110205.7832,110205.7832,0.1357,0.088,0.1366,-0.0914,false
credit,other,education,Primary completed,560,811925.8354,1835.7581,1835.7581,0.0023,0.0015,0.0118,-0.9515,false
credit,relevance,education,Primary completed,560,811925.8354,427114.0024,560984.6403,0.5261,0.4481,0.5234,0.2678,false
credit,trust,education,Primary completed,560,811925.8354,19221.344,19221.344,0.0237,0.0154,0.0486,-2.4912,false
credit,affordability,education,Refused to Answer (DO NOT READ OUT),2,1350.7997,935.559,935.559,0.6926,0.4092,0.5473,14.5279,true
credit,awareness,education,Refused to Answer (DO NOT READ OUT),2,1350.7997,0.0,0.0,0.0,0.0,0.1042,-10.4185,true
credit,eligibility,education,Refused to Answer (DO NOT READ OUT),2,1350.7997,0.0,0.0,0.0,0.0,0.1366,-13.6648,true
credit,other,education,Refused to Answer (DO NOT READ OUT),2,1350.7997,0.0,0.0,0.0,0.0,0.0118,-1.1776,true
credit,relevance,education,Refused to Answer (DO NOT READ OUT),2,1350.7997,1350.7997,1350.7997,1.0,0.5908,0.5234,47.6627,true
credit,trust,education,Refused to Answer (DO NOT READ OUT),2,1350.7997,0.0,0.0,0.0,0.0,0.0486,-4.8585,true
credit,affordability,education,Secondary completed,667,1195911.1527,569896.0723,569896.0723,0.4765,0.3028,0.5473,-7.078,false
credit,awareness,education,Secondary completed,667,1195911.1527,80233.8603,80233.8603,0.0671,0.0426,0.1042,-3.7094,false
credit,eligibility,education,Secondary completed,667,1195911.1527,112267.8695,173976.371,0.0939,0.0924,0.1366,-4.2771,false
credit,other,education,Secondary completed,667,1195911.1527,18039.0439,18039.0439,0.0151,0.0096,0.0118,0.3308,false
credit,relevance,education,Secondary completed,667,1195911.1527,684911.2728,951674.2956,0.5727,0.5056,0.5234,4.9338,false
credit,trust,education,Secondary completed,667,1195911.1527,88400.5082,88400.5082,0.0739,0.047,0.0486,2.5333,false
credit,affordability,education,Some primary,809,980576.5227,610363.8679,610363.8679,0.6225,0.3545,0.5473,7.5136,false
credit,awareness,education,Some primary,809,980576.5227,109124.8965,109124.8965,0.1113,0.0634,0.1042,0.7102,false
credit,eligibility,education,Some primary,809,980576.5227,125477.5939,285103.6929,0.128,0.1656,0.1366,-0.8685,false
credit,other,education,Some primary,809,980576.5227,7730.4158,7730.4158,0.0079,0.0045,0.0118,-0.3893,false
credit,relevance,education,Some primary,809,980576.5227,536358.1277,672803.3174,0.547,0.3908,0.5234,2.361,false
credit,trust,education,Some primary,809,980576.5227,36595.1653,36595.1653,0.0373,0.0213,0.0486,-1.1265,false
credit,affordability,education,Some secondary,515,917532.836,490940.8609,490940.8609,0.5351,0.2646,0.5473,-1.2251,false
credit,awareness,education,Some secondary,515,917532.836,98842.6141,98842.6141,0.1077,0.0533,0.1042,0.3542,false
credit,eligibility,education,Some secondary,515,917532.836,347617.8069,665950.4386,0.3789,0.3589,0.1366,24.2214,false
credit,other,education,Some secondary,515,917532.836,16453.1349,16453.1349,0.0179,0.0089,0.0118,0.6156,false
credit,relevance,education,Some secondary,515,917532.836,377326.8755,552982.2348,0.4112,0.298,0.5234,-11.2132,false
credit,trust,education,Some secondary,515,917532.836,30361.0039,30361.0039,0.0331,0.0164,0.0486,-1.5496,false
credit,affordability,education,Some technical training after secondary school,74,142380.2083,90720.6843,90720.6843,0.6372,0.4992,0.5473,8.9854,false
credit,awareness,education,Some technical training after secondary school,74,142380.2083,12913.6841,12913.6841,0.0907,0.0711,0.1042,-1.3486,false
credit,eligibility,education,Some technical training after secondary school,74,142380.2083,7076.2917,7076.2917,0.0497,0.0389,0.1366,-8.6948,false
credit,other,education,Some technical training after secondary school,74,142380.2083,314.675,314.675,0.0022,0.0017,0.0118,-0.9566,false
credit,relevance,education,Some technical training after secondary school,74,142380.2083,56322.5201,67219.2293,0.3956,0.3699,0.5234,-12.7795,false
credit,trust,education,Some technical training after secondary school,74,142380.2083,3472.645,3472.645,0.0244,0.0191,0.0486,-2.4196,false
credit,affordability,education,Some university,52,144043.748,64917.9757,64917.9757,0.4507,0.2212,0.5473,-9.6635,false
credit,awareness,education,Some university,52,144043.748,5588.8925,5588.8925,0.0388,0.019,0.1042,-6.5385,false
credit,eligibility,education,Some university,52,144043.748,7086.425,114014.1609,0.0492,0.3885,0.1366,-8.7451,false
credit,other,education,Some university,52,144043.748,2741.7368,2741.7368,0.019,0.0093,0.0118,0.7258,false
credit,relevance,education,Some university,52,144043.748,82335.6865,84847.2937,0.5716,0.2891,0.5234,4.8229,false
credit,trust,education,Some university,52,144043.748,21395.0125,21395.0125,0.1485,0.0729,0.0486,9.9946,false
credit,affordability,education,University completed,96,197129.7954,41474.4376,41474.4376,0.2104,0.1727,0.5473,-33.6926,false
credit,awareness,education,University completed,96,197129.7954,10140.7086,10140.7086,0.0514,0.0422,0.1042,-5.2743,false
credit,eligibility,education,University completed,96,197129.7954,0.0,0.0,0.0,0.0,0.1366,-13.6648,false
credit,other,education,University completed,96,197129.7954,1015.3719,1015.3719,0.0052,0.0042,0.0118,-0.6625,false
credit,relevance,education,University completed,96,197129.7954,157033.0015,183897.8797,0.7966,0.7658,0.5234,27.3224,false
credit,trust,education,University completed,96,197129.7954,3613.3024,3613.3024,0.0183,0.015,0.0486,-3.0256,false
credit,affordability,sex,Female,2601,3237994.8076,1770626.419,1770626.419,0.5468,0.3063,0.5473,-0.049,false
credit,awareness,sex,Female,2601,3237994.8076,344576.7588,344576.7588,0.1064,0.0596,0.1042,0.2232,false
credit,eligibility,sex,Female,2601,3237994.8076,378091.7387,872712.9554,0.1168,0.151,0.1366,-1.988,false
credit,other,sex,Female,2601,3237994.8076,51625.4351,51625.4351,0.0159,0.0089,0.0118,0.4168,false
credit,relevance,sex,Female,2601,3237994.8076,1651093.5296,2547760.0535,0.5099,0.4408,0.5234,-1.3461,false
credit,trust,sex,Female,2601,3237994.8076,193150.1993,193150.1993,0.0597,0.0334,0.0486,1.1066,false
credit,affordability,sex,Male,1527,2548481.9021,1396414.0967,1396414.0967,0.5479,0.3422,0.5473,0.0622,false
credit,awareness,sex,Male,1527,2548481.9021,258284.6527,258284.6527,0.1013,0.0633,0.1042,-0.2836,false
credit,eligibility,sex,Male,1527,2548481.9021,412616.5822,647666.6988,0.1619,0.1587,0.1366,2.5259,false
credit,other,sex,Male,1527,2548481.9021,16516.6756,16516.6756,0.0065,0.004,0.0118,-0.5295,false
credit,relevance,sex,Male,1527,2548481.9021,1377391.2876,1673263.2083,0.5405,0.4101,0.5234,1.7102,false
credit,trust,sex,Male,1527,2548481.9021,87988.5664,87988.5664,0.0345,0.0216,0.0486,-1.406,false
insurance,affordability,age_group,18-25,3427,6695732.6068,4958614.2745,4958614.2745,0.7406,0.5838,0.7615,-2.0983,false
insurance,awareness,age_group,18-25,3427,6695732.6068,1409201.2296,1409201.2296,0.2105,0.1659,0.2341,-2.3613,false
insurance,eligibility,age_group,18-25,3427,6695732.6068,1408501.8707,1408501.8707,0.2104,0.1658,0.0844,12.6,false
insurance,other,age_group,18-25,3427,6695732.6068,162104.8803,162104.8803,0.0242,0.0191,0.0277,-0.3533,false
insurance,relevance,age_group,18-25,3427,6695732.6068,478860.8534,481834.6224,0.0715,0.0567,0.0786,-0.7065,false
insurance,trust,age_group,18-25,3427,6695732.6068,73663.5462,73663.5462,0.011,0.0087,0.0165,-0.5466,false
insurance,affordability,age_group,26-35,3416,4685163.9462,3639872.9877,3639872.9877,0.7769,0.6742,0.7615,1.5347,false
insurance,awareness,age_group,26-35,3416,4685163.9462,1034959.735,1034959.735,0.2209,0.1917,0.2341,-1.3174,false
insurance,eligibility,age_group,26-35,3416,4685163.9462,84136.2442,84136.2442,0.018,0.0156,0.0844,-6.64,false
insurance,other,age_group,26-35,3416,4685163.9462,155317.4128,155317.4128,0.0332,0.0288,0.0277,0.5407,false
insurance,relevance,age_group,26-35,3416,4685163.9462,382168.2248,382997.0275,0.0816,0.0709,0.0786,0.2987,false
insurance,trust,age_group,26-35,3416,4685163.9462,101607.0261,101607.0261,0.0217,0.0188,0.0165,0.5219,false
insurance,affordability,age_group,36-45,2411,2939286.8782,2268116.0737,2268116.0737,0.7717,0.6629,0.7615,1.0109,false
insurance,awareness,age_group,36-45,2411,2939286.8782,701783.0,701783.0,0.2388,0.2051,0.2341,0.4684,false
insurance,eligibility,age_group,36-45,2411,2939286.8782,33591.8213,33591.8213,0.0114,0.0098,0.0844,-7.293,false
insurance,other,age_group,36-45,2411,2939286.8782,88481.0306,88481.0306,0.0301,0.0259,0.0277,0.2359,false
insurance,relevance,age_group,36-45,2411,2939286.8782,262693.6342,262871.3246,0.0894,0.0768,0.0786,1.0791,false
insurance,trust,age_group,36-45,2411,2939286.8782,66524.0359,66524.0359,0.0226,0.0194,0.0165,0.6165,false
insurance,affordability,age_group,46-55,1503,1658552.9094,1311156.5139,1311156.5139,0.7905,0.6777,0.7615,2.8996,false
insurance,awareness,age_group,46-55,1503,1658552.9094,417939.2887,417939.2887,0.252,0.216,0.2341,1.7915,false
insurance,eligibility,age_group,46-55,1503,1658552.9094,6887.8759,6887.8759,0.0042,0.0036,0.0844,-8.0205,false
insurance,other,age_group,46-55,1503,1658552.9094,43899.5246,43899.5246,0.0265,0.0227,0.0277,-0.1275,false
insurance,relevance,age_group,46-55,1503,1658552.9094,129573.9516,130495.4195,0.0781,0.0675,0.0786,-0.0458,false
insurance,trust,age_group,46-55,1503,1658552.9094,24291.616,24291.616,0.0146,0.0126,0.0165,-0.1822,false
insurance,affordability,age_group,Above 55,2376,2370129.3109,1795754.4028,1795754.4028,0.7577,0.6353,0.7615,-0.3886,false
insurance,awareness,age_group,Above 55,2376,2370129.3109,731130.5431,731130.5431,0.3085,0.2587,0.2341,7.4402,false
insurance,eligibility,age_group,Above 55,2376,2370129.3109,14759.4771,14759.4771,0.0062,0.0052,0.0844,-7.8131,false
insurance,other,age_group,Above 55,2376,2370129.3109,59257.2015,59257.2015,0.025,0.021,0.0277,-0.2742,false
insurance,relevance,age_group,Above 55,2376,2370129.3109,188604.0322,189443.3569,0.0796,0.067,0.0786,0.0993,false
insurance,trust,age_group,Above 55,2376,2370129.3109,36080.0256,36080.0256,0.0152,0.0128,0.0165,-0.1245,false
insurance,affordability,all,All,13133,18348865.6515,13973514.2527,13973514.2527,0.7615,0.633,0.7615,0.0,false
insurance,awareness,all,All,13133,18348865.6515,4295013.7963,4295013.7963,0.2341,0.1946,0.2341,0.0,false
insurance,eligibility,all,All,13133,18348865.6515,1547877.2891,1547877.2891,0.0844,0.0701,0.0844,0.0,false
insurance,other,all,All,13133,18348865.6515,509060.0498,509060.0498,0.0277,0.0231,0.0277,0.0,false
insurance,relevance,all,All,13133,18348865.6515,1441900.6962,1447641.7509,0.0786,0.0656,0.0786,0.0,false
insurance,trust,all,All,13133,18348865.6515,302166.2499,302166.2499,0.0165,0.0137,0.0165,0.0,false
insurance,affordability,county,Baringo,295,293432.7428,238761.6095,238761.6095,0.8137,0.6151,0.7615,5.2138,false
insurance,awareness,county,Baringo,295,293432.7428,91874.6366,91874.6366,0.3131,0.2367,0.2341,7.9028,false
insurance,eligibility,county,Baringo,295,293432.7428,30888.3141,30888.3141,0.1053,0.0796,0.0844,2.0907,false
insurance,other,county,Baringo,295,293432.7428,1544.967,1544.967,0.0053,0.004,0.0277,-2.2478,false
insurance,relevance,county,Baringo,295,293432.7428,23356.9952,23356.9952,0.0796,0.0602,0.0786,0.1017,false
insurance,trust,county,Baringo,295,293432.7428,1753.0279,1753.0279,0.006,0.0045,0.0165,-1.0494,false
insurance,affordability,county,Bomet,286,273487.1718,183843.8808,183843.8808,0.6722,0.6118,0.7615,-8.9325,false
insurance,awareness,county,Bomet,286,273487.1718,42917.8985,42917.8985,0.1569,0.1428,0.2341,-7.7147,false
insurance,eligibility,county,Bomet,286,273487.1718,17299.4208,17299.4208,0.0633,0.0576,0.0844,-2.1103,false
insurance,other,county,Bomet,286,273487.1718,32152.3785,32152.3785,0.1176,0.107,0.0277,8.9821,false
insurance,relevance,county,Bomet,286,273487.1718,20669.4955,20669.4955,0.0756,0.0688,0.0786,-0.3005,false
insurance,trust,county,Bomet,286,273487.1718,3629.2421,3629.2421,0.0133,0.0121,0.0165,-0.3198,false
insurance,affordability,county,Bungoma,338,595012.4653,502443.0476,502443.0476,0.8444,0.7006,0.7615,8.2878,false
insurance,awareness,county,Bungoma,338,595012.4653,80632.5328,80632.5328,0.1355,0.1124,0.2341,-9.8561,false
insurance,eligibility,county,Bungoma,338,595012.4653,111397.2354,111397.2354,0.1872,0.1553,0.0844,10.286,false
insurance,other,county,Bungoma,338,595012.4653,3384.1409,3384.1409,0.0057,0.0047,0.0277,-2.2056,false
insurance,relevance,county,Bungoma,338,595012.4653,15425.8261,15425.8261,0.0259,0.0215,0.0786,-5.2657,false
insurance,trust,county,Bungoma,338,595012.4653,3849.0977,3849.0977,0.0065,0.0054,0.0165,-0.9999,false
insurance,affordability,county,Busia,263,349038.7745,258828.0862,258828.0862,0.7415,0.6465,0.7615,-2.0001,false
insurance,awareness,county,Busia,263,349038.7745,73186.1627,73186.1627,0.2097,0.1828,0.2341,-2.4396,false
insurance,eligibility,county,Busia,263,349038.7745,47885.9472,47885.9472,0.1372,0.1196,0.0844,5.2836,false
insurance,other,county,Busia,263,349038.7745,2563.7893,2563.7893,0.0073,0.0064,0.0277,-2.0398,false
insurance,relevance,county,Busia,263,349038.7745,10485.985,10485.985,0.03,0.0262,0.0786,-4.854,false
insurance,trust,county,Busia,263,349038.7745,7427.7479,7427.7479,0.0213,0.0186,0.0165,0.4813,false
insurance,affordability,county,Elgeyo-Marakwet,259,166368.5864,146643.4781,146643.4781,0.8814,0.629,0.7615,11.9891,false
insurance,awareness,county,Elgeyo-Marakwet,259,166368.5864,58217.6919,58217.6919,0.3499,0.2497,0.2341,11.5857,false
insurance,eligibility,county,Elgeyo-Marakwet,259,166368.5864,19934.6576,19934.6576,0.1198,0.0855,0.0844,3.5464,false
insurance,other,county,Elgeyo-Marakwet,259,166368.5864,7452.4553,7452.4553,0.0448,0.032,0.0277,1.7051,false
insurance,relevance,county,Elgeyo-Marakwet,259,166368.5864,0.0,0.0,0.0,0.0,0.0786,-7.8583,false
insurance,trust,county,Elgeyo-Marakwet,259,166368.5864,880.7946,880.7946,0.0053,0.0038,0.0165,-1.1174,false
insurance,affordability,county,Embu,193,187333.9185,126871.1308,126871.1308,0.6772,0.6239,0.7615,-8.4301,false
insurance,awareness,county,Embu,193,187333.9185,19670.29,19670.29,0.105,0.0967,0.2341,-12.9074,false
insurance,eligibility,county,Embu,193,187333.9185,14645.0884,14645.0884,0.0782,0.072,0.0844,-0.6182,false
insurance,other,county,Embu,193,187333.9185,12020.2754,12020.2754,0.0642,0.0591,0.0277,3.6422,false
insurance,relevance,county,Embu,193,187333.9185,27747.4325,27747.4325,0.1481,0.1364,0.0786,6.9535,false
insurance,trust,county,Embu,193,187333.9185,2399.8748,2399.8748,0.0128,0.0118,0.0165,-0.3657,false
insurance,affordability,county,Garissa,255,372398.1367,267228.2068,267228.2068,0.7176,0.6107,0.7615,-4.3959,false
insurance,awareness,county,Garissa,255,372398.1367,114457.9445,114457.9445,0.3074,0.2616,0.2341,7.3279,false
insurance,eligibility,county,Garissa,255,372398.1367,19058.957,19058.957,0.0512,0.0436,0.0844,-3.3179,false
insurance,other,county,Garissa,255,372398.1367,0.0,0.0,0.0,0.0,0.0277,-2.7743,false
insurance,relevance,county,Garissa,255,372398.1367,35840.3255,35840.3255,0.0962,0.0819,0.0786,1.7659,false
insurance,trust,county,Garissa,255,372398.1367,1007.0007,1007.0007,0.0027,0.0023,0.0165,-1.3764,false
insurance,affordability,county,Homabay,332,423167.6114,362730.4715,362730.4715,0.8572,0.6982,0.7615,9.5633,false
insurance,awareness,county,Homabay,332,423167.6114,95843.6426,95843.6426,0.2265,0.1845,0.2341,-0.7584,false
insurance,eligibility,county,Homabay,332,423167.6114,50281.9492,50281.9492,0.1188,0.0968,0.0844,3.4465,false
insurance,other,county,Homabay,332,423167.6114,253.5917,253.5917,0.0006,0.0005,0.0277,-2.7144,false
insurance,relevance,county,Homabay,332,423167.6114,6735.1954,6735.1954,0.0159,0.013,0.0786,-6.2666,false
insurance,trust,county,Homabay,332,423167.6114,3659.6152,3659.6152,0.0086,0.007,0.0165,-0.782,false
insurance,affordability,county,Isiolo,188,105990.276,60115.7118,60115.7118,0.5672,0.4601,0.7615,-19.4365,false
insurance,awareness,county,Isiolo,188,105990.276,53497.5197,53497.5197,0.5047,0.4094,0.2341,27.0665,false
insurance,eligibility,county,Isiolo,188,105990.276,9275.0071,9275.0071,0.0875,0.071,0.0844,0.315,false
insurance,other,county,Isiolo,188,105990.276,1099.6843,1099.6843,0.0104,0.0084,0.0277,-1.7368,false
insurance,relevance,county,Isiolo,188,105990.276,6016.8694,6016.8694,0.0568,0.046,0.0786,-2.1814,false
insurance,trust,county,Isiolo,188,105990.276,654.9464,654.9464,0.0062,0.005,0.0165,-1.0289,false
insurance,affordability,county,Kajiado,229,380949.673,242387.0517,242387.0517,0.6363,0.564,0.7615,-12.5276,false
insurance,awareness,county,Kajiado,229,380949.673,69817.9896,69817.9896,0.1833,0.1624,0.2341,-5.0802,false
insurance,eligibility,county,Kajiado,229,380949.673,48223.3713,48223.3713,0.1266,0.1122,0.0844,4.2229,false
insurance,other,county,Kajiado,229,380949.673,4380.8976,4380.8976,0.0115,0.0102,0.0277,-1.6243,false
insurance,relevance,county,Kajiado,229,380949.673,49332.7165,50254.1843,0.1295,0.1169,0.0786,5.0917,false
insurance,trust,county,Kajiado,229,380949.673,14721.6851,14721.6851,0.0386,0.0343,0.0165,2.2177,false
insurance,affordability,county,Kakamega,383,739122.2631,505844.9071,505844.9071,0.6844,0.5868,0.7615,-7.7161,false
insurance,awareness,county,Kakamega,383,739122.2631,167392.9508,167392.9508,0.2265,0.1942,0.2341,-0.76,false
insurance,eligibility,county,Kakamega,383,739122.2631,82029.9051,82029.9051,0.111,0.0952,0.0844,2.6625,false
insurance,other,county,Kakamega,383,739122.2631,1582.55,1582.55,0.0021,0.0018,0.0277,-2.5602,false
insurance,relevance,county,Kakamega,383,739122.2631,80543.1579,80543.1579,0.109,0.0934,0.0786,3.0389,false
insurance,trust,county,Kakamega,383,739122.2631,24712.3737,24712.3737,0.0334,0.0287,0.0165,1.6967,false
insurance,affordability,county,Kericho,255,306393.0129,207877.4287,207877.4287,0.6785,0.587,0.7615,-8.308,false
insurance,awareness,county,Kericho,255,306393.0129,61350.2086,61350.2086,0.2002,0.1732,0.2341,-3.3841,false
insurance,eligibility,county,Kericho,255,306393.0129,17600.8467,17600.8467,0.0574,0.0497,0.0844,-2.6913,false
insurance,other,county,Kericho,255,306393.0129,32838.8081,32838.8081,0.1072,0.0927,0.0277,7.9435,false
insurance,relevance,county,Kericho,255,306393.0129,26156.9938,26156.9938,0.0854,0.0739,0.0786,0.6788,false
insurance,trust,county,Kericho,255,306393.0129,8320.2499,8320.2499,0.0272,0.0235,0.0165,1.0688,false
insurance,affordability,county,Kiambu,265,851571.8368,673780.3069,673780.3069,0.7912,0.7256,0.7615,2.9673,false
insurance,awareness,county,Kiambu,265,851571.8368,80168.5365,80168.5365,0.0941,0.0863,0.2341,-13.9933,false
insurance,eligibility,county,Kiambu,265,851571.8368,56417.3535,56417.3535,0.0663,0.0608,0.0844,-1.8107,false
insurance,other,county,Kiambu,265,851571.8368,25864.3323,25864.3323,0.0304,0.0279,0.0277,0.2629,false
insurance,relevance,county,Kiambu,265,851571.8368,83724.3052,83724.3052,0.0983,0.0902,0.0786,1.9735,false
insurance,trust,county,Kiambu,265,851571.8368,8568.1768,8568.1768,0.0101,0.0092,0.0165,-0.6406,false
insurance,affordability,county,Kilifi,383,609595.913,471005.1846,471005.1846,0.7727,0.6179,0.7615,1.1105,false
insurance,awareness,county,Kilifi,383,609595.913,174755.9283,174755.9283,0.2867,0.2293,0.2341,5.26,false
insurance,eligibility,county,Kilifi,383,609595.913,70363.3384,70363.3384,0.1154,0.0923,0.0844,3.1068,false
insurance,other,county,Kilifi,383,609595.913,12311.7158,12311.7158,0.0202,0.0162,0.0277,-0.7547,false
insurance,relevance,county,Kilifi,383,609595.913,31446.7642,31446.7642,0.0516,0.0413,0.0786,-2.6996,false
insurance,trust,county,Kilifi,383,609595.913,2346.2664,2346.2664,0.0038,0.0031,0.0165,-1.2619,false
insurance,affordability,county,Kirinyaga,226,205626.5379,130740.3894,130740.3894,0.6358,0.6126,0.7615,-12.5732,false
insurance,awareness,county,Kirinyaga,226,205626.5379,11308.3743,11308.3743,0.055,0.053,0.2341,-17.908,false
insurance,eligibility,county,Kirinyaga,226,205626.5379,8349.1701,8349.1701,0.0406,0.0391,0.0844,-4.3755,false
insurance,other,county,Kirinyaga,226,205626.5379,11384.8626,11384.8626,0.0554,0.0533,0.0277,2.7623,false
insurance,relevance,county,Kirinyaga,226,205626.5379,50693.8386,50693.8386,0.2465,0.2375,0.0786,16.7951,false
insurance,trust,county,Kirinyaga,226,205626.5379,957.1253,957.1253,0.0047,0.0045,0.0165,-1.1813,false
insurance,affordability,county,Kisii,300,449170.7608,333321.2368,333321.2368,0.7421,0.6096,0.7615,-1.9465,false
insurance,awareness,county,Kisii,300,449170.7608,108520.041,108520.041,0.2416,0.1985,0.2341,0.7526,false
insurance,eligibility,county,Kisii,300,449170.7608,47519.2963,47519.2963,0.1058,0.0869,0.0844,2.1435,false
insurance,other,county,Kisii,300,449170.7608,30191.1434,30191.1434,0.0672,0.0552,0.0277,3.9472,false
insurance,relevance,county,Kisii,300,449170.7608,24881.8392,24881.8392,0.0554,0.0455,0.0786,-2.3187,false
insurance,trust,county,Kisii,300,449170.7608,2335.0807,2335.0807,0.0052,0.0043,0.0165,-1.1269,false
insurance,affordability,county,Kisumu,323,415377.9174,376463.0323,376463.0323,0.9063,0.8396,0.7615,14.4768,false
insurance,awareness,county,Kisumu,323,415377.9174,21790.0089,21790.0089,0.0525,0.0486,0.2341,-18.1617,false
insurance,eligibility,county,Kisumu,323,415377.9174,29398.221,29398.221,0.0708,0.0656,0.0844,-1.3584,false
insurance,other,county,Kisumu,323,415377.9174,0.0,0.0,0.0,0.0,0.0277,-2.7743,false
insurance,relevance,county,Kisumu,323,415377.9174,7556.3596,7556.3596,0.0182,0.0169,0.0786,-6.0391,false
insurance,trust,county,Kisumu,323,415377.9174,13177.7266,13177.7266,0.0317,0.0294,0.0165,1.5257,false
insurance,affordability,county,Kitui,313,555552.4674,487081.1535,487081.1535,0.8768,0.732,0.7615,11.5204,false
insurance,awareness,county,Kitui,313,555552.4674,88902.7482,88902.7482,0.16,0.1336,0.2341,-7.4049,false
insurance,eligibility,county,Kitui,313,555552.4674,32508.0861,32508.0861,0.0585,0.0489,0.0844,-2.5843,false
insurance,other,county,Kitui,313,555552.4674,785.5424,785.5424,0.0014,0.0012,0.0277,-2.6329,false
insurance,relevance,county,Kitui,313,555552.4674,38225.4355,38225.4355,0.0688,0.0574,0.0786,-0.9776,false
insurance,trust,county,Kitui,313,555552.4674,17916.2502,17916.2502,0.0322,0.0269,0.0165,1.5782,false
insurance,affordability,county,Kwale,274,364121.3073,241074.1255,241074.1255,0.6621,0.5465,0.7615,-9.9476,false
insurance,awareness,county,Kwale,274,364121.3073,137788.241,137788.241,0.3784,0.3123,0.2341,14.4338,false
insurance,eligibility,county,Kwale,274,364121.3073,37338.1445,37338.1445,0.1025,0.0846,0.0844,1.8185,false
insurance,other,county,Kwale,274,364121.3073,10499.2341,10499.2341,0.0288,0.0238,0.0277,0.1091,false
insurance,relevance,county,Kwale,274,364121.3073,9119.9856,9119.9856,0.025,0.0207,0.0786,-5.3536,false
insurance,trust,county,Kwale,274,364121.3073,5325.4163,5325.4163,0.0146,0.0121,0.0165,-0.1842,false
insurance,affordability,county,Laikipia,169,155415.7591,101087.4625,101087.4625,0.6504,0.6137,0.7615,-11.1114,false
insurance,awareness,county,Laikipia,169,155415.7591,31223.0559,31223.0559,0.2009,0.1896,0.2341,-3.3175,false
insurance,eligibility,county,Laikipia,169,155415.7591,18676.5608,18676.5608,0.1202,0.1134,0.0844,3.5813,false
insurance,other,county,Laikipia,169,155415.7591,0.0,0.0,0.0,0.0,0.0277,-2.7743,false
insurance,relevance,county,Laikipia,169,155415.7591,13447.8739,13447.8739,0.0865,0.0816,0.0786,0.7946,false
insurance,trust,county,Laikipia,169,155415.7591,280.1056,280.1056,0.0018,0.0017,0.0165,-1.4666,false
insurance,affordability,county,Lamu,209,82612.7382,76277.4424,76277.4424,0.9233,0.9103,0.7615,16.1767,false
insurance,awareness,county,Lamu,209,82612.7382,5092.6636,5092.6636,0.0616,0.0608,0.2341,-17.243,false
insurance,eligibility,county,Lamu,209,82612.7382,507.7268,507.7268,0.0061,0.0061,0.0844,-7.8212,false
insurance,other,county,Lamu,209,82612.7382,0.0,0.0,0.0,0.0,0.0277,-2.7743,false
insurance,relevance,county,Lamu,209,82612.7382,1915.0571,1915.0571,0.0232,0.0229,0.0786,-5.5401,false
insurance,trust,county,Lamu,209,82612.7382,0.0,0.0,0.0,0.0,0.0165,-1.6468,false
insurance,affordability,county,Machakos,288,544764.5289,451816.6927,451816.6927,0.8294,0.7214,0.7615,6.7833,false
insurance,awareness,county,Machakos,288,544764.5289,98166.6805,98166.6805,0.1802,0.1567,0.2341,-5.3875,false
insurance,eligibility,county,Machakos,288,544764.5289,47160.7313,47160.7313,0.0866,0.0753,0.0844,0.2213,false
insurance,other,county,Machakos,288,544764.5289,11450.358,11450.358,0.021,0.0183,0.0277,-0.6724,false
insurance,relevance,county,Machakos,288,544764.5289,11437.3882,11437.3882,0.021,0.0183,0.0786,-5.7587,false
insurance,trust,county,Machakos,288,544764.5289,6316.9236,6316.9236,0.0116,0.0101,0.0165,-0.4872,false
insurance,affordability,county,Makueni,299,421601.3784,351158.4541,351158.4541,0.8329,0.7711,0.7615,7.1369,false
insurance,awareness,county,Makueni,299,421601.3784,21492.6669,21492.6669,0.051,0.0472,0.2341,-18.3097,false
insurance,eligibility,county,Makueni,299,421601.3784,32361.9294,32361.9294,0.0768,0.0711,0.0844,-0.7599,false
insurance,other,county,Makueni,299,421601.3784,11031.5072,11031.5072,0.0262,0.0242,0.0277,-0.1578,false
insurance,relevance,county,Makueni,299,421601.3784,37333.0957,37333.0957,0.0886,0.082,0.0786,0.9968,false
insurance,trust,county,Makueni,299,421601.3784,2048.3379,2048.3379,0.0049,0.0045,0.0165,-1.1609,false
insurance,affordability,county,Mandera,289,309648.1505,251182.2474,251182.2474,0.8112,0.5151,0.7615,4.964,false
insurance,awareness,county,Mandera,289,309648.1505,223447.382,223447.382,0.7216,0.4582,0.2341,48.7542,false
insurance,eligibility,county,Mandera,289,309648.1505,0.0,0.0,0.0,0.0,0.0844,-8.4358,false
insurance,other,county,Mandera,289,309648.1505,0.0,0.0,0.0,0.0,0.0277,-2.7743,false
insurance,relevance,county,Mandera,289,309648.1505,9487.4169,12461.186,0.0306,0.0256,0.0786,-4.7943,false
insurance,trust,county,Mandera,289,309648.1505,528.0965,528.0965,0.0017,0.0011,0.0165,-1.4762,false
insurance,affordability,county,Marsabit,276,195502.4773,72625.2573,72625.2573,0.3715,0.3715,0.7615,-39.0067,false
insurance,awareness,county,Marsabit,276,195502.4773,114078.0003,114078.0003,0.5835,0.5835,0.2341,34.9437,false
insurance,eligibility,county,Marsabit,276,195502.4773,4895.2392,4895.2392,0.025,0.025,0.0844,-5.9319,false
insurance,other,county,Marsabit,276,195502.4773,1154.523,1154.523,0.0059,0.0059,0.0277,-2.1838,false
insurance,relevance,county,Marsabit,276,195502.4773,1759.2008,1759.2008,0.009,0.009,0.0786,-6.9584,false
insurance,trust,county,Marsabit,276,195502.4773,990.2567,990.2567,0.0051,0.0051,0.0165,-1.1403,false
insurance,affordability,county,Meru,367,627831.83,578992.1037,578992.1037,0.9222,0.8173,0.7615,16.0662,false
insurance,awareness,county,Meru,367,627831.83,35520.5112,35520.5112,0.0566,0.0501,0.2341,-17.7499,false
insurance,eligibility,county,Meru,367,627831.83,51053.7541,51053.7541,0.0813,0.0721,0.0844,-0.3041,false
insurance,other,county,Meru,367,627831.83,1049.8315,1049.8315,0.0017,0.0015,0.0277,-2.6071,false
insurance,relevance,county,Meru,367,627831.83,31686.0922,31686.0922,0.0505,0.0447,0.0786,-2.8113,false
insurance,trust,county,Meru,367,627831.83,10090.3855,10090.3855,0.0161,0.0142,0.0165,-0.0396,false
insurance,affordability,county,Migori,367,441134.065,309333.3568,309333.3568,0.7012,0.5636,0.7615,-6.0323,false
insurance,awareness,county,Migori,367,441134.065,167136.0075,167136.0075,0.3789,0.3045,0.2341,14.4803,false
insurance,eligibility,county,Migori,367,441134.065,47576.5638,47576.5638,0.1079,0.0867,0.0844,2.3492,false
insurance,other,county,Migori,367,441134.065,1993.9379,1993.9379,0.0045,0.0036,0.0277,-2.3223,false
insurance,relevance,county,Migori,367,441134.065,17015.7773,17015.7773,0.0386,0.031,0.0786,-4.001,false
insurance,trust,county,Migori,367,441134.065,5767.3351,5767.3351,0.0131,0.0105,0.0165,-0.3394,false
insurance,affordability,county,Mombasa,277,539922.5662,424284.2825,424284.2825,0.7858,0.7511,0.7615,2.4278,false
insurance,awareness,county,Mombasa,277,539922.5662,56136.1888,56136.1888,0.104,0.0994,0.2341,-13.0104,false
insurance,eligibility,county,Mombasa,277,539922.5662,24110.8668,24110.8668,0.0447,0.0427,0.0844,-3.9702,false
insurance,other,county,Mombasa,277,539922.5662,11269.5526,11269.5526,0.0209,0.02,0.0277,-0.6871,false
insurance,relevance,county,Mombasa,277,539922.5662,35127.7382,35127.7382,0.0651,0.0622,0.0786,-1.3522,false
insurance,trust,county,Mombasa,277,539922.5662,13932.9181,13932.9181,0.0258,0.0247,0.0165,0.9338,false
insurance,affordability,county,Murang'a,298,429104.471,300772.0061,300772.0061,0.7009,0.6597,0.7615,-6.0617,false
insurance,awareness,county,Murang'a,298,429104.471,60334.4863,60334.4863,0.1406,0.1323,0.2341,-9.347,false
insurance,eligibility,county,Murang'a,298,429104.471,31169.7451,31169.7451,0.0726,0.0684,0.0844,-1.1719,false
insurance,other,county,Murang'a,298,429104.471,21470.3153,21470.3153,0.05,0.0471,0.0277,2.2292,false
insurance,relevance,county,Murang'a,298,429104.471,37633.1272,37633.1272,0.0877,0.0825,0.0786,0.9119,false
insurance,trust,county,Murang'a,298,429104.471,4576.5774,4576.5774,0.0107,0.01,0.0165,-0.5802,false
insurance,affordability,county,Nairobi City,318,1561930.225,1182126.576,1182126.576,0.7568,0.7028,0.7615,-0.4709,false
insurance,awareness,county,Nairobi City,318,1561930.225,143718.3142,143718.3142,0.092,0.0854,0.2341,-14.2062,false
insurance,eligibility,county,Nairobi City,318,1561930.225,94252.9642,94252.9642,0.0603,0.056,0.0844,-2.4014,false
insurance,other,county,Nairobi City,318,1561930.225,72825.1324,72825.1324,0.0466,0.0433,0.0277,1.8882,false
insurance,relevance,county,Nairobi City,318,1561930.225,161611.4106,161611.4106,0.1035,0.0961,0.0786,2.4886,false
insurance,trust,county,Nairobi City,318,1561930.225,27494.5477,27494.5477,0.0176,0.0163,0.0165,0.1135,false
insurance,affordability,county,Nakuru,340,858814.8374,680341.9952,680341.9952,0.7922,0.6504,0.7615,3.0641,false
insurance,awareness,county,Nakuru,340,858814.8374,191007.0143,191007.0143,0.2224,0.1826,0.2341,-1.1667,false
insurance,eligibility,county,Nakuru,340,858814.8374,72153.2559,72153.2559,0.084,0.069,0.0844,-0.0343,false
insurance,other,county,Nakuru,340,858814.8374,32560.2161,32560.2161,0.0379,0.0311,0.0277,1.017,false
insurance,relevance,county,Nakuru,340,858814.8374,47564.0358,47564.0358,0.0554,0.0455,0.0786,-2.3199,false
insurance,trust,county,Nakuru,340,858814.8374,22472.8319,22472.8319,0.0262,0.0215,0.0165,0.9699,false
insurance,affordability,county,Nandi,321,375305.481,295660.7309,295660.7309,0.7878,0.5799,0.7615,2.624,false
insurance,awareness,county,Nandi,321,375305.481,145719.4465,145719.4465,0.3883,0.2858,0.2341,15.4194,false
insurance,eligibility,county,Nandi,321,375305.481,10616.0995,10616.0995,0.0283,0.0208,0.0844,-5.6072,false
insurance,other,county,Nandi,321,375305.481,16292.5192,16292.5192,0.0434,0.032,0.0277,1.5668,false
insurance,relevance,county,Nandi,321,375305.481,37223.4698,38062.7946,0.0992,0.0747,0.0786,2.0599,false
insurance,trust,county,Nandi,321,375305.481,3521.3307,3521.3307,0.0094,0.0069,0.0165,-0.7085,false
insurance,affordability,county,Narok,286,420162.7265,268484.8909,268484.8909,0.639,0.518,0.7615,-12.2544,false
insurance,awareness,county,Narok,286,420162.7265,123205.1808,123205.1808,0.2932,0.2377,0.2341,5.9157,false
insurance,eligibility,county,Narok,286,420162.7265,33361.6712,33361.6712,0.0794,0.0644,0.0844,-0.4956,false
insurance,other,county,Narok,286,420162.7265,28396.8563,28396.8563,0.0676,0.0548,0.0277,3.9842,false
insurance,relevance,county,Narok,286,420162.7265,46865.929,46865.929,0.1115,0.0904,0.0786,3.296,false
insurance,trust,county,Narok,286,420162.7265,17946.8297,17946.8297,0.0427,0.0346,0.0165,2.6246,false
insurance,affordability,county,Nyamira,294,234492.1554,171873.3981,171873.3981,0.733,0.6438,0.7615,-2.8586,false
insurance,awareness,county,Nyamira,294,234492.1554,42910.6721,42910.6721,0.183,0.1607,0.2341,-5.1081,false
insurance,eligibility,county,Nyamira,294,234492.1554,3692.2509,3692.2509,0.0157,0.0138,0.0844,-6.8612,false
insurance,other,county,Nyamira,294,234492.1554,19405.1935,19405.1935,0.0828,0.0727,0.0277,5.5011,false
insurance,relevance,county,Nyamira,294,234492.1554,25258.558,25258.558,0.1077,0.0946,0.0786,2.9133,false
insurance,trust,county,Nyamira,294,234492.1554,3843.0286,3843.0286,0.0164,0.0144,0.0165,-0.0079,false
insurance,affordability,county,Nyandarua,211,212005.1673,120453.5226,120453.5226,0.5682,0.5159,0.7615,-19.3383,false
insurance,awareness,county,Nyandarua,211,212005.1673,19729.6472,19729.6472,0.0931,0.0845,0.2341,-14.1013,false
insurance,eligibility,county,Nyandarua,211,212005.1673,24118.0711,24118.0711,0.1138,0.1033,0.0844,2.9404,false
insurance,other,county,Nyandarua,211,212005.1673,23195.8207,23195.8207,0.1094,0.0993,0.0277,8.1668,false
insurance,relevance,county,Nyandarua,211,212005.1673,43079.0974,43079.0974,0.2032,0.1845,0.0786,12.4616,false
insurance,trust,county,Nyandarua,211,212005.1673,2910.8729,2910.8729,0.0137,0.0125,0.0165,-0.2738,false
insurance,affordability,county,Nyeri,221,268830.5017,181304.892,181304.892,0.6744,0.6134,0.7615,-8.7126,false
insurance,awareness,county,Nyeri,221,268830.5017,21499.4596,21499.4596,0.08,0.0727,0.2341,-15.4101,false
insurance,eligibility,county,Nyeri,221,268830.5017,11239.0411,11239.0411,0.0418,0.038,0.0844,-4.2551,false
insurance,other,county,Nyeri,221,268830.5017,22413.3808,22413.3808,0.0834,0.0758,0.0277,5.563,false
insurance,relevance,county,Nyeri,221,268830.5017,45894.2347,45894.2347,0.1707,0.1553,0.0786,9.2136,false
insurance,trust,county,Nyeri,221,268830.5017,13244.8632,13244.8632,0.0493,0.0448,0.0165,3.2801,false
insurance,affordability,county,Samburu,221,113952.704,35032.6542,35032.6542,0.3074,0.2987,0.7615,-45.4115,false
insurance,awareness,county,Samburu,221,113952.704,61738.3488,61738.3488,0.5418,0.5264,0.2341,30.7714,false
insurance,eligibility,county,Samburu,221,113952.704,15311.7775,15311.7775,0.1344,0.1306,0.0844,5.0011,false
insurance,other,county,Samburu,221,113952.704,642.5004,642.5004,0.0056,0.0055,0.0277,-2.2105,false
insurance,relevance,county,Samburu,221,113952.704,4561.0149,4561.0149,0.04,0.0389,0.0786,-3.8557,false
insurance,trust,county,Samburu,221,113952.704,0.0,0.0,0.0,0.0,0.0165,-1.6468,false
insurance,affordability,county,Siaya,288,412080.2794,342821.4693,342821.4693,0.8319,0.7452,0.7615,7.0382,false
insurance,awareness,county,Siaya,288,412080.2794,59502.0897,59502.0897,0.1444,0.1293,0.2341,-8.9681,false
insurance,eligibility,county,Siaya,288,412080.2794,33702.6844,33702.6844,0.0818,0.0733,0.0844,-0.2572,false
insurance,other,county,Siaya,288,412080.2794,2784.2091,2784.2091,0.0068,0.0061,0.0277,-2.0987,false
insurance,relevance,county,Siaya,288,412080.2794,14049.654,14049.654,0.0341,0.0305,0.0786,-4.4488,false
insurance,trust,county,Siaya,288,412080.2794,7192.9303,7192.9303,0.0175,0.0156,0.0165,0.0987,false
insurance,affordability,county,Taita-Taveta,230,135160.5724,113339.8665,113339.8665,0.8386,0.7725,0.7615,7.7011,false
insurance,awareness,county,Taita-Taveta,230,135160.5724,12424.4623,12424.4623,0.0919,0.0847,0.2341,-14.2151,false
insurance,eligibility,county,Taita-Taveta,230,135160.5724,7592.6929,7592.6929,0.0562,0.0518,0.0844,-2.8183,false
insurance,other,county,Taita-Taveta,230,135160.5724,3081.5249,3081.5249,0.0228,0.021,0.0277,-0.4944,false
insurance,relevance,county,Taita-Taveta,230,135160.5724,9272.5492,9272.5492,0.0686,0.0632,0.0786,-0.9979,false
insurance,trust,county,Taita-Taveta,230,135160.5724,1007.1251,1007.1251,0.0075,0.0069,0.0165,-0.9017,false
insurance,affordability,county,Tana River,288,152059.4119,137111.941,137111.941,0.9017,0.7824,0.7615,14.0153,false
insurance,awareness,county,Tana River,288,152059.4119,30790.5532,30790.5532,0.2025,0.1757,0.2341,-3.1585,false
insurance,eligibility,county,Tana River,288,152059.4119,1824.8645,1824.8645,0.012,0.0104,0.0844,-7.2357,false
insurance,other,county,Tana River,288,152059.4119,0.0,0.0,0.0,0.0,0.0277,-2.7743,false
insurance,relevance,county,Tana River,288,152059.4119,4855.0867,4855.0867,0.0319,0.0277,0.0786,-4.6654,false
insurance,trust,county,Tana River,288,152059.4119,667.6936,667.6936,0.0044,0.0038,0.0165,-1.2077,false
insurance,affordability,county,Tharaka-Nithi,224,145331.4036,112807.3035,112807.3035,0.7762,0.661,0.7615,1.4661,false
insurance,awareness,county,Tharaka-Nithi,224,145331.4036,23051.4362,23051.4362,0.1586,0.1351,0.2341,-7.5462,false
insurance,eligibility,county,Tharaka-Nithi,224,145331.4036,11821.5603,11821.5603,0.0813,0.0693,0.0844,-0.3016,false
insurance,other,county,Tharaka-Nithi,224,145331.4036,3778.0805,3778.0805,0.026,0.0221,0.0277,-0.1747,false
insurance,relevance,county,Tharaka-Nithi,224,145331.4036,9727.9585,9727.9585,0.0669,0.057,0.0786,-1.1646,false
insurance,trust,county,Tharaka-Nithi,224,145331.4036,9476.2827,9476.2827,0.0652,0.0555,0.0165,4.8737,false
insurance,affordability,county,Trans Nzoia,99,382518.0889,352599.0251,352599.0251,0.9218,0.4327,0.7615,16.0237,false
insurance,awareness,county,Trans Nzoia,99,382518.0889,288915.8482,288915.8482,0.7553,0.3546,0.2341,52.1225,false
insurance,eligibility,county,Trans Nzoia,99,382518.0889,58537.738,58537.738,0.153,0.0718,0.0844,6.8674,false
insurance,other,county,Trans Nzoia,99,382518.0889,0.0,0.0,0.0,0.0,0.0277,-2.7743,false
insurance,relevance,county,Trans Nzoia,99,382518.0889,105224.8798,105224.8798,0.2751,0.1291,0.0786,19.6502,false
insurance,trust,county,Trans Nzoia,99,382518.0889,9510.9766,9510.9766,0.0249,0.0117,0.0165,0.8396,false
insurance,affordability,county,Turkana,344,427101.0427,362671.8002,362671.8002,0.8491,0.5007,0.7615,8.7601,false
insurance,awareness,county,Turkana,344,427101.0427,267354.7735,267354.7735,0.626,0.3691,0.2341,39.19,false
insurance,eligibility,county,Turkana,344,427101.0427,53713.9456,53713.9456,0.1258,0.0742,0.0844,4.1406,false
insurance,other,county,Turkana,344,427101.0427,0.0,0.0,0.0,0.0,0.0277,-2.7743,false
insurance,relevance,county,Turkana,344,427101.0427,38834.1251,39011.8155,0.0909,0.0539,0.0786,1.2342,false
insurance,trust,county,Turkana,344,427101.0427,1567.767,1567.767,0.0037,0.0022,0.0165,-1.2797,false
insurance,affordability,county,Uasin Gishu,328,426781.3752,388673.8329,388673.8329,0.9107,0.6482,0.7615,14.9163,false
insurance,awareness,county,Uasin Gishu,328,426781.3752,119166.0383,119166.0383,0.2792,0.1987,0.2341,4.5145,false
insurance,eligibility,county,Uasin Gishu,328,426781.3752,39379.8442,39379.8442,0.0923,0.0657,0.0844,0.7914,false
insurance,other,county,Uasin Gishu,328,426781.3752,27875.2892,27875.2892,0.0653,0.0465,0.0277,3.7572,false
insurance,relevance,county,Uasin Gishu,328,426781.3752,21110.07,21110.07,0.0495,0.0352,0.0786,-2.9119,false
insurance,trust,county,Uasin Gishu,328,426781.3752,3409.4376,3409.4376,0.008,0.0057,0.0165,-0.8479,false
insurance,affordability,county,Vihiga,285,247032.0542,145125.537,145125.537,0.5875,0.5257,0.7615,-17.407,false
insurance,awareness,county,Vihiga,285,247032.0542,73230.0582,73230.0582,0.2964,0.2653,0.2341,6.2364,false
insurance,eligibility,county,Vihiga,285,247032.0542,29754.4184,29754.4184,0.1204,0.1078,0.0844,3.6089,false
insurance,other,county,Vihiga,285,247032.0542,3222.6313,3222.6313,0.013,0.0117,0.0277,-1.4698,false
insurance,relevance,county,Vihiga,285,247032.0542,22695.4721,22695.4721,0.0919,0.0822,0.0786,1.329,false
insurance,trust,county,Vihiga,285,247032.0542,2023.6942,2023.6942,0.0082,0.0073,0.0165,-0.8276,false
insurance,affordability,county,Wajir,334,328777.0569,185340.1835,185340.1835,0.5637,0.4702,0.7615,-19.782,false
insurance,awareness,county,Wajir,334,328777.0569,179566.2348,179566.2348,0.5462,0.4555,0.2341,31.2089,false
insurance,eligibility,county,Wajir,334,328777.0569,348.3088,348.3088,0.0011,0.0009,0.0844,-8.3299,false
insurance,other,county,Wajir,334,328777.0569,734.3849,734.3849,0.0022,0.0019,0.0277,-2.551,false
insurance,relevance,county,Wajir,334,328777.0569,27561.9192,27561.9192,0.0838,0.0699,0.0786,0.5249,false
insurance,trust,county,Wajir,334,328777.0569,637.5127,637.5127,0.0019,0.0016,0.0165,-1.4529,false
insurance,affordability,county,West Pokot,302,255281.2304,163174.8885,163174.8885,0.6392,0.4408,0.7615,-12.235,false
insurance,awareness,county,West Pokot,302,255281.2304,126763.2291,126763.2291,0.4966,0.3424,0.2341,26.2488,false
insurance,eligibility,county,West Pokot,302,255281.2304,38528.6732,38528.6732,0.1509,0.1041,0.0844,6.6568,false
insurance,other,county,West Pokot,302,255281.2304,2121.9163,2121.9163,0.0083,0.0057,0.0277,-1.9431,false
insurance,relevance,county,West Pokot,302,255281.2304,31708.9434,32537.746,0.1242,0.0879,0.0786,4.5629,false
insurance,trust,county,West Pokot,302,255281.2304,7065.8907,7065.8907,0.0277,0.0191,0.0165,1.1211,false
insurance,affordability,education,95,1,973.5078,973.5078,973.5078,1.0,1.0,0.7615,23.8454,true
insurance,awareness,education,95,1,973.5078,0.0,0.0,0.0,0.0,0.2341,-23.4075,true
insurance,eligibility,education,95,1,973.5078,0.0,0.0,0.0,0.0,0.0844,-8.4358,true
insurance,other,education,95,1,973.5078,0.0,0.0,0.0,0.0,0.0277,-2.7743,true
insurance,relevance,education,95,1,973.5078,0.0,0.0,0.0,0.0,0.0786,-7.8583,true
insurance,trust,education,95,1,973.5078,0.0,0.0,0.0,0.0,0.0165,-1.6468,true
insurance,affordability,education,Completed technical training after secondary school,475,830916.1223,620208.4008,620208.4008,0.7464,0.6921,0.7615,-1.5131,false
insurance,awareness,education,Completed technical training after secondary school,475,830916.1223,95460.6543,95460.6543,0.1149,0.1065,0.2341,-11.9189,false
insurance,eligibility,education,Completed technical training after secondary school,475,830916.1223,22899.3555,22899.3555,0.0276,0.0256,0.0844,-5.6799,false
insurance,other,education,Completed technical training after secondary school,475,830916.1223,46644.1943,46644.1943,0.0561,0.052,0.0277,2.8392,false
insurance,relevance,education,Completed technical training after secondary school,475,830916.1223,97649.8919,97649.8919,0.1175,0.109,0.0786,3.8938,false
insurance,trust,education,Completed technical training after secondary school,475,830916.1223,13302.4492,13302.4492,0.016,0.0148,0.0165,-0.0458,false
insurance,affordability,education,Don't know (DO NOT READ OUT),1,3260.8496,0.0,0.0,0.0,0.0,0.7615,-76.1546,true
insurance,awareness,education,Don't know (DO NOT READ OUT),1,3260.8496,3260.8496,3260.8496,1.0,1.0,0.2341,76.5925,true
insurance,eligibility,education,Don't know (DO NOT READ OUT),1,3260.8496,0.0,0.0,0.0,0.0,0.0844,-8.4358,true
insurance,other,education,Don't know (DO NOT READ OUT),1,3260.8496,0.0,0.0,0.0,0.0,0.0277,-2.7743,true
insurance,relevance,education,Don't know (DO NOT READ OUT),1,3260.8496,0.0,0.0,0.0,0.0,0.0786,-7.8583,true
insurance,trust,education,Don't know (DO NOT READ OUT),1,3260.8496,0.0,0.0,0.0,0.0,0.0165,-1.6468,true
insurance,affordability,education,None,2625,2419731.3611,1650958.9774,1650958.9774,0.6823,0.5168,0.7615,-7.9256,false
insurance,awareness,education,None,2625,2419731.3611,1310675.3908,1310675.3908,0.5417,0.4103,0.2341,30.7586,false
insurance,eligibility,education,None,2625,2419731.3611,52023.1653,52023.1653,0.0215,0.0163,0.0844,-6.2859,false
insurance,other,education,None,2625,2419731.3611,16080.4748,16080.4748,0.0066,0.005,0.0277,-2.1098,false
insurance,relevance,education,None,2625,2419731.3611,140349.5501,142110.3427,0.058,0.0445,0.0786,-2.058,false
insurance,trust,education,None,2625,2419731.3611,22479.0891,22479.0891,0.0093,0.007,0.0165,-0.7178,false
insurance,affordability,education,Other (Specify),1,1095.3998,1095.3998,1095.3998,1.0,1.0,0.7615,23.8454,true
insurance,awareness,education,Other (Specify),1,1095.3998,0.0,0.0,0.0,0.0,0.2341,-23.4075,true
insurance,eligibility,education,Other (Specify),1,1095.3998,0.0,0.0,0.0,0.0,0.0844,-8.4358,true
insurance,other,education,Other (Specify),1,1095.3998,0.0,0.0,0.0,0.0,0.0277,-2.7743,true
insurance,relevance,education,Other (Specify),1,1095.3998,0.0,0.0,0.0,0.0,0.0786,-7.8583,true
insurance,trust,education,Other (Specify),1,1095.3998,0.0,0.0,0.0,0.0,0.0165,-1.6468,true
insurance,affordability,education,Primary completed,2636,3708915.2717,2911774.8686,2911774.8686,0.7851,0.6535,0.7615,2.3528,false
insurance,awareness,education,Primary completed,2636,3708915.2717,830598.9673,830598.9673,0.2239,0.1864,0.2341,-1.0129,false
insurance,eligibility,education,Primary completed,2636,3708915.2717,292122.629,292122.629,0.0788,0.0656,0.0844,-0.5596,false
insurance,other,education,Primary completed,2636,3708915.2717,130265.7294,130265.7294,0.0351,0.0292,0.0277,0.7379,false
insurance,relevance,education,Primary completed,2636,3708915.2717,239414.8859,239414.8859,0.0646,0.0537,0.0786,-1.4031,false
insurance,trust,education,Primary completed,2636,3708915.2717,51426.3207,51426.3207,0.0139,0.0115,0.0165,-0.2602,false
insurance,affordability,education,Refused to Answer (DO NOT READ OUT),2,1350.7997,935.559,935.559,0.6926,0.6926,0.7615,-6.895,true
insurance,awareness,education,Refused to Answer (DO NOT READ OUT),2,1350.7997,0.0,0.0,0.0,0.0,0.2341,-23.4075,true
insurance,eligibility,education,Refused to Answer (DO NOT READ OUT),2,1350.7997,0.0,0.0,0.0,0.0,0.0844,-8.4358,true
insurance,other,education,Refused to Answer (DO NOT READ OUT),2,1350.7997,0.0,0.0,0.0,0.0,0.0277,-2.7743,true
insurance,relevance,education,Refused to Answer (DO NOT READ OUT),2,1350.7997,415.2407,415.2407,0.3074,0.3074,0.0786,22.8821,true
insurance,trust,education,Refused to Answer (DO NOT READ OUT),2,1350.7997,0.0,0.0,0.0,0.0,0.0165,-1.6468,true
insurance,affordability,education,Secondary completed,2416,3966278.3077,3053563.5276,3053563.5276,0.7699,0.6755,0.7615,0.8335,false
insurance,awareness,education,Secondary completed,2416,3966278.3077,556120.9621,556120.9621,0.1402,0.123,0.2341,-9.3863,false
insurance,eligibility,education,Secondary completed,2416,3966278.3077,330523.9298,330523.9298,0.0833,0.0731,0.0844,-0.1025,false
insurance,other,education,Secondary completed,2416,3966278.3077,141051.2265,141051.2265,0.0356,0.0312,0.0277,0.7819,false
insurance,relevance,education,Secondary completed,2416,3966278.3077,332895.8981,333724.7008,0.0839,0.0738,0.0786,0.5349,false
insurance,trust,education,Secondary completed,2416,3966278.3077,105332.1641,105332.1641,0.0266,0.0233,0.0165,1.0089,false
insurance,affordability,education,Some primary,2721,3500429.1656,2799054.7653,2799054.7653,0.7996,0.6598,0.7615,3.8085,false
insurance,awareness,education,Some primary,2721,3500429.1656,890603.5447,890603.5447,0.2544,0.2099,0.2341,2.0352,false
insurance,eligibility,education,Some primary,2721,3500429.1656,219896.3048,219896.3048,0.0628,0.0518,0.0844,-2.1538,false
insurance,other,education,Some primary,2721,3500429.1656,60423.6087,60423.6087,0.0173,0.0142,0.0277,-1.0482,false
insurance,relevance,education,Some primary,2721,3500429.1656,236406.6554,236584.3458,0.0675,0.0558,0.0786,-1.1046,false
insurance,trust,education,Some primary,2721,3500429.1656,35487.4451,35487.4451,0.0101,0.0084,0.0165,-0.633,false
insurance,affordability,education,Some secondary,1501,2367073.2539,1760420.1137,1760420.1137,0.7437,0.5841,0.7615,-1.7835,false
insurance,awareness,education,Some secondary,1501,2367073.2539,431695.6902,431695.6902,0.1824,0.1432,0.2341,-5.17,false
insurance,eligibility,education,Some secondary,1501,2367073.2539,577928.3701,577928.3701,0.2442,0.1917,0.0844,15.9795,false
insurance,other,education,Some secondary,1501,2367073.2539,65038.5271,65038.5271,0.0275,0.0216,0.0277,-0.0267,false
insurance,relevance,education,Some secondary,1501,2367073.2539,138876.4784,138876.4784,0.0587,0.0461,0.0786,-1.9912,false
insurance,trust,education,Some secondary,1501,2367073.2539,40095.5789,40095.5789,0.0169,0.0133,0.0165,0.0471,false
insurance,affordability,education,Some technical training after secondary school,304,600174.797,441551.6528,441551.6528,0.7357,0.6409,0.7615,-2.5841,false
insurance,awareness,education,Some technical training after secondary school,304,600174.797,97947.8023,97947.8023,0.1632,0.1422,0.2341,-7.0876,false
insurance,eligibility,education,Some technical training after secondary school,304,600174.797,21545.392,21545.392,0.0359,0.0313,0.0844,-4.846,false
insurance,other,education,Some technical training after secondary school,304,600174.797,16135.9299,16135.9299,0.0269,0.0234,0.0277,-0.0858,false
insurance,relevance,education,Some technical training after secondary school,304,600174.797,97510.4612,97510.4612,0.1625,0.1415,0.0786,8.3888,false
insurance,trust,education,Some technical training after secondary school,304,600174.797,14274.0288,14274.0288,0.0238,0.0207,0.0165,0.7315,false
insurance,affordability,education,Some university,238,573954.2302,479794.5047,479794.5047,0.8359,0.7357,0.7615,7.4399,false
insurance,awareness,education,Some university,238,573954.2302,54127.7179,54127.7179,0.0943,0.083,0.2341,-13.9768,false
insurance,eligibility,education,Some university,238,573954.2302,18382.0771,18382.0771,0.032,0.0282,0.0844,-5.2331,false
insurance,other,education,Some university,238,573954.2302,10232.5503,10232.5503,0.0178,0.0157,0.0277,-0.9915,false
insurance,relevance,education,Some university,238,573954.2302,75904.675,78878.4441,0.1322,0.1209,0.0786,5.3666,false
insurance,trust,education,Some university,238,573954.2302,10745.9834,10745.9834,0.0187,0.0165,0.0165,0.2255,false
insurance,affordability,education,University completed,212,374712.5851,253182.9751,253182.9751,0.6757,0.6252,0.7615,-8.5874,false
insurance,awareness,education,University completed,212,374712.5851,24522.217,24522.217,0.0654,0.0606,0.2341,-16.8632,false
insurance,eligibility,education,University completed,212,374712.5851,12556.0654,12556.0654,0.0335,0.031,0.0844,-5.085,false
insurance,other,education,University completed,212,374712.5851,23187.8088,23187.8088,0.0619,0.0573,0.0277,3.4138,false
insurance,relevance,education,University completed,212,374712.5851,82476.9594,82476.9594,0.2201,0.2037,0.0786,14.1525,false
insurance,trust,education,University completed,212,374712.5851,9023.1908,9023.1908,0.0241,0.0223,0.0165,0.7612,false
insurance,affordability,sex,Female,8451,10455581.2265,8077846.1011,8077846.1011,0.7726,0.6431,0.7615,1.1041,false
insurance,awareness,sex,Female,8451,10455581.2265,2506874.5194,2506874.5194,0.2398,0.1996,0.2341,0.5689,false
insurance,eligibility,sex,Female,8451,10455581.2265,777676.5082,777676.5082,0.0744,0.0619,0.0844,-0.9979,false
insurance,other,sex,Female,8451,10455581.2265,306601.179,306601.179,0.0293,0.0244,0.0277,0.1581,false
insurance,relevance,sex,Female,8451,10455581.2265,737553.3681,738559.8612,0.0705,0.0588,0.0786,-0.8041,false
insurance,trust,sex,Female,8451,10455581.2265,153063.6072,153063.6072,0.0146,0.0122,0.0165,-0.1828,false
insurance,affordability,sex,Male,4682,7893284.425,5895668.1516,5895668.1516,0.7469,0.6196,0.7615,-1.4624,false
insurance,awareness,sex,Male,4682,7893284.425,1788139.277,1788139.277,0.2265,0.1879,0.2341,-0.7536,false
insurance,eligibility,sex,Male,4682,7893284.425,770200.7809,770200.7809,0.0976,0.0809,0.0844,1.3219,false
insurance,other,sex,Male,4682,7893284.425,202458.8708,202458.8708,0.0256,0.0213,0.0277,-0.2094,false
insurance,relevance,sex,Male,4682,7893284.425,704347.3281,709081.8898,0.0892,0.0745,0.0786,1.0651,false
insurance,trust,sex,Male,4682,7893284.425,149102.6427,149102.6427,0.0189,0.0157,0.0165,0.2422,false
mobile_banking,affordability,age_group,18-25,2521,4907148.0842,2247731.1648,2247731.1648,0.4581,0.348,0.4765,-1.847,false
mobile_banking,awareness,age_group,18-25,2521,4907148.0842,681494.0374,681494.0374,0.1389,0.1055,0.2102,-7.1275,false
mobile_banking,eligibility,age_group,18-25,2521,4907148.0842,1450045.8634,1450045.8634,0.2955,0.2245,0.1046,19.0854,false
mobile_banking,other,age_group,18-25,2521,4907148.0842,65295.399,65295.399,0.0133,0.0101,0.0094,0.3887,false
mobile_banking,physical_access,age_group,18-25,2521,4907148.0842,1039451.8299,1043549.9902,0.2118,0.1616,0.1687,4.3171,false
mobile_banking,relevance,age_group,18-25,2521,4907148.0842,920435.069,926826.2766,0.1876,0.1435,0.2388,-5.1279,false
mobile_banking,trust,age_group,18-25,2521,4907148.0842,43622.5532,43622.5532,0.0089,0.0068,0.0149,-0.605,false
mobile_banking,affordability,age_group,26-35,2647,3402192.883,1672253.6856,1672253.6856,0.4915,0.4234,0.4765,1.5,false
mobile_banking,awareness,age_group,26-35,2647,3402192.883,618634.4189,618634.4189,0.1818,0.1566,0.2102,-2.8319,false
mobile_banking,eligibility,age_group,26-35,2647,3402192.883,114436.6594,114436.6594,0.0336,0.029,0.1046,-7.1006,false
mobile_banking,other,age_group,26-35,2647,3402192.883,44090.4503,44090.4503,0.013,0.0112,0.0094,0.354,false
mobile_banking,physical_access,age_group,26-35,2647,3402192.883,411158.8328,411158.8328,0.1209,0.1041,0.1687,-4.7802,false
mobile_banking,relevance,age_group,26-35,2647,3402192.883,1013929.2083,1027266.0166,0.298,0.2601,0.2388,5.9173,false
mobile_banking,trust,age_group,26-35,2647,3402192.883,61941.2209,61941.2209,0.0182,0.0157,0.0149,0.3267,false
mobile_banking,affordability,age_group,36-45,2183,2579978.8243,1273733.9008,1273733.9008,0.4937,0.424,0.4765,1.7177,false
mobile_banking,awareness,age_group,36-45,2183,2579978.8243,536750.3605,536750.3605,0.208,0.1787,0.2102,-0.2109,false
mobile_banking,eligibility,age_group,36-45,2183,2579978.8243,36225.2452,36225.2452,0.014,0.0121,0.1046,-9.0601,false
mobile_banking,other,age_group,36-45,2183,2579978.8243,17887.4335,17887.4335,0.0069,0.006,0.0094,-0.2486,false
mobile_banking,physical_access,age_group,36-45,2183,2579978.8243,328398.9106,340186.0118,0.1273,0.1133,0.1687,-4.1365,false
mobile_banking,relevance,age_group,36-45,2183,2579978.8243,734854.4598,749999.9665,0.2848,0.2497,0.2388,4.598,false
mobile_banking,trust,age_group,36-45,2183,2579978.8243,49058.3719,49058.3719,0.019,0.0163,0.0149,0.4076,false
mobile_banking,affordability,age_group,46-55,1547,1665877.9267,786091.0357,786091.0357,0.4719,0.4081,0.4765,-0.4644,false
mobile_banking,awareness,age_group,46-55,1547,1665877.9267,375476.4951,375476.4951,0.2254,0.1949,0.2102,1.5239,false
mobile_banking,eligibility,age_group,46-55,1547,1665877.9267,20188.4017,20188.4017,0.0121,0.0105,0.1046,-9.2524,false
mobile_banking,other,age_group,46-55,1547,1665877.9267,9889.034,9889.034,0.0059,0.0051,0.0094,-0.3483,false
mobile_banking,physical_access,age_group,46-55,1547,1665877.9267,213281.6829,214641.6123,0.128,0.1114,0.1687,-4.0623,false
mobile_banking,relevance,age_group,46-55,1547,1665877.9267,474428.6113,489911.0586,0.2848,0.2543,0.2388,4.5943,false
mobile_banking,trust,age_group,46-55,1547,1665877.9267,29942.3014,29942.3014,0.018,0.0155,0.0149,0.3035,false
mobile_banking,affordability,age_group,Above 55,3177,3175786.9906,1516355.2019,1516355.2019,0.4775,0.3808,0.4765,0.0952,false
mobile_banking,awareness,age_group,Above 55,3177,3175786.9906,1093562.8374,1093562.8374,0.3443,0.2746,0.2102,13.4191,false
mobile_banking,eligibility,age_group,Above 55,3177,3175786.9906,25230.4943,25230.4943,0.0079,0.0063,0.1046,-9.6698,false
mobile_banking,other,age_group,Above 55,3177,3175786.9906,11012.9812,11012.9812,0.0035,0.0028,0.0094,-0.5952,false
mobile_banking,physical_access,age_group,Above 55,3177,3175786.9906,660782.2772,664879.8073,0.2081,0.167,0.1687,3.9416,false
mobile_banking,relevance,age_group,Above 55,3177,3175786.9906,613688.499,620305.6402,0.1932,0.1558,0.2388,-4.561,false
mobile_banking,trust,age_group,Above 55,3177,3175786.9906,50446.7514,50446.7514,0.0159,0.0127,0.0149,0.0945,false
mobile_banking,affordability,all,All,12075,15730984.7089,7496164.9888,7496164.9888,0.4765,0.388,0.4765,0.0,false
mobile_banking,awareness,all,All,12075,15730984.7089,3305918.1493,3305918.1493,0.2102,0.1711,0.2102,0.0,false
mobile_banking,eligibility,all,All,12075,15730984.7089,1646126.664,1646126.664,0.1046,0.0852,0.1046,0.0,false
mobile_banking,other,all,All,12075,15730984.7089,148175.298,148175.298,0.0094,0.0077,0.0094,0.0,false
mobile_banking,physical_access,all,All,12075,15730984.7089,2653073.5335,2674416.2545,0.1687,0.1384,0.1687,0.0,false
mobile_banking,relevance,all,All,12075,15730984.7089,3757335.8474,3814308.9586,0.2388,0.1974,0.2388,0.0,false
mobile_banking,trust,all,All,12075,15730984.7089,235011.1988,235011.1988,0.0149,0.0122,0.0149,0.0,false
mobile_banking,affordability,county,Baringo,242,237506.2202,179975.0326,179975.0326,0.7578,0.564,0.4765,28.1247,false
mobile_banking,awareness,county,Baringo,242,237506.2202,38849.6555,38849.6555,0.1636,0.1218,0.2102,-4.658,false
mobile_banking,eligibility,county,Baringo,242,237506.2202,21684.6811,21684.6811,0.0913,0.068,0.1046,-1.3341,false
mobile_banking,other,county,Baringo,242,237506.2202,0.0,0.0,0.0,0.0,0.0094,-0.9419,false
mobile_banking,physical_access,county,Baringo,242,237506.2202,44796.8804,44796.8804,0.1886,0.1404,0.1687,1.9961,false
mobile_banking,relevance,county,Baringo,242,237506.2202,32177.4175,32177.4175,0.1355,0.1008,0.2388,-10.3369,false
mobile_banking,trust,county,Baringo,242,237506.2202,1598.5936,1598.5936,0.0067,0.005,0.0149,-0.8209,false
mobile_banking,affordability,county,Bomet,282,270602.165,93165.7133,93165.7133,0.3443,0.2667,0.4765,-13.2232,false
mobile_banking,awareness,county,Bomet,282,270602.165,84765.014,84765.014,0.3132,0.2427,0.2102,10.3093,false
mobile_banking,eligibility,county,Bomet,282,270602.165,11921.5728,11921.5728,0.0441,0.0341,0.1046,-6.0587,false
mobile_banking,other,county,Bomet,282,270602.165,5074.5539,5074.5539,0.0188,0.0145,0.0094,0.9333,false
mobile_banking,physical_access,county,Bomet,282,270602.165,67733.2817,67733.2817,0.2503,0.1939,0.1687,8.1653,false
mobile_banking,relevance,county,Bomet,282,270602.165,74750.1167,75012.0291,0.2762,0.2147,0.2388,3.7387,false
mobile_banking,trust,county,Bomet,282,270602.165,11656.3439,11656.3439,0.0431,0.0334,0.0149,2.8136,false
mobile_banking,affordability,county,Bungoma,279,478444.373,229779.4283,229779.4283,0.4803,0.3754,0.4765,0.3741,false
mobile_banking,awareness,county,Bungoma,279,478444.373,103398.2368,103398.2368,0.2161,0.1689,0.2102,0.596,false
mobile_banking,eligibility,county,Bungoma,279,478444.373,95185.4064,95185.4064,0.1989,0.1555,0.1046,9.4305,false
mobile_banking,other,county,Bungoma,279,478444.373,2939.3542,2939.3542,0.0061,0.0048,0.0094,-0.3276,false
mobile_banking,physical_access,county,Bungoma,279,478444.373,117639.8412,117639.8412,0.2459,0.1922,0.1687,7.7227,false
mobile_banking,relevance,county,Bungoma,279,478444.373,59608.0238,59608.0238,0.1246,0.0974,0.2388,-11.4262,false
mobile_banking,trust,county,Bungoma,279,478444.373,3532.0242,3532.0242,0.0074,0.0058,0.0149,-0.7557,false
mobile_banking,affordability,county,Busia,200,243554.2017,116075.8788,116075.8788,0.4766,0.4126,0.4765,0.0069,false
mobile_banking,awareness,county,Busia,200,243554.2017,51017.5391,51017.5391,0.2095,0.1814,0.2102,-0.0682,false
mobile_banking,eligibility,county,Busia,200,243554.2017,39102.3544,39102.3544,0.1605,0.139,0.1046,5.5907,false
mobile_banking,other,county,Busia,200,243554.2017,6113.574,6113.574,0.0251,0.0217,0.0094,1.5682,false
mobile_banking,physical_access,county,Busia,200,243554.2017,37293.4771,37293.4771,0.1531,0.1326,0.1687,-1.5531,false
mobile_banking,relevance,county,Busia,200,243554.2017,31715.6688,31715.6688,0.1302,0.1127,0.2388,-10.8629,false
mobile_banking,trust,county,Busia,200,243554.2017,0.0,0.0,0.0,0.0,0.0149,-1.4939,false
mobile_banking,affordability,county,Elgeyo-Marakwet,228,149262.5061,125181.7395,125181.7395,0.8387,0.5565,0.4765,36.2146,false
mobile_banking,awareness,county,Elgeyo-Marakwet,228,149262.5061,18069.9125,18069.9125,0.1211,0.0803,0.2102,-8.9092,false
mobile_banking,eligibility,county,Elgeyo-Marakwet,228,149262.5061,17750.49,17750.49,0.1189,0.0789,0.1046,1.4279,false
mobile_banking,other,county,Elgeyo-Marakwet,228,149262.5061,3751.9916,3751.9916,0.0251,0.0167,0.0094,1.5718,false
mobile_banking,physical_access,county,Elgeyo-Marakwet,228,149262.5061,38480.233,40805.5004,0.2578,0.1814,0.1687,8.915,false
mobile_banking,relevance,county,Elgeyo-Marakwet,228,149262.5061,18574.3461,18807.0463,0.1244,0.0836,0.2388,-11.4409,false
mobile_banking,trust,county,Elgeyo-Marakwet,228,149262.5061,581.1935,581.1935,0.0039,0.0026,0.0149,-1.1046,false
mobile_banking,affordability,county,Embu,259,222497.7012,59985.9298,59985.9298,0.2696,0.2526,0.4765,-20.692,false
mobile_banking,awareness,county,Embu,259,222497.7012,94115.1938,94115.1938,0.423,0.3963,0.2102,21.2841,false
mobile_banking,eligibility,county,Embu,259,222497.7012,11248.6304,11248.6304,0.0506,0.0474,0.1046,-5.4086,false
mobile_banking,other,county,Embu,259,222497.7012,905.2479,905.2479,0.0041,0.0038,0.0094,-0.5351,false
mobile_banking,physical_access,county,Embu,259,222497.7012,16672.3486,16672.3486,0.0749,0.0702,0.1687,-9.372,false
mobile_banking,relevance,county,Embu,259,222497.7012,46145.9638,46145.9638,0.2074,0.1943,0.2388,-3.145,false
mobile_banking,trust,county,Embu,259,222497.7012,8412.1403,8412.1403,0.0378,0.0354,0.0149,2.2868,false
mobile_banking,affordability,county,Garissa,238,346080.0266,180240.197,180240.197,0.5208,0.4843,0.4765,4.4283,false
mobile_banking,awareness,county,Garissa,238,346080.0266,106578.8726,106578.8726,0.308,0.2864,0.2102,9.7807,false
mobile_banking,eligibility,county,Garissa,238,346080.0266,14810.2567,14810.2567,0.0428,0.0398,0.1046,-6.1848,false
mobile_banking,other,county,Garissa,238,346080.0266,549.2986,549.2986,0.0016,0.0015,0.0094,-0.7832,false
mobile_banking,physical_access,county,Garissa,238,346080.0266,26796.2227,26796.2227,0.0774,0.072,0.1687,-9.1225,false
mobile_banking,relevance,county,Garissa,238,346080.0266,41716.9122,41716.9122,0.1205,0.1121,0.2388,-11.8308,false
mobile_banking,trust,county,Garissa,238,346080.0266,1477.7311,1477.7311,0.0043,0.004,0.0149,-1.0669,false
mobile_banking,affordability,county,Homabay,318,376269.0306,226030.7533,226030.7533,0.6007,0.5001,0.4765,12.4194,false
mobile_banking,awareness,county,Homabay,318,376269.0306,56943.235,56943.235,0.1513,0.126,0.2102,-5.8817,false
mobile_banking,eligibility,county,Homabay,318,376269.0306,46147.7868,46147.7868,0.1226,0.1021,0.1046,1.8003,false
mobile_banking,other,county,Homabay,318,376269.0306,0.0,0.0,0.0,0.0,0.0094,-0.9419,false
mobile_banking,physical_access,county,Homabay,318,376269.0306,56037.3623,56037.3623,0.1489,0.124,0.1687,-1.9724,false
mobile_banking,relevance,county,Homabay,318,376269.0306,55171.2288,55171.2288,0.1466,0.1221,0.2388,-9.2222,false
mobile_banking,trust,county,Homabay,318,376269.0306,11626.0707,11626.0707,0.0309,0.0257,0.0149,1.5959,false
mobile_banking,affordability,county,Isiolo,201,98313.8939,48490.316,48490.316,0.4932,0.4356,0.4765,1.6697,false
mobile_banking,awareness,county,Isiolo,201,98313.8939,24096.9907,24096.9907,0.2451,0.2165,0.2102,3.4949,false
mobile_banking,eligibility,county,Isiolo,201,98313.8939,9781.7041,9781.7041,0.0995,0.0879,0.1046,-0.5148,false
mobile_banking,other,county,Isiolo,201,98313.8939,0.0,0.0,0.0,0.0,0.0094,-0.9419,false
mobile_banking,physical_access,county,Isiolo,201,98313.8939,14006.2075,14006.2075,0.1425,0.1258,0.1687,-2.6189,false
mobile_banking,relevance,county,Isiolo,201,98313.8939,13450.3629,13450.3629,0.1368,0.1208,0.2388,-10.2039,false
mobile_banking,trust,county,Isiolo,201,98313.8939,1481.9075,1481.9075,0.0151,0.0133,0.0149,0.0134,false
mobile_banking,affordability,county,Kajiado,191,310022.035,106546.9352,106546.9352,0.3437,0.2757,0.4765,-13.2847,false
mobile_banking,awareness,county,Kajiado,191,310022.035,44476.0928,44476.0928,0.1435,0.1151,0.2102,-6.6692,false
mobile_banking,eligibility,county,Kajiado,191,310022.035,60775.6603,60775.6603,0.196,0.1573,0.1046,9.1394,false
mobile_banking,other,county,Kajiado,191,310022.035,15561.3742,15561.3742,0.0502,0.0403,0.0094,4.0775,false
mobile_banking,physical_access,county,Kajiado,191,310022.035,40114.2335,40114.2335,0.1294,0.1038,0.1687,-3.9261,false
mobile_banking,relevance,county,Kajiado,191,310022.035,104154.7473,112875.3604,0.336,0.2921,0.2388,9.711,false
mobile_banking,trust,county,Kajiado,191,310022.035,6123.0691,6123.0691,0.0198,0.0158,0.0149,0.4811,false
mobile_banking,affordability,county,Kakamega,307,568402.8254,149206.3847,149206.3847,0.2625,0.2117,0.4765,-21.4021,false
mobile_banking,awareness,county,Kakamega,307,568402.8254,199630.832,199630.832,0.3512,0.2833,0.2102,14.106,false
mobile_banking,eligibility,county,Kakamega,307,568402.8254,83586.1019,83586.1019,0.1471,0.1186,0.1046,4.2412,false
mobile_banking,other,county,Kakamega,307,568402.8254,0.0,0.0,0.0,0.0,0.0094,-0.9419,false
mobile_banking,physical_access,county,Kakamega,307,568402.8254,155525.3919,155525.3919,0.2736,0.2207,0.1687,10.4966,false
mobile_banking,relevance,county,Kakamega,307,568402.8254,102008.6072,102008.6072,0.1795,0.1448,0.2388,-5.9384,false
mobile_banking,trust,county,Kakamega,307,568402.8254,14690.5845,14690.5845,0.0258,0.0208,0.0149,1.0906,false
mobile_banking,affordability,county,Kericho,277,326534.5037,84925.6431,84925.6431,0.2601,0.2287,0.4765,-21.6441,false
mobile_banking,awareness,county,Kericho,277,326534.5037,48733.9793,48733.9793,0.1492,0.1312,0.2102,-6.0907,false
mobile_banking,eligibility,county,Kericho,277,326534.5037,26074.3825,26074.3825,0.0799,0.0702,0.1046,-2.479,false
mobile_banking,other,county,Kericho,277,326534.5037,8070.79,8070.79,0.0247,0.0217,0.0094,1.5297,false
mobile_banking,physical_access,county,Kericho,277,326534.5037,73970.657,73970.657,0.2265,0.1992,0.1687,5.788,false
mobile_banking,relevance,county,Kericho,277,326534.5037,125176.343,125176.343,0.3833,0.3371,0.2388,14.4499,false
mobile_banking,trust,county,Kericho,277,326534.5037,4401.8542,4401.8542,0.0135,0.0119,0.0149,-0.1459,false
mobile_banking,affordability,county,Kiambu,239,728465.5959,252096.2833,252096.2833,0.3461,0.3003,0.4765,-13.0458,false
mobile_banking,awareness,county,Kiambu,239,728465.5959,87619.9756,87619.9756,0.1203,0.1044,0.2102,-8.9873,false
mobile_banking,eligibility,county,Kiambu,239,728465.5959,65772.8685,65772.8685,0.0903,0.0783,0.1046,-1.4353,false
mobile_banking,other,county,Kiambu,239,728465.5959,10404.062,10404.062,0.0143,0.0124,0.0094,0.4863,false
mobile_banking,physical_access,county,Kiambu,239,728465.5959,63381.989,63381.989,0.087,0.0755,0.1687,-8.1645,false
mobile_banking,relevance,county,Kiambu,239,728465.5959,345878.0537,347486.3976,0.4748,0.4139,0.2388,23.5954,false
mobile_banking,trust,county,Kiambu,239,728465.5959,12821.0369,12821.0369,0.0176,0.0153,0.0149,0.2661,false
mobile_banking,affordability,county,Kilifi,349,557819.92,249598.0143,249598.0143,0.4475,0.3601,0.4765,-2.907,false
mobile_banking,awareness,county,Kilifi,349,557819.92,137043.2444,137043.2444,0.2457,0.1977,0.2102,3.5523,false
mobile_banking,eligibility,county,Kilifi,349,557819.92,83881.817,83881.817,0.1504,0.121,0.1046,4.5732,false
mobile_banking,other,county,Kilifi,349,557819.92,13904.2343,13904.2343,0.0249,0.0201,0.0094,1.5507,false
mobile_banking,physical_access,county,Kilifi,349,557819.92,103098.1538,106201.9777,0.1848,0.1532,0.1687,1.6171,false
mobile_banking,relevance,county,Kilifi,349,557819.92,92409.733,92409.733,0.1657,0.1333,0.2388,-7.3187,false
mobile_banking,trust,county,Kilifi,349,557819.92,10075.0129,10075.0129,0.0181,0.0145,0.0149,0.3122,false
mobile_banking,affordability,county,Kirinyaga,281,234106.1246,58223.9011,58223.9011,0.2487,0.2348,0.4765,-22.7815,false
mobile_banking,awareness,county,Kirinyaga,281,234106.1246,67826.0437,67826.0437,0.2897,0.2736,0.2102,7.957,false
mobile_banking,eligibility,county,Kirinyaga,281,234106.1246,9785.1318,9785.1318,0.0418,0.0395,0.1046,-6.2844,false
mobile_banking,other,county,Kirinyaga,281,234106.1246,1748.5316,1748.5316,0.0075,0.0071,0.0094,-0.195,false
mobile_banking,physical_access,county,Kirinyaga,281,234106.1246,22793.5881,22793.5881,0.0974,0.0919,0.1687,-7.1288,false
mobile_banking,relevance,county,Kirinyaga,281,234106.1246,72106.3283,72106.3283,0.308,0.2908,0.2388,6.9158,false
mobile_banking,trust,county,Kirinyaga,281,234106.1246,15458.0677,15458.0677,0.066,0.0623,0.0149,5.1091,false
mobile_banking,affordability,county,Kisii,294,419380.0895,218340.3217,218340.3217,0.5206,0.4119,0.4765,4.4104,false
mobile_banking,awareness,county,Kisii,294,419380.0895,115086.9647,115086.9647,0.2744,0.2171,0.2102,6.4268,false
mobile_banking,eligibility,county,Kisii,294,419380.0895,42725.1008,42725.1008,0.1019,0.0806,0.1046,-0.2766,false
mobile_banking,other,county,Kisii,294,419380.0895,4229.8262,4229.8262,0.0101,0.008,0.0094,0.0667,false
mobile_banking,physical_access,county,Kisii,294,419380.0895,62594.8253,62594.8253,0.1493,0.1181,0.1687,-1.9397,false
mobile_banking,relevance,county,Kisii,294,419380.0895,82760.7037,84151.8194,0.1973,0.1588,0.2388,-4.1509,false
mobile_banking,trust,county,Kisii,294,419380.0895,2911.2258,2911.2258,0.0069,0.0055,0.0149,-0.7998,false
mobile_banking,affordability,county,Kisumu,284,357067.8193,230038.3158,230038.3158,0.6442,0.5566,0.4765,16.772,false
mobile_banking,awareness,county,Kisumu,284,357067.8193,53772.0225,53772.0225,0.1506,0.1301,0.2102,-5.956,false
mobile_banking,eligibility,county,Kisumu,284,357067.8193,16283.9496,16283.9496,0.0456,0.0394,0.1046,-5.9038,false
mobile_banking,other,county,Kisumu,284,357067.8193,0.0,0.0,0.0,0.0,0.0094,-0.9419,false
mobile_banking,physical_access,county,Kisumu,284,357067.8193,43102.8778,43102.8778,0.1207,0.1043,0.1687,-4.7939,false
mobile_banking,relevance,county,Kisumu,284,357067.8193,66562.9194,70076.9977,0.1864,0.1696,0.2388,-5.2434,false
mobile_banking,trust,county,Kisumu,284,357067.8193,0.0,0.0,0.0,0.0,0.0149,-1.4939,false
mobile_banking,affordability,county,Kitui,214,378327.2705,258240.2884,258240.2884,0.6826,0.5348,0.4765,20.6062,false
mobile_banking,awareness,county,Kitui,214,378327.2705,58451.2369,58451.2369,0.1545,0.121,0.2102,-5.5654,false
mobile_banking,eligibility,county,Kitui,214,378327.2705,21778.2407,21778.2407,0.0576,0.0451,0.1046,-4.7078,false
mobile_banking,other,county,Kitui,214,378327.2705,2503.0208,2503.0208,0.0066,0.0052,0.0094,-0.2803,false
mobile_banking,physical_access,county,Kitui,214,378327.2705,84303.5825,84303.5825,0.2228,0.1746,0.1687,5.418,false
mobile_banking,relevance,county,Kitui,214,378327.2705,54799.7231,54799.7231,0.1448,0.1135,0.2388,-9.4002,false
mobile_banking,trust,county,Kitui,214,378327.2705,2837.7976,2837.7976,0.0075,0.0059,0.0149,-0.7438,false
mobile_banking,affordability,county,Kwale,229,314191.0079,85370.182,85370.182,0.2717,0.2197,0.4765,-20.4808,false
mobile_banking,awareness,county,Kwale,229,314191.0079,123655.875,123655.875,0.3936,0.3182,0.2102,18.3416,false
mobile_banking,eligibility,county,Kwale,229,314191.0079,51598.5459,51598.5459,0.1642,0.1328,0.1046,5.9584,false
mobile_banking,other,county,Kwale,229,314191.0079,13429.0542,13429.0542,0.0427,0.0346,0.0094,3.3322,false
mobile_banking,physical_access,county,Kwale,229,314191.0079,59691.7933,59691.7933,0.19,0.1536,0.1687,2.1333,false
mobile_banking,relevance,county,Kwale,229,314191.0079,47584.2015,51210.4888,0.1514,0.1318,0.2388,-8.7399,false
mobile_banking,trust,county,Kwale,229,314191.0079,3654.5502,3654.5502,0.0116,0.0094,0.0149,-0.3308,false
mobile_banking,affordability,county,Laikipia,220,192053.7722,86494.2416,86494.2416,0.4504,0.4335,0.4765,-2.6158,false
mobile_banking,awareness,county,Laikipia,220,192053.7722,16461.7448,16461.7448,0.0857,0.0825,0.2102,-12.4439,false
mobile_banking,eligibility,county,Laikipia,220,192053.7722,18372.141,18372.141,0.0957,0.0921,0.1046,-0.8981,false
mobile_banking,other,county,Laikipia,220,192053.7722,527.1031,527.1031,0.0027,0.0026,0.0094,-0.6675,false
mobile_banking,physical_access,county,Laikipia,220,192053.7722,12448.0716,12448.0716,0.0648,0.0624,0.1687,-10.3837,false
mobile_banking,relevance,county,Laikipia,220,192053.7722,58879.0993,58879.0993,0.3066,0.2951,0.2388,6.7727,false
mobile_banking,trust,county,Laikipia,220,192053.7722,6350.2451,6350.2451,0.0331,0.0318,0.0149,1.8126,false
mobile_banking,affordability,county,Lamu,192,75555.5705,52402.3476,52402.3476,0.6936,0.6531,0.4765,21.7038,false
mobile_banking,awareness,county,Lamu,192,75555.5705,2308.1885,2308.1885,0.0305,0.0288,0.2102,-17.9604,false
mobile_banking,eligibility,county,Lamu,192,75555.5705,5323.4851,5323.4851,0.0705,0.0663,0.1046,-3.4184,false
mobile_banking,other,county,Lamu,192,75555.5705,0.0,0.0,0.0,0.0,0.0094,-0.9419,false
mobile_banking,physical_access,county,Lamu,192,75555.5705,4933.6763,4933.6763,0.0653,0.0615,0.1687,-10.3354,false
mobile_banking,relevance,county,Lamu,192,75555.5705,15101.7372,15101.7372,0.1999,0.1882,0.2388,-3.8973,false
mobile_banking,trust,county,Lamu,192,75555.5705,164.4546,164.4546,0.0022,0.002,0.0149,-1.2763,false
mobile_banking,affordability,county,Machakos,221,401924.2412,269913.0216,269913.0216,0.6716,0.5392,0.4765,19.503,false
mobile_banking,awareness,county,Machakos,221,401924.2412,32790.3604,32790.3604,0.0816,0.0655,0.2102,-12.857,false
mobile_banking,eligibility,county,Machakos,221,401924.2412,39281.3116,39281.3116,0.0977,0.0785,0.1046,-0.6909,false
mobile_banking,other,county,Machakos,221,401924.2412,0.0,0.0,0.0,0.0,0.0094,-0.9419,false
mobile_banking,physical_access,county,Machakos,221,401924.2412,48439.67,48439.67,0.1205,0.0968,0.1687,-4.8133,false
mobile_banking,relevance,county,Machakos,221,401924.2412,94346.4992,96263.5123,0.2347,0.1923,0.2388,-0.4112,false
mobile_banking,trust,county,Machakos,221,401924.2412,13858.1735,13858.1735,0.0345,0.0277,0.0149,1.954,false
mobile_banking,affordability,county,Makueni,234,325960.7594,153426.1728,153426.1728,0.4707,0.4276,0.4765,-0.5833,false
mobile_banking,awareness,county,Makueni,234,325960.7594,66109.3896,66109.3896,0.2028,0.1842,0.2102,-0.7339,false
mobile_banking,eligibility,county,Makueni,234,325960.7594,43648.9428,43648.9428,0.1339,0.1216,0.1046,2.9266,false
mobile_banking,other,county,Makueni,234,325960.7594,4098.5204,4098.5204,0.0126,0.0114,0.0094,0.3154,false
mobile_banking,physical_access,county,Makueni,234,325960.7594,41652.8196,41652.8196,0.1278,0.1161,0.1687,-4.0868,false
mobile_banking,relevance,county,Makueni,234,325960.7594,47205.8625,47205.8625,0.1448,0.1315,0.2388,-9.4029,false
mobile_banking,trust,county,Makueni,234,325960.7594,2702.0734,2702.0734,0.0083,0.0075,0.0149,-0.665,false
mobile_banking,affordability,county,Mandera,303,307475.4763,260521.0823,260521.0823,0.8473,0.7554,0.4765,37.0768,false
mobile_banking,awareness,county,Mandera,303,307475.4763,47959.5066,47959.5066,0.156,0.1391,0.2102,-5.4175,false
mobile_banking,eligibility,county,Mandera,303,307475.4763,0.0,0.0,0.0,0.0,0.1046,-10.4642,false
mobile_banking,other,county,Mandera,303,307475.4763,0.0,0.0,0.0,0.0,0.0094,-0.9419,false
mobile_banking,physical_access,county,Mandera,303,307475.4763,33376.9293,33376.9293,0.1086,0.0968,0.1687,-6.0101,false
mobile_banking,relevance,county,Mandera,303,307475.4763,3031.1815,3031.1815,0.0099,0.0088,0.2388,-22.8991,false
mobile_banking,trust,county,Mandera,303,307475.4763,0.0,0.0,0.0,0.0,0.0149,-1.4939,false
mobile_banking,affordability,county,Marsabit,302,201943.7454,53457.2443,53457.2443,0.2647,0.2638,0.4765,-21.1809,false
mobile_banking,awareness,county,Marsabit,302,201943.7454,97717.6323,97717.6323,0.4839,0.4822,0.2102,27.3732,false
mobile_banking,eligibility,county,Marsabit,302,201943.7454,3824.7742,3824.7742,0.0189,0.0189,0.1046,-8.5703,false
mobile_banking,other,county,Marsabit,302,201943.7454,0.0,0.0,0.0,0.0,0.0094,-0.9419,false
mobile_banking,physical_access,county,Marsabit,302,201943.7454,30576.4493,30576.4493,0.1514,0.1509,0.1687,-1.7242,false
mobile_banking,relevance,county,Marsabit,302,201943.7454,16388.086,16388.086,0.0812,0.0809,0.2388,-15.7698,false
mobile_banking,trust,county,Marsabit,302,201943.7454,693.9726,693.9726,0.0034,0.0034,0.0149,-1.1503,false
mobile_banking,affordability,county,Meru,363,596527.8056,375369.0651,375369.0651,0.6293,0.493,0.4765,15.2734,false
mobile_banking,awareness,county,Meru,363,596527.8056,87806.4986,87806.4986,0.1472,0.1153,0.2102,-6.2957,false
mobile_banking,eligibility,county,Meru,363,596527.8056,52196.5948,52196.5948,0.0875,0.0686,0.1046,-1.7142,false
mobile_banking,other,county,Meru,363,596527.8056,1898.5511,1898.5511,0.0032,0.0025,0.0094,-0.6237,false
mobile_banking,physical_access,county,Meru,363,596527.8056,124515.975,124515.975,0.2087,0.1635,0.1687,4.0082,false
mobile_banking,relevance,county,Meru,363,596527.8056,118953.0957,118953.0957,0.1994,0.1562,0.2388,-3.944,false
mobile_banking,trust,county,Meru,363,596527.8056,634.4396,634.4396,0.0011,0.0008,0.0149,-1.3876,false
mobile_banking,affordability,county,Migori,349,403936.2964,209506.9958,209506.9958,0.5187,0.4187,0.4765,4.2141,false
mobile_banking,awareness,county,Migori,349,403936.2964,115884.5693,115884.5693,0.2869,0.2316,0.2102,7.6735,false
mobile_banking,eligibility,county,Migori,349,403936.2964,58587.3471,58587.3471,0.145,0.1171,0.1046,4.0399,false
mobile_banking,other,county,Migori,349,403936.2964,768.5447,768.5447,0.0019,0.0015,0.0094,-0.7517,false
mobile_banking,physical_access,county,Migori,349,403936.2964,89250.0126,89250.0126,0.221,0.1784,0.1687,5.2298,false
mobile_banking,relevance,county,Migori,349,403936.2964,24286.0185,24286.0185,0.0601,0.0485,0.2388,-17.8726,false
mobile_banking,trust,county,Migori,349,403936.2964,2050.9874,2050.9874,0.0051,0.0041,0.0149,-0.9862,false
mobile_banking,affordability,county,Mombasa,222,412562.1343,70571.0966,70571.0966,0.1711,0.1579,0.4765,-30.5467,false
mobile_banking,awareness,county,Mombasa,222,412562.1343,111165.4762,111165.4762,0.2695,0.2488,0.2102,5.9298,false
mobile_banking,eligibility,county,Mombasa,222,412562.1343,45344.4495,45344.4495,0.1099,0.1015,0.1046,0.5267,false
mobile_banking,other,county,Mombasa,222,412562.1343,5156.3401,5156.3401,0.0125,0.0115,0.0094,0.3079,false
mobile_banking,physical_access,county,Mombasa,222,412562.1343,27844.7705,27844.7705,0.0675,0.0623,0.1687,-10.116,false
mobile_banking,relevance,county,Mombasa,222,412562.1343,179775.045,183338.2922,0.4358,0.4103,0.2388,19.6903,false
mobile_banking,trust,county,Mombasa,222,412562.1343,3386.2828,3386.2828,0.0082,0.0076,0.0149,-0.6731,false
mobile_banking,affordability,county,Murang'a,323,414827.0017,150424.8385,150424.8385,0.3626,0.3148,0.4765,-11.3902,false
mobile_banking,awareness,county,Murang'a,323,414827.0017,99971.1079,99971.1079,0.241,0.2092,0.2102,3.0841,false
mobile_banking,eligibility,county,Murang'a,323,414827.0017,22192.0461,22192.0461,0.0535,0.0464,0.1046,-5.1145,false
mobile_banking,other,county,Murang'a,323,414827.0017,8352.1932,8352.1932,0.0201,0.0175,0.0094,1.0715,false
mobile_banking,physical_access,county,Murang'a,323,414827.0017,54049.5601,54049.5601,0.1303,0.1131,0.1687,-3.8359,false
mobile_banking,relevance,county,Murang'a,323,414827.0017,135479.4549,135479.4549,0.3266,0.2835,0.2388,8.7743,false
mobile_banking,trust,county,Murang'a,323,414827.0017,7374.6954,7374.6954,0.0178,0.0154,0.0149,0.2838,false
mobile_banking,affordability,county,Nairobi City,202,1074299.3871,444674.301,444674.301,0.4139,0.3794,0.4765,-6.2602,false
mobile_banking,awareness,county,Nairobi City,202,1074299.3871,29043.9357,29043.9357,0.027,0.0248,0.2102,-18.3118,false
mobile_banking,eligibility,county,Nairobi City,202,1074299.3871,122977.8071,122977.8071,0.1145,0.1049,0.1046,0.983,false
mobile_banking,other,county,Nairobi City,202,1074299.3871,0.0,0.0,0.0,0.0,0.0094,-0.9419,false
mobile_banking,physical_access,county,Nairobi City,202,1074299.3871,76243.9108,76243.9108,0.071,0.0651,0.1687,-9.7682,false
mobile_banking,relevance,county,Nairobi City,202,1074299.3871,479602.5017,492067.9092,0.4464,0.4199,0.2388,20.7583,false
mobile_banking,trust,county,Nairobi City,202,1074299.3871,6989.6509,6989.6509,0.0065,0.006,0.0149,-0.8433,false
mobile_banking,affordability,county,Nakuru,302,713819.6816,273809.7223,273809.7223,0.3836,0.3304,0.4765,-9.2938,false
mobile_banking,awareness,county,Nakuru,302,713819.6816,123712.6779,123712.6779,0.1733,0.1493,0.2102,-3.6842,false
mobile_banking,eligibility,county,Nakuru,302,713819.6816,97730.9652,97730.9652,0.1369,0.1179,0.1046,3.227,false
mobile_banking,other,county,Nakuru,302,713819.6816,12979.0034,12979.0034,0.0182,0.0157,0.0094,0.8763,false
mobile_banking,physical_access,county,Nakuru,302,713819.6816,142632.2965,142632.2965,0.1998,0.1721,0.1687,3.1163,false
mobile_banking,relevance,county,Nakuru,302,713819.6816,172217.8102,172217.8102,0.2413,0.2078,0.2388,0.2413,false
mobile_banking,trust,county,Nakuru,302,713819.6816,5754.288,5754.288,0.0081,0.0069,0.0149,-0.6878,false
mobile_banking,affordability,county,Nandi,232,262187.2354,170164.8079,170164.8079,0.649,0.5022,0.4765,17.2498,false
mobile_banking,awareness,county,Nandi,232,262187.2354,57461.596,57461.596,0.2192,0.1696,0.2102,0.9009,false
mobile_banking,eligibility,county,Nandi,232,262187.2354,6255.9761,6255.9761,0.0239,0.0185,0.1046,-8.0782,false
mobile_banking,other,county,Nandi,232,262187.2354,0.0,0.0,0.0,0.0,0.0094,-0.9419,false
mobile_banking,physical_access,county,Nandi,232,262187.2354,62022.4525,62022.4525,0.2366,0.183,0.1687,6.7905,false
mobile_banking,relevance,county,Nandi,232,262187.2354,40865.3432,40865.3432,0.1559,0.1206,0.2388,-8.2986,false
mobile_banking,trust,county,Nandi,232,262187.2354,2074.1198,2074.1198,0.0079,0.0061,0.0149,-0.7029,false
mobile_banking,affordability,county,Narok,262,403842.481,103450.5125,103450.5125,0.2562,0.2199,0.4765,-22.0357,false
mobile_banking,awareness,county,Narok,262,403842.481,91578.2637,91578.2637,0.2268,0.1947,0.2102,1.6614,false
mobile_banking,eligibility,county,Narok,262,403842.481,36573.5531,36573.5531,0.0906,0.0778,0.1046,-1.4078,false
mobile_banking,other,county,Narok,262,403842.481,8580.8716,8580.8716,0.0212,0.0182,0.0094,1.1829,false
mobile_banking,physical_access,county,Narok,262,403842.481,91475.4847,91475.4847,0.2265,0.1945,0.1687,5.786,false
mobile_banking,relevance,county,Narok,262,403842.481,132748.2538,133541.7462,0.3287,0.2839,0.2388,8.9864,false
mobile_banking,trust,county,Narok,262,403842.481,5179.6941,5179.6941,0.0128,0.011,0.0149,-0.2113,false
mobile_banking,affordability,county,Nyamira,323,237226.9931,103384.2246,103384.2246,0.4358,0.3284,0.4765,-4.0719,false
mobile_banking,awareness,county,Nyamira,323,237226.9931,64883.8895,64883.8895,0.2735,0.2061,0.2102,6.3356,false
mobile_banking,eligibility,county,Nyamira,323,237226.9931,9636.7069,9636.7069,0.0406,0.0306,0.1046,-6.402,false
mobile_banking,other,county,Nyamira,323,237226.9931,474.2812,474.2812,0.002,0.0015,0.0094,-0.742,false
mobile_banking,physical_access,county,Nyamira,323,237226.9931,48754.2992,48754.2992,0.2055,0.1548,0.1687,3.6865,false
mobile_banking,relevance,county,Nyamira,323,237226.9931,85238.4079,85238.4079,0.3593,0.2707,0.2388,12.0462,false
mobile_banking,trust,county,Nyamira,323,237226.9931,2487.8606,2487.8606,0.0105,0.0079,0.0149,-0.4452,false
mobile_banking,affordability,county,Nyandarua,251,245361.1259,73833.0558,73833.0558,0.3009,0.2671,0.4765,-17.5606,false
mobile_banking,awareness,county,Nyandarua,251,245361.1259,55532.0078,55532.0078,0.2263,0.2009,0.2102,1.6174,false
mobile_banking,eligibility,county,Nyandarua,251,245361.1259,35059.1382,35059.1382,0.1429,0.1268,0.1046,3.8246,false
mobile_banking,other,county,Nyandarua,251,245361.1259,5907.8411,5907.8411,0.0241,0.0214,0.0094,1.4659,false
mobile_banking,physical_access,county,Nyandarua,251,245361.1259,6075.4744,6075.4744,0.0248,0.022,0.1687,-14.3891,false
mobile_banking,relevance,county,Nyandarua,251,245361.1259,99690.3892,99690.3892,0.4063,0.3606,0.2388,16.7451,false
mobile_banking,trust,county,Nyandarua,251,245361.1259,365.4495,365.4495,0.0015,0.0013,0.0149,-1.345,false
mobile_banking,affordability,county,Nyeri,228,261724.8135,94032.7898,94032.7898,0.3593,0.3164,0.4765,-11.7241,false
mobile_banking,awareness,county,Nyeri,228,261724.8135,52518.9099,52518.9099,0.2007,0.1767,0.2102,-0.9489,false
mobile_banking,eligibility,county,Nyeri,228,261724.8135,11685.2426,11685.2426,0.0446,0.0393,0.1046,-5.9995,false
mobile_banking,other,county,Nyeri,228,261724.8135,1786.424,1786.424,0.0068,0.006,0.0094,-0.2594,false
mobile_banking,physical_access,county,Nyeri,228,261724.8135,27273.2506,27273.2506,0.1042,0.0918,0.1687,-6.4447,false
mobile_banking,relevance,county,Nyeri,228,261724.8135,98751.8393,98751.8393,0.3773,0.3323,0.2388,13.8462,false
mobile_banking,trust,county,Nyeri,228,261724.8135,11131.2845,11131.2845,0.0425,0.0375,0.0149,2.7591,false
mobile_banking,affordability,county,Samburu,217,111027.4749,22063.6868,22063.6868,0.1987,0.1974,0.4765,-27.78,false
mobile_banking,awareness,county,Samburu,217,111027.4749,49733.2974,49733.2974,0.4479,0.445,0.2102,23.7784,false
mobile_banking,eligibility,county,Samburu,217,111027.4749,13464.8382,13464.8382,0.1213,0.1205,0.1046,1.6633,false
mobile_banking,other,county,Samburu,217,111027.4749,605.4853,605.4853,0.0055,0.0054,0.0094,-0.3966,false
mobile_banking,physical_access,county,Samburu,217,111027.4749,11931.6929,11931.6929,0.1075,0.1068,0.1687,-6.1187,false
mobile_banking,relevance,county,Samburu,217,111027.4749,13315.8153,13315.8153,0.1199,0.1192,0.2388,-11.8917,false
mobile_banking,trust,county,Samburu,217,111027.4749,633.6052,633.6052,0.0057,0.0057,0.0149,-0.9233,false
mobile_banking,affordability,county,Siaya,256,334579.1829,199130.6911,199130.6911,0.5952,0.4746,0.4765,11.8645,false
mobile_banking,awareness,county,Siaya,256,334579.1829,62971.9086,62971.9086,0.1882,0.1501,0.2102,-2.1941,false
mobile_banking,eligibility,county,Siaya,256,334579.1829,25687.4363,25687.4363,0.0768,0.0612,0.1046,-2.7867,false
mobile_banking,other,county,Siaya,256,334579.1829,0.0,0.0,0.0,0.0,0.0094,-0.9419,false
mobile_banking,physical_access,county,Siaya,256,334579.1829,63152.5989,63152.5989,0.1888,0.1505,0.1687,2.01,false
mobile_banking,relevance,county,Siaya,256,334579.1829,56626.4868,56626.4868,0.1692,0.1349,0.2388,-6.9602,false
mobile_banking,trust,county,Siaya,256,334579.1829,12048.2469,12048.2469,0.036,0.0287,0.0149,2.1071,false
mobile_banking,affordability,county,Taita-Taveta,159,95826.7023,44127.0137,44127.0137,0.4605,0.4342,0.4765,-1.6035,false
mobile_banking,awareness,county,Taita-Taveta,159,95826.7023,12466.712,12466.712,0.1301,0.1227,0.2102,-8.0057,false
mobile_banking,eligibility,county,Taita-Taveta,159,95826.7023,8613.6247,8613.6247,0.0899,0.0848,0.1046,-1.4755,false
mobile_banking,other,county,Taita-Taveta,159,95826.7023,681.861,681.861,0.0071,0.0067,0.0094,-0.2304,false
mobile_banking,physical_access,county,Taita-Taveta,159,95826.7023,17071.9961,17071.9961,0.1782,0.168,0.1687,0.9502,false
mobile_banking,relevance,county,Taita-Taveta,159,95826.7023,16452.2206,16452.2206,0.1717,0.1619,0.2388,-6.7162,false
mobile_banking,trust,county,Taita-Taveta,159,95826.7023,2217.9996,2217.9996,0.0231,0.0218,0.0149,0.8207,false
mobile_banking,affordability,county,Tana River,253,129573.9951,83342.0622,83342.0622,0.6432,0.5293,0.4765,16.6678,false
mobile_banking,awareness,county,Tana River,253,129573.9951,28714.076,28714.076,0.2216,0.1824,0.2102,1.145,false
mobile_banking,eligibility,county,Tana River,253,129573.9951,6901.5665,6901.5665,0.0533,0.0438,0.1046,-5.1379,false
mobile_banking,other,county,Tana River,253,129573.9951,0.0,0.0,0.0,0.0,0.0094,-0.9419,false
mobile_banking,physical_access,county,Tana River,253,129573.9951,16380.0155,16380.0155,0.1264,0.104,0.1687,-4.2238,false
mobile_banking,relevance,county,Tana River,253,129573.9951,21477.8245,21477.8245,0.1658,0.1364,0.2388,-7.3092,false
mobile_banking,trust,county,Tana River,253,129573.9951,632.2555,632.2555,0.0049,0.004,0.0149,-1.006,false
mobile_banking,affordability,county,Tharaka-Nithi,266,163931.978,88863.2847,88863.2847,0.5421,0.4341,0.4765,6.5552,false
mobile_banking,awareness,county,Tharaka-Nithi,266,163931.978,19536.6512,19536.6512,0.1192,0.0954,0.2102,-9.0978,false
mobile_banking,eligibility,county,Tharaka-Nithi,266,163931.978,12760.8665,12760.8665,0.0778,0.0623,0.1046,-2.68,false
mobile_banking,other,county,Tharaka-Nithi,266,163931.978,1336.0858,1336.0858,0.0082,0.0065,0.0094,-0.1269,false
mobile_banking,physical_access,county,Tharaka-Nithi,266,163931.978,20517.1378,21052.689,0.1252,0.1028,0.1687,-4.3496,false
mobile_banking,relevance,county,Tharaka-Nithi,266,163931.978,57335.6138,57335.6138,0.3498,0.2801,0.2388,11.0903,false
mobile_banking,trust,county,Tharaka-Nithi,266,163931.978,3815.2129,3815.2129,0.0233,0.0186,0.0149,0.8334,false
mobile_banking,affordability,county,Trans Nzoia,68,285680.1906,210104.4524,210104.4524,0.7355,0.3469,0.4765,25.8931,false
mobile_banking,awareness,county,Trans Nzoia,68,285680.1906,74464.4474,74464.4474,0.2607,0.1229,0.2102,5.0503,false
mobile_banking,eligibility,county,Trans Nzoia,68,285680.1906,62293.9402,62293.9402,0.2181,0.1029,0.1046,11.3412,false
mobile_banking,other,county,Trans Nzoia,68,285680.1906,0.0,0.0,0.0,0.0,0.0094,-0.9419,false
mobile_banking,physical_access,county,Trans Nzoia,68,285680.1906,110623.711,125389.793,0.3872,0.207,0.1687,21.8576,false
mobile_banking,relevance,county,Trans Nzoia,68,285680.1906,119600.8938,133396.162,0.4187,0.2203,0.2388,17.9804,false
mobile_banking,trust,county,Trans Nzoia,68,285680.1906,0.0,0.0,0.0,0.0,0.0149,-1.4939,false
mobile_banking,affordability,county,Turkana,331,404607.6967,362602.6488,362602.6488,0.8962,0.4629,0.4765,41.9661,false
mobile_banking,awareness,county,Turkana,331,404607.6967,143169.3038,143169.3038,0.3538,0.1828,0.2102,14.3694,false
mobile_banking,eligibility,county,Turkana,331,404607.6967,56678.9287,56678.9287,0.1401,0.0724,0.1046,3.5441,false
mobile_banking,other,county,Turkana,331,404607.6967,0.0,0.0,0.0,0.0,0.0094,-0.9419,false
mobile_banking,physical_access,county,Turkana,331,404607.6967,146353.3582,146965.3549,0.3617,0.1876,0.1687,19.3064,false
mobile_banking,relevance,county,Turkana,331,404607.6967,66997.4351,71305.7414,0.1656,0.091,0.2388,-7.3263,false
mobile_banking,trust,county,Turkana,331,404607.6967,2637.5663,2637.5663,0.0065,0.0034,0.0149,-0.8421,false
mobile_banking,affordability,county,Uasin Gishu,244,326582.8438,230816.2225,230816.2225,0.7068,0.5559,0.4765,23.0239,false
mobile_banking,awareness,county,Uasin Gishu,244,326582.8438,21247.0128,21247.0128,0.0651,0.0512,0.2102,-14.5095,false
mobile_banking,eligibility,county,Uasin Gishu,244,326582.8438,45742.9899,45742.9899,0.1401,0.1102,0.1046,3.5423,false
mobile_banking,other,county,Uasin Gishu,244,326582.8438,3149.7802,3149.7802,0.0096,0.0076,0.0094,0.0225,false
mobile_banking,physical_access,county,Uasin Gishu,244,326582.8438,43451.3204,43451.3204,0.133,0.1047,0.1687,-3.5604,false
mobile_banking,relevance,county,Uasin Gishu,244,326582.8438,57365.8049,58054.7791,0.1757,0.1398,0.2388,-6.3195,false
mobile_banking,trust,county,Uasin Gishu,244,326582.8438,12718.3769,12718.3769,0.0389,0.0306,0.0149,2.4004,false
mobile_banking,affordability,county,Vihiga,231,184424.7242,68403.3373,68403.3373,0.3709,0.3036,0.4765,-10.5621,false
mobile_banking,awareness,county,Vihiga,231,184424.7242,49779.5243,49779.5243,0.2699,0.221,0.2102,5.9765,false
mobile_banking,eligibility,county,Vihiga,231,184424.7242,34467.2044,34467.2044,0.1869,0.153,0.1046,8.2248,false
mobile_banking,other,county,Vihiga,231,184424.7242,1141.6198,1141.6198,0.0062,0.0051,0.0094,-0.3229,false
mobile_banking,physical_access,county,Vihiga,231,184424.7242,37736.7873,37736.7873,0.2046,0.1675,0.1687,3.5966,false
mobile_banking,relevance,county,Vihiga,231,184424.7242,24938.9124,24938.9124,0.1352,0.1107,0.2388,-10.3624,false
mobile_banking,trust,county,Vihiga,231,184424.7242,8812.0754,8812.0754,0.0478,0.0391,0.0149,3.2842,false
mobile_banking,affordability,county,Wajir,326,311836.2973,172543.7137,172543.7137,0.5533,0.5007,0.4765,7.6793,false
mobile_banking,awareness,county,Wajir,326,311836.2973,112985.5494,112985.5494,0.3623,0.3279,0.2102,15.217,false
mobile_banking,eligibility,county,Wajir,326,311836.2973,2970.8898,2970.8898,0.0095,0.0086,0.1046,-9.5115,false
mobile_banking,other,county,Wajir,326,311836.2973,694.4216,694.4216,0.0022,0.002,0.0094,-0.7192,false
mobile_banking,physical_access,county,Wajir,326,311836.2973,39212.9038,39212.9038,0.1257,0.1138,0.1687,-4.2904,false
mobile_banking,relevance,county,Wajir,326,311836.2973,15914.1255,15914.1255,0.051,0.0462,0.2388,-18.7816,false
mobile_banking,trust,county,Wajir,326,311836.2973,290.9718,290.9718,0.0009,0.0008,0.0149,-1.4006,false
mobile_banking,affordability,county,West Pokot,283,234837.7925,117221.0973,117221.0973,0.4992,0.3241,0.4765,2.2635,false
mobile_banking,awareness,county,West Pokot,283,234837.7925,63812.9946,63812.9946,0.2717,0.1765,0.2102,6.1579,false
mobile_banking,eligibility,county,West Pokot,283,234837.7925,37959.2152,37959.2152,0.1616,0.105,0.1046,5.6998,false
mobile_banking,other,county,West Pokot,283,234837.7925,851.4568,851.4568,0.0036,0.0024,0.0094,-0.5794,false
mobile_banking,physical_access,county,West Pokot,283,234837.7925,97043.9617,97043.9617,0.4132,0.2683,0.1687,24.4586,false
mobile_banking,relevance,county,West Pokot,283,234837.7925,37998.6888,38085.0403,0.1618,0.1053,0.2388,-7.7041,false
mobile_banking,trust,county,West Pokot,283,234837.7925,6668.0132,6668.0132,0.0284,0.0184,0.0149,1.3455,false
mobile_banking,affordability,education,95,1,973.5078,0.0,0.0,0.0,0.0,0.4765,-47.6522,true
mobile_banking,awareness,education,95,1,973.5078,0.0,0.0,0.0,0.0,0.2102,-21.0153,true
mobile_banking,eligibility,education,95,1,973.5078,0.0,0.0,0.0,0.0,0.1046,-10.4642,true
mobile_banking,other,education,95,1,973.5078,0.0,0.0,0.0,0.0,0.0094,-0.9419,true
mobile_banking,physical_access,education,95,1,973.5078,973.5078,973.5078,1.0,1.0,0.1687,83.1347,true
mobile_banking,relevance,education,95,1,973.5078,0.0,0.0,0.0,0.0,0.2388,-23.8849,true
mobile_banking,trust,education,95,1,973.5078,0.0,0.0,0.0,0.0,0.0149,-1.4939,true
mobile_banking,affordability,education,Completed technical training after secondary school,427,664773.6748,288057.859,288057.859,0.4333,0.4027,0.4765,-4.3205,false
mobile_banking,awareness,education,Completed technical training after secondary school,427,664773.6748,34906.888,34906.888,0.0525,0.0488,0.2102,-15.7644,false
mobile_banking,eligibility,education,Completed technical training after secondary school,427,664773.6748,21144.7815,21144.7815,0.0318,0.0296,0.1046,-7.2835,false
mobile_banking,other,education,Completed technical training after secondary school,427,664773.6748,6711.2218,6711.2218,0.0101,0.0094,0.0094,0.0676,false
mobile_banking,physical_access,education,Completed technical training after secondary school,427,664773.6748,47581.7453,47581.7453,0.0716,0.0665,0.1687,-9.7077,false
mobile_banking,relevance,education,Completed technical training after secondary school,427,664773.6748,293492.5677,294529.8059,0.4415,0.4118,0.2388,20.2643,false
mobile_banking,trust,education,Completed technical training after secondary school,427,664773.6748,22345.9817,22345.9817,0.0336,0.0312,0.0149,1.8675,false
mobile_banking,affordability,education,Don't know (DO NOT READ OUT),1,3260.8496,3260.8496,3260.8496,1.0,1.0,0.4765,52.3478,true
mobile_banking,awareness,education,Don't know (DO NOT READ OUT),1,3260.8496,0.0,0.0,0.0,0.0,0.2102,-21.0153,true
mobile_banking,eligibility,education,Don't know (DO NOT READ OUT),1,3260.8496,0.0,0.0,0.0,0.0,0.1046,-10.4642,true
mobile_banking,other,education,Don't know (DO NOT READ OUT),1,3260.8496,0.0,0.0,0.0,0.0,0.0094,-0.9419,true
mobile_banking,physical_access,education,Don't know (DO NOT READ OUT),1,3260.8496,0.0,0.0,0.0,0.0,0.1687,-16.8653,true
mobile_banking,relevance,education,Don't know (DO NOT READ OUT),1,3260.8496,0.0,0.0,0.0,0.0,0.2388,-23.8849,true
mobile_banking,trust,education,Don't know (DO NOT READ OUT),1,3260.8496,0.0,0.0,0.0,0.0,0.0149,-1.4939,true
mobile_banking,affordability,education,None,2839,2569451.5207,1380115.0517,1380115.0517,0.5371,0.4103,0.4765,6.0602,false
mobile_banking,awareness,education,None,2839,2569451.5207,1087063.9437,1087063.9437,0.4231,0.3232,0.2102,21.2919,false
mobile_banking,eligibility,education,None,2839,2569451.5207,57326.5389,57326.5389,0.0223,0.017,0.1046,-8.2332,false
mobile_banking,other,education,None,2839,2569451.5207,6851.5898,6851.5898,0.0027,0.002,0.0094,-0.6753,false
mobile_banking,physical_access,education,None,2839,2569451.5207,599147.7895,601626.2682,0.2332,0.1789,0.1687,6.4528,false
mobile_banking,relevance,education,None,2839,2569451.5207,210699.451,214637.0283,0.082,0.0638,0.2388,-15.6848,false
mobile_banking,trust,education,None,2839,2569451.5207,15778.7144,15778.7144,0.0061,0.0047,0.0149,-0.8798,false
mobile_banking,affordability,education,Primary completed,2387,3119430.6364,1536292.7019,1536292.7019,0.4925,0.4068,0.4765,1.5969,false
mobile_banking,awareness,education,Primary completed,2387,3119430.6364,619813.6871,619813.6871,0.1987,0.1641,0.2102,-1.1459,false
mobile_banking,eligibility,education,Primary completed,2387,3119430.6364,318191.7029,318191.7029,0.102,0.0843,0.1046,-0.2639,false
mobile_banking,other,education,Primary completed,2387,3119430.6364,34380.7216,34380.7216,0.011,0.0091,0.0094,0.1602,false
mobile_banking,physical_access,education,Primary completed,2387,3119430.6364,483247.2014,493309.9006,0.1549,0.1306,0.1687,-1.3738,false
mobile_banking,relevance,education,Primary completed,2387,3119430.6364,711377.8247,727269.6434,0.228,0.1926,0.2388,-1.0802,false
mobile_banking,trust,education,Primary completed,2387,3119430.6364,47048.679,47048.679,0.0151,0.0125,0.0149,0.0143,false
mobile_banking,affordability,education,Refused to Answer (DO NOT READ OUT),2,1350.7997,935.559,935.559,0.6926,0.4092,0.4765,21.6074,true
mobile_banking,awareness,education,Refused to Answer (DO NOT READ OUT),2,1350.7997,0.0,0.0,0.0,0.0,0.2102,-21.0153,true
mobile_banking,eligibility,education,Refused to Answer (DO NOT READ OUT),2,1350.7997,0.0,0.0,0.0,0.0,0.1046,-10.4642,true
mobile_banking,other,education,Refused to Answer (DO NOT READ OUT),2,1350.7997,0.0,0.0,0.0,0.0,0.0094,-0.9419,true
mobile_banking,physical_access,education,Refused to Answer (DO NOT READ OUT),2,1350.7997,935.559,935.559,0.6926,0.4092,0.1687,52.3944,true
mobile_banking,relevance,education,Refused to Answer (DO NOT READ OUT),2,1350.7997,415.2407,415.2407,0.3074,0.1816,0.2388,6.8554,true
mobile_banking,trust,education,Refused to Answer (DO NOT READ OUT),2,1350.7997,0.0,0.0,0.0,0.0,0.0149,-1.4939,true
mobile_banking,affordability,education,Secondary completed,1883,2908505.8544,1293270.4238,1293270.4238,0.4447,0.3937,0.4765,-3.1871,false
mobile_banking,awareness,education,Secondary completed,1883,2908505.8544,291277.5367,291277.5367,0.1001,0.0887,0.2102,-11.0006,false
mobile_banking,eligibility,education,Secondary completed,1883,2908505.8544,372280.5827,372280.5827,0.128,0.1133,0.1046,2.3355,false
mobile_banking,other,education,Secondary completed,1883,2908505.8544,36372.1055,36372.1055,0.0125,0.0111,0.0094,0.3086,false
mobile_banking,physical_access,education,Secondary completed,1883,2908505.8544,244759.2953,247084.5627,0.0842,0.0752,0.1687,-8.45,false
mobile_banking,relevance,education,Secondary completed,1883,2908505.8544,998872.6898,1001815.8954,0.3434,0.3049,0.2388,10.4582,false
mobile_banking,trust,education,Secondary completed,1883,2908505.8544,43219.3124,43219.3124,0.0149,0.0132,0.0149,-0.008,false
mobile_banking,affordability,education,Some primary,2706,3400219.3305,1713364.6309,1713364.6309,0.5039,0.4016,0.4765,2.7376,false
mobile_banking,awareness,education,Some primary,2706,3400219.3305,944618.9362,944618.9362,0.2778,0.2214,0.2102,6.7658,false
mobile_banking,eligibility,education,Some primary,2706,3400219.3305,227995.4562,227995.4562,0.0671,0.0534,0.1046,-3.7589,false
mobile_banking,other,education,Some primary,2706,3400219.3305,25710.1935,25710.1935,0.0076,0.006,0.0094,-0.1858,false
mobile_banking,physical_access,education,Some primary,2706,3400219.3305,741846.3864,748322.6621,0.2182,0.1754,0.1687,4.9523,false
mobile_banking,relevance,education,Some primary,2706,3400219.3305,547130.6674,559611.8956,0.1609,0.1312,0.2388,-7.7939,false
mobile_banking,trust,education,Some primary,2706,3400219.3305,47145.1332,47145.1332,0.0139,0.011,0.0149,-0.1074,false
mobile_banking,affordability,education,Some secondary,1274,1979778.6388,899643.0854,899643.0854,0.4544,0.335,0.4765,-2.2106,false
mobile_banking,awareness,education,Some secondary,1274,1979778.6388,282568.628,282568.628,0.1427,0.1052,0.2102,-6.7426,false
mobile_banking,eligibility,education,Some secondary,1274,1979778.6388,585132.3428,585132.3428,0.2956,0.2179,0.1046,19.0912,false
mobile_banking,other,education,Some secondary,1274,1979778.6388,10737.0494,10737.0494,0.0054,0.004,0.0094,-0.3996,false
mobile_banking,physical_access,education,Some secondary,1274,1979778.6388,486112.9409,486112.9409,0.2455,0.181,0.1687,7.6886,false
mobile_banking,relevance,education,Some secondary,1274,1979778.6388,396226.7752,400690.52,0.2001,0.1492,0.2388,-3.8712,false
mobile_banking,trust,education,Some secondary,1274,1979778.6388,20495.8129,20495.8129,0.0104,0.0076,0.0149,-0.4587,false
mobile_banking,affordability,education,Some technical training after secondary school,186,373220.8896,207547.4418,207547.4418,0.5561,0.4603,0.4765,7.9576,false
mobile_banking,awareness,education,Some technical training after secondary school,186,373220.8896,26229.8872,26229.8872,0.0703,0.0582,0.2102,-13.9873,false
mobile_banking,eligibility,education,Some technical training after secondary school,186,373220.8896,20398.9654,20398.9654,0.0547,0.0452,0.1046,-4.9986,false
mobile_banking,other,education,Some technical training after secondary school,186,373220.8896,11363.597,11363.597,0.0304,0.0252,0.0094,2.1028,false
mobile_banking,physical_access,education,Some technical training after secondary school,186,373220.8896,29267.6951,29267.6951,0.0784,0.0649,0.1687,-9.0234,false
mobile_banking,relevance,education,Some technical training after secondary school,186,373220.8896,144478.138,151936.9901,0.3871,0.337,0.2388,14.8262,false
mobile_banking,trust,education,Some technical training after secondary school,186,373220.8896,4171.8435,4171.8435,0.0112,0.0093,0.0149,-0.3761,false
mobile_banking,affordability,education,Some university,107,223847.6491,93518.921,93518.921,0.4178,0.3917,0.4765,-5.8743,false
mobile_banking,awareness,education,Some university,107,223847.6491,12419.4779,12419.4779,0.0555,0.052,0.2102,-15.4671,false
mobile_banking,eligibility,education,Some university,107,223847.6491,19477.6113,19477.6113,0.087,0.0816,0.1046,-1.763,false
mobile_banking,other,education,Some university,107,223847.6491,3836.8508,3836.8508,0.0171,0.0161,0.0094,0.7721,false
mobile_banking,physical_access,education,Some university,107,223847.6491,1055.9578,1055.9578,0.0047,0.0044,0.1687,-16.3935,false
mobile_banking,relevance,education,Some university,107,223847.6491,96811.0032,96811.0032,0.4325,0.4055,0.2388,19.3637,false
mobile_banking,trust,education,Some university,107,223847.6491,11624.4046,11624.4046,0.0519,0.0487,0.0149,3.6991,false
mobile_banking,affordability,education,University completed,262,486171.3575,80158.4645,80158.4645,0.1649,0.1508,0.4765,-31.1645,false
mobile_banking,awareness,education,University completed,262,486171.3575,7019.1646,7019.1646,0.0144,0.0132,0.2102,-19.5716,false
mobile_banking,eligibility,education,University completed,262,486171.3575,24178.6822,24178.6822,0.0497,0.0455,0.1046,-5.4909,false
mobile_banking,other,education,University completed,262,486171.3575,12211.9685,12211.9685,0.0251,0.023,0.0094,1.5699,false
mobile_banking,physical_access,education,University completed,262,486171.3575,18145.455,18145.455,0.0373,0.0341,0.1687,-13.133,false
mobile_banking,relevance,education,University completed,262,486171.3575,357831.4897,366590.936,0.736,0.6897,0.2388,49.717,false
mobile_banking,trust,education,University completed,262,486171.3575,23181.3172,23181.3172,0.0477,0.0436,0.0149,3.2742,false
mobile_banking,affordability,sex,Female,7608,8750400.6257,4288899.5648,4288899.5648,0.4901,0.403,0.4765,1.3615,false
mobile_banking,awareness,sex,Female,7608,8750400.6257,1992671.7205,1992671.7205,0.2277,0.1872,0.2102,1.757,false
mobile_banking,eligibility,sex,Female,7608,8750400.6257,823916.7166,823916.7166,0.0942,0.0774,0.1046,-1.0485,false
mobile_banking,other,sex,Female,7608,8750400.6257,73387.4332,73387.4332,0.0084,0.0069,0.0094,-0.1033,false
mobile_banking,physical_access,sex,Female,7608,8750400.6257,1432937.9222,1436653.7427,0.1638,0.135,0.1687,-0.4896,false
mobile_banking,relevance,sex,Female,7608,8750400.6257,1873932.6686,1911650.7032,0.2142,0.1796,0.2388,-2.4695,false
mobile_banking,trust,sex,Female,7608,8750400.6257,115591.9225,115591.9225,0.0132,0.0109,0.0149,-0.1729,false
mobile_banking,affordability,sex,Male,4467,6980584.0832,3207265.424,3207265.424,0.4595,0.3696,0.4765,-1.7067,false
mobile_banking,awareness,sex,Male,4467,6980584.0832,1313246.4288,1313246.4288,0.1881,0.1513,0.2102,-2.2025,false
mobile_banking,eligibility,sex,Male,4467,6980584.0832,822209.9474,822209.9474,0.1178,0.0948,0.1046,1.3143,false
mobile_banking,other,sex,Male,4467,6980584.0832,74787.8648,74787.8648,0.0107,0.0086,0.0094,0.1294,false
mobile_banking,physical_access,sex,Male,4467,6980584.0832,1220135.6113,1237762.5118,0.1748,0.1426,0.1687,0.6137,false
mobile_banking,relevance,sex,Male,4467,6980584.0832,1883403.1788,1902658.2554,0.2698,0.2193,0.2388,3.0957,false
mobile_banking,trust,sex,Male,4467,6980584.0832,119419.2764,119419.2764,0.0171,0.0138,0.0149,0.2168,false
mobile_money,affordability,age_group,18-25,1118,2334459.8609,670627.824,670627.824,0.2873,0.1953,0.3197,-3.2413,false
mobile_money,awareness,age_group,18-25,1118,2334459.8609,87324.5115,87324.5115,0.0374,0.0254,0.0701,-3.2661,false
mobile_money,eligibility,age_group,18-25,1118,2334459.8609,1520449.0511,1520449.0511,0.6513,0.4427,0.4608,19.0492,false
mobile_money,other,age_group,18-25,1118,2334459.8609,79103.8838,79103.8838,0.0339,0.023,0.0328,0.1059,false
mobile_money,physical_access,age_group,18-25,1118,2334459.8609,978200.6482,1003756.1615,0.419,0.2923,0.5103,-9.1225,false
mobile_money,relevance,age_group,18-25,1118,2334459.8609,69497.098,69497.098,0.0298,0.0202,0.0523,-2.2515,false
mobile_money,trust,age_group,18-25,1118,2334459.8609,3658.9146,3658.9146,0.0016,0.0011,0.0061,-0.45,false
mobile_money,affordability,age_group,26-35,266,321163.1391,99191.7641,99191.7641,0.3089,0.2113,0.3197,-1.0835,false
mobile_money,awareness,age_group,26-35,266,321163.1391,22633.0058,22633.0058,0.0705,0.0482,0.0701,0.0404,false
mobile_money,eligibility,age_group,26-35,266,321163.1391,96302.5181,96302.5181,0.2999,0.2052,0.4608,-16.0959,false
mobile_money,other,age_group,26-35,266,321163.1391,22275.6314,22275.6314,0.0694,0.0475,0.0328,3.6533,false
mobile_money,physical_access,age_group,26-35,266,321163.1391,207804.7672,216602.9977,0.647,0.4614,0.5103,13.6787,false
mobile_money,relevance,age_group,26-35,266,321163.1391,11293.1197,11293.1197,0.0352,0.0241,0.0523,-1.7122,false
mobile_money,trust,age_group,26-35,266,321163.1391,1111.8335,1111.8335,0.0035,0.0024,0.0061,-0.2606,false
mobile_money,affordability,age_group,36-45,203,208865.4883,76501.0159,76501.0159,0.3663,0.2607,0.3197,4.6583,false
mobile_money,awareness,age_group,36-45,203,208865.4883,12122.0153,12122.0153,0.058,0.0413,0.0701,-1.203,false
mobile_money,eligibility,age_group,36-45,203,208865.4883,31842.1841,31842.1841,0.1525,0.1085,0.4608,-30.8361,false
mobile_money,other,age_group,36-45,203,208865.4883,5571.793,5571.793,0.0267,0.019,0.0328,-0.615,false
mobile_money,physical_access,age_group,36-45,203,208865.4883,140215.2464,141706.7627,0.6713,0.4828,0.5103,16.1067,false
mobile_money,relevance,age_group,36-45,203,208865.4883,25121.1781,25121.1781,0.1203,0.0856,0.0523,6.799,false
mobile_money,trust,age_group,36-45,203,208865.4883,634.4396,634.4396,0.003,0.0022,0.0061,-0.303,false
mobile_money,affordability,age_group,46-55,147,169930.7177,58013.4211,58013.4211,0.3414,0.244,0.3197,2.1708,false
mobile_money,awareness,age_group,46-55,147,169930.7177,17338.4916,17338.4916,0.102,0.0729,0.0701,3.1965,false
mobile_money,eligibility,age_group,46-55,147,169930.7177,23728.1726,23728.1726,0.1396,0.0998,0.4608,-32.118,false
mobile_money,other,age_group,46-55,147,169930.7177,2134.6284,2134.6284,0.0126,0.009,0.0328,-2.0264,false
mobile_money,physical_access,age_group,46-55,147,169930.7177,96395.0155,105330.5584,0.5673,0.4429,0.5103,5.701,false
mobile_money,relevance,age_group,46-55,147,169930.7177,30159.7139,30159.7139,0.1775,0.1268,0.0523,12.5198,false
mobile_money,trust,age_group,46-55,147,169930.7177,1097.3861,1097.3861,0.0065,0.0046,0.0061,0.039,false
mobile_money,affordability,age_group,Above 55,651,645888.4101,272211.2155,272211.2155,0.4215,0.2808,0.3197,10.1766,false
mobile_money,awareness,age_group,Above 55,651,645888.4101,118453.0247,118453.0247,0.1834,0.1222,0.0701,11.3328,false
mobile_money,eligibility,age_group,Above 55,651,645888.4101,23615.823,23615.823,0.0366,0.0244,0.4608,-42.4251,false
mobile_money,other,age_group,Above 55,651,645888.4101,11724.2313,11724.2313,0.0182,0.0121,0.0328,-1.4674,false
mobile_money,physical_access,age_group,Above 55,651,645888.4101,455265.5863,471169.383,0.7049,0.4861,0.5103,19.4616,false
mobile_money,relevance,age_group,Above 55,651,645888.4101,56352.8474,56352.8474,0.0872,0.0581,0.0523,3.4964,false
mobile_money,trust,age_group,Above 55,651,645888.4101,15828.3551,15828.3551,0.0245,0.0163,0.0061,1.8439,false
mobile_money,affordability,all,All,2385,3680307.6161,1176545.2406,1176545.2406,0.3197,0.2177,0.3197,0.0,false
mobile_money,awareness,all,All,2385,3680307.6161,257871.0488,257871.0488,0.0701,0.0477,0.0701,0.0,false
mobile_money,eligibility,all,All,2385,3680307.6161,1695937.7489,1695937.7489,0.4608,0.3138,0.4608,0.0,false
mobile_money,other,all,All,2385,3680307.6161,120810.168,120810.168,0.0328,0.0224,0.0328,0.0,false
mobile_money,physical_access,all,All,2385,3680307.6161,1877881.2637,1938565.8633,0.5103,0.3587,0.5103,0.0,false
mobile_money,relevance,all,All,2385,3680307.6161,192423.9571,192423.9571,0.0523,0.0356,0.0523,0.0,false
mobile_money,trust,all,All,2385,3680307.6161,22330.9289,22330.9289,0.0061,0.0041,0.0061,0.0,false
mobile_money,affordability,county,Baringo,57,57067.0327,38558.3308,38558.3308,0.6757,0.3642,0.3197,35.5981,false
mobile_money,awareness,county,Baringo,57,57067.0327,14131.6228,14131.6228,0.2476,0.1335,0.0701,17.7564,false
mobile_money,eligibility,county,Baringo,57,57067.0327,17925.3578,17925.3578,0.3141,0.1693,0.4608,-14.6704,false
mobile_money,other,county,Baringo,57,57067.0327,0.0,0.0,0.0,0.0,0.0328,-3.2826,false
mobile_money,physical_access,county,Baringo,57,57067.0327,31290.2121,31290.2121,0.5483,0.2955,0.5103,3.8055,false
mobile_money,relevance,county,Baringo,57,57067.0327,2813.8704,2813.8704,0.0493,0.0266,0.0523,-0.2977,false
mobile_money,trust,county,Baringo,57,57067.0327,1161.0645,1161.0645,0.0203,0.011,0.0061,1.4278,false
mobile_money,affordability,county,Bomet,64,78256.1148,27873.8935,27873.8935,0.3562,0.2476,0.3197,3.6501,false
mobile_money,awareness,county,Bomet,64,78256.1148,4665.7972,4665.7972,0.0596,0.0415,0.0701,-1.0446,false
mobile_money,eligibility,county,Bomet,64,78256.1148,14901.785,14901.785,0.1904,0.1324,0.4608,-27.0391,false
mobile_money,other,county,Bomet,64,78256.1148,0.0,0.0,0.0,0.0,0.0328,-3.2826,false
mobile_money,physical_access,county,Bomet,64,78256.1148,61710.8531,61710.8531,0.7886,0.5482,0.5103,27.8324,false
mobile_money,relevance,county,Bomet,64,78256.1148,3408.262,3408.262,0.0436,0.0303,0.0523,-0.8732,false
mobile_money,trust,county,Bomet,64,78256.1148,0.0,0.0,0.0,0.0,0.0061,-0.6068,false
mobile_money,affordability,county,Bungoma,71,162288.1913,32860.7135,32860.7135,0.2025,0.1398,0.3197,-11.7203,false
mobile_money,awareness,county,Bungoma,71,162288.1913,11908.1652,11908.1652,0.0734,0.0507,0.0701,0.3309,false
mobile_money,eligibility,county,Bungoma,71,162288.1913,87382.7599,87382.7599,0.5384,0.3718,0.4608,7.7628,false
mobile_money,other,county,Bungoma,71,162288.1913,10779.7369,10779.7369,0.0664,0.0459,0.0328,3.3597,false
mobile_money,physical_access,county,Bungoma,71,162288.1913,90943.1441,90943.1441,0.5604,0.387,0.5103,5.0129,false
mobile_money,relevance,county,Bungoma,71,162288.1913,1126.0849,1126.0849,0.0069,0.0048,0.0523,-4.5346,false
mobile_money,trust,county,Bungoma,71,162288.1913,0.0,0.0,0.0,0.0,0.0061,-0.6068,false
mobile_money,affordability,county,Busia,64,102585.2905,29142.5011,29142.5011,0.2841,0.2226,0.3197,-3.5606,false
mobile_money,awareness,county,Busia,64,102585.2905,2875.3618,2875.3618,0.028,0.022,0.0701,-4.2039,false
mobile_money,eligibility,county,Busia,64,102585.2905,48534.3249,48534.3249,0.4731,0.3706,0.4608,1.2298,false
mobile_money,other,county,Busia,64,102585.2905,5324.6962,5324.6962,0.0519,0.0407,0.0328,1.9079,false
mobile_money,physical_access,county,Busia,64,102585.2905,38798.9547,38798.9547,0.3782,0.2963,0.5103,-13.2039,false
mobile_money,relevance,county,Busia,64,102585.2905,6272.2048,6272.2048,0.0611,0.0479,0.0523,0.8857,false
mobile_money,trust,county,Busia,64,102585.2905,0.0,0.0,0.0,0.0,0.0061,-0.6068,false
mobile_money,affordability,county,Elgeyo-Marakwet,40,38346.5635,25687.3304,25687.3304,0.6699,0.3322,0.3197,35.0186,false
mobile_money,awareness,county,Elgeyo-Marakwet,40,38346.5635,1948.3937,1948.3937,0.0508,0.0252,0.0701,-1.9258,false
mobile_money,eligibility,county,Elgeyo-Marakwet,40,38346.5635,12736.8362,12736.8362,0.3322,0.1647,0.4608,-12.8663,false
mobile_money,other,county,Elgeyo-Marakwet,40,38346.5635,1630.9612,1630.9612,0.0425,0.0211,0.0328,0.9706,false
mobile_money,physical_access,county,Elgeyo-Marakwet,40,38346.5635,34006.9321,34006.9321,0.8868,0.4397,0.5103,37.658,false
mobile_money,relevance,county,Elgeyo-Marakwet,40,38346.5635,1325.147,1325.147,0.0346,0.0171,0.0523,-1.7728,false
mobile_money,trust,county,Elgeyo-Marakwet,40,38346.5635,0.0,0.0,0.0,0.0,0.0061,-0.6068,false
mobile_money,affordability,county,Embu,31,28077.3459,3424.5956,3424.5956,0.122,0.1023,0.3197,-19.7717,false
mobile_money,awareness,county,Embu,31,28077.3459,1740.7808,1740.7808,0.062,0.052,0.0701,-0.8068,false
mobile_money,eligibility,county,Embu,31,28077.3459,12999.9193,12999.9193,0.463,0.3885,0.4608,0.219,false
mobile_money,other,county,Embu,31,28077.3459,1780.6249,1780.6249,0.0634,0.0532,0.0328,3.0592,false
mobile_money,physical_access,county,Embu,31,28077.3459,12767.6225,12767.6225,0.4547,0.3815,0.5103,-5.5521,false
mobile_money,relevance,county,Embu,31,28077.3459,751.6825,751.6825,0.0268,0.0225,0.0523,-2.5513,false
mobile_money,trust,county,Embu,31,28077.3459,0.0,0.0,0.0,0.0,0.0061,-0.6068,false
mobile_money,affordability,county,Garissa,34,51828.7177,14965.2623,14965.2623,0.2887,0.2366,0.3197,-3.0942,false
mobile_money,awareness,county,Garissa,34,51828.7177,358.8719,358.8719,0.0069,0.0057,0.0701,-6.3144,false
mobile_money,eligibility,county,Garissa,34,51828.7177,13239.6078,13239.6078,0.2554,0.2093,0.4608,-20.5365,false
mobile_money,other,county,Garissa,34,51828.7177,2909.3577,2909.3577,0.0561,0.046,0.0328,2.3308,false
mobile_money,physical_access,county,Garissa,34,51828.7177,27069.4734,31373.7297,0.5223,0.4959,0.5103,1.2036,false
mobile_money,relevance,county,Garissa,34,51828.7177,0.0,0.0,0.0,0.0,0.0523,-5.2285,false
mobile_money,trust,county,Garissa,34,51828.7177,415.1834,415.1834,0.008,0.0066,0.0061,0.1943,false
mobile_money,affordability,county,Homabay,70,91889.2452,40392.5635,40392.5635,0.4396,0.2668,0.3197,11.9892,false
mobile_money,awareness,county,Homabay,70,91889.2452,5162.48,5162.48,0.0562,0.0341,0.0701,-1.3886,false
mobile_money,eligibility,county,Homabay,70,91889.2452,47494.8802,47494.8802,0.5169,0.3137,0.4608,5.6057,false
mobile_money,other,county,Homabay,70,91889.2452,653.5915,653.5915,0.0071,0.0043,0.0328,-2.5713,false
mobile_money,physical_access,county,Homabay,70,91889.2452,56548.7647,56548.7647,0.6154,0.3735,0.5103,10.515,false
mobile_money,relevance,county,Homabay,70,91889.2452,1148.675,1148.675,0.0125,0.0076,0.0523,-3.9784,false
mobile_money,trust,county,Homabay,70,91889.2452,0.0,0.0,0.0,0.0,0.0061,-0.6068,false
mobile_money,affordability,county,Isiolo,21,13295.6876,2080.4398,2080.4398,0.1565,0.1116,0.3197,-16.3212,true
mobile_money,awareness,county,Isiolo,21,13295.6876,0.0,0.0,0.0,0.0,0.0701,-7.0068,true
mobile_money,eligibility,county,Isiolo,21,13295.6876,9781.7041,9781.7041,0.7357,0.5247,0.4608,27.4891,true
mobile_money,other,county,Isiolo,21,13295.6876,0.0,0.0,0.0,0.0,0.0328,-3.2826,true
mobile_money,physical_access,county,Isiolo,21,13295.6876,6234.1708,6234.1708,0.4689,0.3344,0.5103,-4.1364,true
mobile_money,relevance,county,Isiolo,21,13295.6876,546.136,546.136,0.0411,0.0293,0.0523,-1.1209,true
mobile_money,trust,county,Isiolo,21,13295.6876,0.0,0.0,0.0,0.0,0.0061,-0.6068,true
mobile_money,affordability,county,Kajiado,62,103643.0128,16680.9927,16680.9927,0.1609,0.1334,0.3197,-15.874,false
mobile_money,awareness,county,Kajiado,62,103643.0128,0.0,0.0,0.0,0.0,0.0701,-7.0068,false
mobile_money,eligibility,county,Kajiado,62,103643.0128,57132.8847,57132.8847,0.5512,0.4568,0.4608,9.0433,false
mobile_money,other,county,Kajiado,62,103643.0128,12626.8373,12626.8373,0.1218,0.101,0.0328,8.9004,false
mobile_money,physical_access,county,Kajiado,62,103643.0128,35002.072,35938.3611,0.3377,0.2873,0.5103,-17.2534,false
mobile_money,relevance,county,Kajiado,62,103643.0128,2690.4792,2690.4792,0.026,0.0215,0.0523,-2.6326,false
mobile_money,trust,county,Kajiado,62,103643.0128,0.0,0.0,0.0,0.0,0.0061,-0.6068,false
mobile_money,affordability,county,Kakamega,79,178949.7043,30924.2368,30924.2368,0.1728,0.1195,0.3197,-14.6877,false
mobile_money,awareness,county,Kakamega,79,178949.7043,8390.1815,8390.1815,0.0469,0.0324,0.0701,-2.3182,false
mobile_money,eligibility,county,Kakamega,79,178949.7043,86758.0713,86758.0713,0.4848,0.3354,0.4608,2.4004,false
mobile_money,other,county,Kakamega,79,178949.7043,1127.3947,1127.3947,0.0063,0.0044,0.0328,-2.6526,false
mobile_money,physical_access,county,Kakamega,79,178949.7043,131098.5609,131098.5609,0.7326,0.5067,0.5103,22.2349,false
mobile_money,relevance,county,Kakamega,79,178949.7043,0.0,0.0,0.0,0.0,0.0523,-5.2285,false
mobile_money,trust,county,Kakamega,79,178949.7043,406.7591,406.7591,0.0023,0.0016,0.0061,-0.3795,false
mobile_money,affordability,county,Kericho,89,115421.2809,22490.9207,22490.9207,0.1949,0.1638,0.3197,-12.4827,false
mobile_money,awareness,county,Kericho,89,115421.2809,6035.9841,6035.9841,0.0523,0.044,0.0701,-1.7773,false
mobile_money,eligibility,county,Kericho,89,115421.2809,29300.1226,29300.1226,0.2539,0.2134,0.4608,-20.696,false
mobile_money,other,county,Kericho,89,115421.2809,2870.5213,2870.5213,0.0249,0.0209,0.0328,-0.7956,false
mobile_money,physical_access,county,Kericho,89,115421.2809,71261.1472,71261.1472,0.6174,0.519,0.5103,10.7149,false
mobile_money,relevance,county,Kericho,89,115421.2809,5356.4598,5356.4598,0.0464,0.039,0.0523,-0.5877,false
mobile_money,trust,county,Kericho,89,115421.2809,0.0,0.0,0.0,0.0,0.0061,-0.6068,false
mobile_money,affordability,county,Kiambu,33,106378.7128,19734.4554,19734.4554,0.1855,0.1362,0.3197,-13.4175,false
mobile_money,awareness,county,Kiambu,33,106378.7128,11197.8623,11197.8623,0.1053,0.0773,0.0701,3.5196,false
mobile_money,eligibility,county,Kiambu,33,106378.7128,43819.2785,43819.2785,0.4119,0.3024,0.4608,-4.8896,false
mobile_money,other,county,Kiambu,33,106378.7128,17991.7256,17991.7256,0.1691,0.1241,0.0328,13.6303,false
mobile_money,physical_access,county,Kiambu,33,106378.7128,39929.8397,39929.8397,0.3754,0.2755,0.5103,-13.4896,false
mobile_money,relevance,county,Kiambu,33,106378.7128,12246.7441,12246.7441,0.1151,0.0845,0.0523,6.2839,false
mobile_money,trust,county,Kiambu,33,106378.7128,0.0,0.0,0.0,0.0,0.0061,-0.6068,false
mobile_money,affordability,county,Kilifi,81,146057.8188,44781.5432,44781.5432,0.3066,0.2098,0.3197,-1.3085,false
mobile_money,awareness,county,Kilifi,81,146057.8188,4353.6915,4353.6915,0.0298,0.0204,0.0701,-4.026,false
mobile_money,eligibility,county,Kilifi,81,146057.8188,84859.9103,84859.9103,0.581,0.3976,0.4608,12.0188,false
mobile_money,other,county,Kilifi,81,146057.8188,5613.5549,5613.5549,0.0384,0.0263,0.0328,0.5608,false
mobile_money,physical_access,county,Kilifi,81,146057.8188,71655.3902,71655.3902,0.4906,0.3358,0.5103,-1.9655,false
mobile_money,relevance,county,Kilifi,81,146057.8188,1477.8881,1477.8881,0.0101,0.0069,0.0523,-4.2166,false
mobile_money,trust,county,Kilifi,81,146057.8188,669.9726,669.9726,0.0046,0.0031,0.0061,-0.1481,false
mobile_money,affordability,county,Kirinyaga,41,33841.2805,3406.4368,3406.4368,0.1007,0.0742,0.3197,-21.9027,false
mobile_money,awareness,county,Kirinyaga,41,33841.2805,3941.4519,3941.4519,0.1165,0.0859,0.0701,4.6401,false
mobile_money,eligibility,county,Kirinyaga,41,33841.2805,12464.9135,12464.9135,0.3683,0.2715,0.4608,-9.248,false
mobile_money,other,county,Kirinyaga,41,33841.2805,2137.5309,2137.5309,0.0632,0.0466,0.0328,3.0337,false
mobile_money,physical_access,county,Kirinyaga,41,33841.2805,23265.6376,23265.6376,0.6875,0.5068,0.5103,17.7242,false
mobile_money,relevance,county,Kirinyaga,41,33841.2805,689.1969,689.1969,0.0204,0.015,0.0523,-3.1919,false
mobile_money,trust,county,Kirinyaga,41,33841.2805,0.0,0.0,0.0,0.0,0.0061,-0.6068,false
mobile_money,affordability,county,Kisii,51,82308.995,9856.1564,9856.1564,0.1197,0.0938,0.3197,-19.9941,false
mobile_money,awareness,county,Kisii,51,82308.995,749.0899,749.0899,0.0091,0.0071,0.0701,-6.0967,false
mobile_money,eligibility,county,Kisii,51,82308.995,47244.9099,47244.9099,0.574,0.4497,0.4608,11.318,false
mobile_money,other,county,Kisii,51,82308.995,461.4655,461.4655,0.0056,0.0044,0.0328,-2.722,false
mobile_money,physical_access,county,Kisii,51,82308.995,46227.4658,46227.4658,0.5616,0.44,0.5103,5.1382,false
mobile_money,relevance,county,Kisii,51,82308.995,527.0178,527.0178,0.0064,0.005,0.0523,-4.5882,false
mobile_money,trust,county,Kisii,51,82308.995,0.0,0.0,0.0,0.0,0.0061,-0.6068,false
mobile_money,affordability,county,Kisumu,41,50780.1608,31377.2423,31377.2423,0.6179,0.4001,0.3197,29.8217,false
mobile_money,awareness,county,Kisumu,41,50780.1608,0.0,0.0,0.0,0.0,0.0701,-7.0068,false
mobile_money,eligibility,county,Kisumu,41,50780.1608,17425.463,17425.463,0.3432,0.2222,0.4608,-11.7659,false
mobile_money,other,county,Kisumu,41,50780.1608,0.0,0.0,0.0,0.0,0.0328,-3.2826,false
mobile_money,physical_access,county,Kisumu,41,50780.1608,28259.7056,28259.7056,0.5565,0.3603,0.5103,4.626,false
mobile_money,relevance,county,Kisumu,41,50780.1608,1370.1763,1370.1763,0.027,0.0175,0.0523,-2.5302,false
mobile_money,trust,county,Kisumu,41,50780.1608,0.0,0.0,0.0,0.0,0.0061,-0.6068,false
mobile_money,affordability,county,Kitui,31,90116.623,78072.9452,78072.9452,0.8664,0.5801,0.3197,54.6668,false
mobile_money,awareness,county,Kitui,31,90116.623,0.0,0.0,0.0,0.0,0.0701,-7.0068,false
mobile_money,eligibility,county,Kitui,31,90116.623,23435.9389,23435.9389,0.2601,0.1741,0.4608,-20.0752,false
mobile_money,other,county,Kitui,31,90116.623,0.0,0.0,0.0,0.0,0.0328,-3.2826,false
mobile_money,physical_access,county,Kitui,31,90116.623,33081.7424,33081.7424,0.3671,0.2458,0.5103,-14.3152,false
mobile_money,relevance,county,Kitui,31,90116.623,0.0,0.0,0.0,0.0,0.0523,-5.2285,false
mobile_money,trust,county,Kitui,31,90116.623,0.0,0.0,0.0,0.0,0.0061,-0.6068,false
mobile_money,affordability,county,Kwale,40,79255.4422,11944.9645,11944.9645,0.1507,0.0996,0.3197,-16.8972,false
mobile_money,awareness,county,Kwale,40,79255.4422,4912.1585,4912.1585,0.062,0.041,0.0701,-0.8089,false
mobile_money,eligibility,county,Kwale,40,79255.4422,51598.5459,51598.5459,0.651,0.4303,0.4608,19.0227,false
mobile_money,other,county,Kwale,40,79255.4422,6189.1868,6189.1868,0.0781,0.0516,0.0328,4.5266,false
mobile_money,physical_access,county,Kwale,40,79255.4422,45279.3263,45279.3263,0.5713,0.3776,0.5103,6.1058,false
mobile_money,relevance,county,Kwale,40,79255.4422,0.0,0.0,0.0,0.0,0.0523,-5.2285,false
mobile_money,trust,county,Kwale,40,79255.4422,0.0,0.0,0.0,0.0,0.0061,-0.6068,false
mobile_money,affordability,county,Laikipia,31,35002.3342,10197.6328,10197.6328,0.2913,0.2643,0.3197,-2.8345,false
mobile_money,awareness,county,Laikipia,31,35002.3342,621.4611,621.4611,0.0178,0.0161,0.0701,-5.2313,false
mobile_money,eligibility,county,Laikipia,31,35002.3342,17508.6268,17508.6268,0.5002,0.4538,0.4608,3.9399,false
mobile_money,other,county,Laikipia,31,35002.3342,0.0,0.0,0.0,0.0,0.0328,-3.2826,false
mobile_money,physical_access,county,Laikipia,31,35002.3342,7722.4484,7722.4484,0.2206,0.2002,0.5103,-28.9624,false
mobile_money,relevance,county,Laikipia,31,35002.3342,1072.3971,1072.3971,0.0306,0.0278,0.0523,-2.1647,false
mobile_money,trust,county,Laikipia,31,35002.3342,1457.3119,1457.3119,0.0416,0.0378,0.0061,3.5567,false
mobile_money,affordability,county,Lamu,21,11305.0894,4659.6946,4659.6946,0.4122,0.3737,0.3197,9.249,true
mobile_money,awareness,county,Lamu,21,11305.0894,0.0,0.0,0.0,0.0,0.0701,-7.0068,true
mobile_money,eligibility,county,Lamu,21,11305.0894,3979.7578,3979.7578,0.352,0.3192,0.4608,-10.8782,true
mobile_money,other,county,Lamu,21,11305.0894,0.0,0.0,0.0,0.0,0.0328,-3.2826,true
mobile_money,physical_access,county,Lamu,21,11305.0894,3829.839,3829.839,0.3388,0.3071,0.5103,-17.148,true
mobile_money,relevance,county,Lamu,21,11305.0894,0.0,0.0,0.0,0.0,0.0523,-5.2285,true
mobile_money,trust,county,Lamu,21,11305.0894,0.0,0.0,0.0,0.0,0.0061,-0.6068,true
mobile_money,affordability,county,Machakos,35,77302.5409,30705.7825,30705.7825,0.3972,0.2622,0.3197,7.7529,false
mobile_money,awareness,county,Machakos,35,77302.5409,4562.126,4562.126,0.059,0.039,0.0701,-1.1051,false
mobile_money,eligibility,county,Machakos,35,77302.5409,41325.9225,41325.9225,0.5346,0.3528,0.4608,7.3786,false
mobile_money,other,county,Machakos,35,77302.5409,0.0,0.0,0.0,0.0,0.0328,-3.2826,false
mobile_money,physical_access,county,Machakos,35,77302.5409,33964.5175,36269.1483,0.4394,0.3097,0.5103,-7.088,false
mobile_money,relevance,county,Machakos,35,77302.5409,2129.658,2129.658,0.0275,0.0182,0.0523,-2.4735,false
mobile_money,trust,county,Machakos,35,77302.5409,2129.658,2129.658,0.0275,0.0182,0.0061,2.1482,false
mobile_money,affordability,county,Makueni,38,64011.3979,11374.7685,11374.7685,0.1777,0.1359,0.3197,-14.1988,false
mobile_money,awareness,county,Makueni,38,64011.3979,1760.4452,1760.4452,0.0275,0.021,0.0701,-4.2566,false
mobile_money,eligibility,county,Makueni,38,64011.3979,46222.903,46222.903,0.7221,0.5522,0.4608,26.129,false
mobile_money,other,county,Makueni,38,64011.3979,4098.5204,4098.5204,0.064,0.049,0.0328,3.1202,false
mobile_money,physical_access,county,Makueni,38,64011.3979,17088.9854,17088.9854,0.267,0.2042,0.5103,-24.3283,false
mobile_money,relevance,county,Makueni,38,64011.3979,3156.2128,3156.2128,0.0493,0.0377,0.0523,-0.2978,false
mobile_money,trust,county,Makueni,38,64011.3979,0.0,0.0,0.0,0.0,0.0061,-0.6068,false
mobile_money,affordability,county,Mandera,11,14492.6934,9718.9314,9718.9314,0.6706,0.5611,0.3197,35.0922,true
mobile_money,awareness,county,Mandera,11,14492.6934,993.4231,993.4231,0.0685,0.0574,0.0701,-0.1521,true
mobile_money,eligibility,county,Mandera,11,14492.6934,158.2125,158.2125,0.0109,0.0091,0.4608,-44.9897,true
mobile_money,other,county,Mandera,11,14492.6934,0.0,0.0,0.0,0.0,0.0328,-3.2826,true
mobile_money,physical_access,county,Mandera,11,14492.6934,6449.4073,6449.4073,0.445,0.3724,0.5103,-6.524,true
mobile_money,relevance,county,Mandera,11,14492.6934,0.0,0.0,0.0,0.0,0.0523,-5.2285,true
mobile_money,trust,county,Mandera,11,14492.6934,0.0,0.0,0.0,0.0,0.0061,-0.6068,true
mobile_money,affordability,county,Marsabit,39,37673.8739,2476.7918,2476.7918,0.0657,0.0642,0.3197,-25.3944,false
mobile_money,awareness,county,Marsabit,39,37673.8739,1953.3387,1953.3387,0.0518,0.0506,0.0701,-1.8219,false
mobile_money,eligibility,county,Marsabit,39,37673.8739,5277.4404,5277.4404,0.1401,0.1368,0.4608,-32.0732,false
mobile_money,other,county,Marsabit,39,37673.8739,0.0,0.0,0.0,0.0,0.0328,-3.2826,false
mobile_money,physical_access,county,Marsabit,39,37673.8739,28873.446,28873.446,0.7664,0.7484,0.5103,25.6154,false
mobile_money,relevance,county,Marsabit,39,37673.8739,0.0,0.0,0.0,0.0,0.0523,-5.2285,false
mobile_money,trust,county,Marsabit,39,37673.8739,0.0,0.0,0.0,0.0,0.0061,-0.6068,false
mobile_money,affordability,county,Meru,50,104452.7475,43413.6213,43413.6213,0.4156,0.2717,0.3197,9.5943,false
mobile_money,awareness,county,Meru,50,104452.7475,6015.2495,6015.2495,0.0576,0.0376,0.0701,-1.248,false
mobile_money,eligibility,county,Meru,50,104452.7475,54593.4627,54593.4627,0.5227,0.3417,0.4608,6.1848,false
mobile_money,other,county,Meru,50,104452.7475,1898.5511,1898.5511,0.0182,0.0119,0.0328,-1.465,false
mobile_money,physical_access,county,Meru,50,104452.7475,50003.5884,50003.5884,0.4787,0.3129,0.5103,-3.1531,false
mobile_money,relevance,county,Meru,50,104452.7475,3225.9166,3225.9166,0.0309,0.0202,0.0523,-2.1401,false
mobile_money,trust,county,Meru,50,104452.7475,634.4396,634.4396,0.0061,0.004,0.0061,0.0006,false
mobile_money,affordability,county,Migori,108,138821.8506,44450.4886,44450.4886,0.3202,0.2281,0.3197,0.0511,false
mobile_money,awareness,county,Migori,108,138821.8506,694.3338,694.3338,0.005,0.0036,0.0701,-6.5066,false
mobile_money,eligibility,county,Migori,108,138821.8506,78457.8463,78457.8463,0.5652,0.4027,0.4608,10.4355,false
mobile_money,other,county,Migori,108,138821.8506,2538.4037,2538.4037,0.0183,0.013,0.0328,-1.4541,false
mobile_money,physical_access,county,Migori,108,138821.8506,68130.6316,68130.6316,0.4908,0.3497,0.5103,-1.9474,false
mobile_money,relevance,county,Migori,108,138821.8506,579.7324,579.7324,0.0042,0.003,0.0523,-4.8109,false
mobile_money,trust,county,Migori,108,138821.8506,0.0,0.0,0.0,0.0,0.0061,-0.6068,false
mobile_money,affordability,county,Mombasa,43,80034.3935,4002.3298,4002.3298,0.05,0.0427,0.3197,-26.9679,false
mobile_money,awareness,county,Mombasa,43,80034.3935,0.0,0.0,0.0,0.0,0.0701,-7.0068,false
mobile_money,eligibility,county,Mombasa,43,80034.3935,62222.9826,62222.9826,0.7775,0.6633,0.4608,31.6639,false
mobile_money,other,county,Mombasa,43,80034.3935,3633.2307,3633.2307,0.0454,0.0387,0.0328,1.257,false
mobile_money,physical_access,county,Mombasa,43,80034.3935,20755.9116,20755.9116,0.2593,0.2213,0.5103,-25.0914,false
mobile_money,relevance,county,Mombasa,43,80034.3935,748.1369,748.1369,0.0093,0.008,0.0523,-4.2937,false
mobile_money,trust,county,Mombasa,43,80034.3935,2447.1277,2447.1277,0.0306,0.0261,0.0061,2.4508,false
mobile_money,affordability,county,Murang'a,62,90927.5782,19891.9876,19891.9876,0.2188,0.1692,0.3197,-10.0919,false
mobile_money,awareness,county,Murang'a,62,90927.5782,11843.5935,11843.5935,0.1303,0.1008,0.0701,6.0185,false
mobile_money,eligibility,county,Murang'a,62,90927.5782,33207.317,33207.317,0.3652,0.2825,0.4608,-9.5608,false
mobile_money,other,county,Murang'a,62,90927.5782,4824.9114,4824.9114,0.0531,0.041,0.0328,2.0237,false
mobile_money,physical_access,county,Murang'a,62,90927.5782,40936.7157,40936.7157,0.4502,0.3483,0.5103,-6.0039,false
mobile_money,relevance,county,Murang'a,62,90927.5782,5056.2095,5056.2095,0.0556,0.043,0.0523,0.3322,false
mobile_money,trust,county,Murang'a,62,90927.5782,1782.3762,1782.3762,0.0196,0.0152,0.0061,1.3534,false
mobile_money,affordability,county,Nairobi City,30,210913.2013,14041.8921,14041.8921,0.0666,0.0578,0.3197,-25.311,false
mobile_money,awareness,county,Nairobi City,30,210913.2013,0.0,0.0,0.0,0.0,0.0701,-7.0068,false
mobile_money,eligibility,county,Nairobi City,30,210913.2013,110878.4048,110878.4048,0.5257,0.4564,0.4608,6.4892,false
mobile_money,other,county,Nairobi City,30,210913.2013,0.0,0.0,0.0,0.0,0.0328,-3.2826,false
mobile_money,physical_access,county,Nairobi City,30,210913.2013,62170.6907,62170.6907,0.2948,0.2559,0.5103,-21.5482,false
mobile_money,relevance,county,Nairobi City,30,210913.2013,50434.12,50434.12,0.2391,0.2076,0.0523,18.6838,false
mobile_money,trust,county,Nairobi City,30,210913.2013,5433.9092,5433.9092,0.0258,0.0224,0.0061,1.9696,false
mobile_money,affordability,county,Nakuru,62,189384.4625,49400.1445,49400.1445,0.2608,0.1926,0.3197,-5.8841,false
mobile_money,awareness,county,Nakuru,62,189384.4625,5825.9155,5825.9155,0.0308,0.0227,0.0701,-3.9305,false
mobile_money,eligibility,county,Nakuru,62,189384.4625,91783.9587,91783.9587,0.4846,0.3578,0.4608,2.3829,false
mobile_money,other,county,Nakuru,62,189384.4625,10759.8037,10759.8037,0.0568,0.0419,0.0328,2.3989,false
mobile_money,physical_access,county,Nakuru,62,189384.4625,87126.6114,87126.6114,0.4601,0.3396,0.5103,-5.02,false
mobile_money,relevance,county,Nakuru,62,189384.4625,11629.7106,11629.7106,0.0614,0.0453,0.0523,0.9123,false
mobile_money,trust,county,Nakuru,62,189384.4625,0.0,0.0,0.0,0.0,0.0061,-0.6068,false
mobile_money,affordability,county,Nandi,35,44746.9841,25052.5042,25052.5042,0.5599,0.3451,0.3197,24.0184,false
mobile_money,awareness,county,Nandi,35,44746.9841,7058.897,7058.897,0.1578,0.0972,0.0701,8.7684,false
mobile_money,eligibility,county,Nandi,35,44746.9841,7823.6959,7823.6959,0.1748,0.1078,0.4608,-28.5971,false
mobile_money,other,county,Nandi,35,44746.9841,623.0416,623.0416,0.0139,0.0086,0.0328,-1.8902,false
mobile_money,physical_access,county,Nandi,35,44746.9841,28545.3842,28545.3842,0.6379,0.3932,0.5103,12.7678,false
mobile_money,relevance,county,Nandi,35,44746.9841,3498.0798,3498.0798,0.0782,0.0482,0.0523,2.589,false
mobile_money,trust,county,Nandi,35,44746.9841,0.0,0.0,0.0,0.0,0.0061,-0.6068,false
mobile_money,affordability,county,Narok,84,142660.3387,18647.4857,18647.4857,0.1307,0.108,0.3197,-18.8974,false
mobile_money,awareness,county,Narok,84,142660.3387,14900.2433,14900.2433,0.1044,0.0863,0.0701,3.4378,false
mobile_money,eligibility,county,Narok,84,142660.3387,55616.2935,55616.2935,0.3899,0.322,0.4608,-7.0963,false
mobile_money,other,county,Narok,84,142660.3387,4456.3199,4456.3199,0.0312,0.0258,0.0328,-0.1589,false
mobile_money,physical_access,county,Narok,84,142660.3387,56960.2061,56960.2061,0.3993,0.3298,0.5103,-11.098,false
mobile_money,relevance,county,Narok,84,142660.3387,19407.7261,19407.7261,0.136,0.1124,0.0523,8.3757,false
mobile_money,trust,county,Narok,84,142660.3387,2714.5138,2714.5138,0.019,0.0157,0.0061,1.296,false
mobile_money,affordability,county,Nyamira,41,43055.2272,29857.8764,29857.8764,0.6935,0.353,0.3197,37.3792,false
mobile_money,awareness,county,Nyamira,41,43055.2272,6779.5192,6779.5192,0.1575,0.0802,0.0701,8.7393,false
mobile_money,eligibility,county,Nyamira,41,43055.2272,17071.7107,17071.7107,0.3965,0.2018,0.4608,-6.4307,false
mobile_money,other,county,Nyamira,41,43055.2272,0.0,0.0,0.0,0.0,0.0328,-3.2826,false
mobile_money,physical_access,county,Nyamira,41,43055.2272,30449.9947,30449.9947,0.7072,0.36,0.5103,19.698,false
mobile_money,relevance,county,Nyamira,41,43055.2272,420.0197,420.0197,0.0098,0.005,0.0523,-4.2529,false
mobile_money,trust,county,Nyamira,41,43055.2272,0.0,0.0,0.0,0.0,0.0061,-0.6068,false
mobile_money,affordability,county,Nyandarua,26,41953.7012,2845.0502,2845.0502,0.0678,0.0524,0.3197,-25.1873,true
mobile_money,awareness,county,Nyandarua,26,41953.7012,1218.5638,1218.5638,0.029,0.0224,0.0701,-4.1022,true
mobile_money,eligibility,county,Nyandarua,26,41953.7012,34261.7888,34261.7888,0.8167,0.6311,0.4608,35.5843,true
mobile_money,other,county,Nyandarua,26,41953.7012,4810.5375,4810.5375,0.1147,0.0886,0.0328,8.1837,true
mobile_money,physical_access,county,Nyandarua,26,41953.7012,5465.4963,5465.4963,0.1303,0.1007,0.5103,-37.9977,true
mobile_money,relevance,county,Nyandarua,26,41953.7012,5684.5037,5684.5037,0.1355,0.1047,0.0523,8.321,true
mobile_money,trust,county,Nyandarua,26,41953.7012,0.0,0.0,0.0,0.0,0.0061,-0.6068,true
mobile_money,affordability,county,Nyeri,33,46558.7672,10671.2837,10671.2837,0.2292,0.1738,0.3197,-9.0486,false
mobile_money,awareness,county,Nyeri,33,46558.7672,5124.918,5124.918,0.1101,0.0835,0.0701,4.0006,false
mobile_money,eligibility,county,Nyeri,33,46558.7672,19861.8529,19861.8529,0.4266,0.3234,0.4608,-3.4217,false
mobile_money,other,county,Nyeri,33,46558.7672,3892.6501,3892.6501,0.0836,0.0634,0.0328,5.0781,false
mobile_money,physical_access,county,Nyeri,33,46558.7672,17009.9872,17009.9872,0.3653,0.277,0.5103,-14.4907,false
mobile_money,relevance,county,Nyeri,33,46558.7672,3750.1313,3750.1313,0.0805,0.0611,0.0523,2.8261,false
mobile_money,trust,county,Nyeri,33,46558.7672,1097.3861,1097.3861,0.0236,0.0179,0.0061,1.7502,false
mobile_money,affordability,county,Samburu,50,30698.6302,2176.2249,2176.2249,0.0709,0.0699,0.3197,-24.8797,false
mobile_money,awareness,county,Samburu,50,30698.6302,4537.9329,4537.9329,0.1478,0.1459,0.0701,7.7754,false
mobile_money,eligibility,county,Samburu,50,30698.6302,15063.4426,15063.4426,0.4907,0.4842,0.4608,2.9874,false
mobile_money,other,county,Samburu,50,30698.6302,280.5534,280.5534,0.0091,0.009,0.0328,-2.3687,false
mobile_money,physical_access,county,Samburu,50,30698.6302,8242.98,8242.98,0.2685,0.2649,0.5103,-24.1738,false
mobile_money,relevance,county,Samburu,50,30698.6302,0.0,0.0,0.0,0.0,0.0523,-5.2285,false
mobile_money,trust,county,Samburu,50,30698.6302,810.403,810.403,0.0264,0.026,0.0061,2.0331,false
mobile_money,affordability,county,Siaya,38,54753.6459,23892.7073,23892.7073,0.4364,0.2806,0.3197,11.6681,false
mobile_money,awareness,county,Siaya,38,54753.6459,2304.632,2304.632,0.0421,0.0271,0.0701,-2.7977,false
mobile_money,eligibility,county,Siaya,38,54753.6459,26684.976,26684.976,0.4874,0.3134,0.4608,2.655,false
mobile_money,other,county,Siaya,38,54753.6459,0.0,0.0,0.0,0.0,0.0328,-3.2826,false
mobile_money,physical_access,county,Siaya,38,54753.6459,31683.3529,31683.3529,0.5787,0.3721,0.5103,6.8402,false
mobile_money,relevance,county,Siaya,38,54753.6459,0.0,0.0,0.0,0.0,0.0523,-5.2285,false
mobile_money,trust,county,Siaya,38,54753.6459,578.2345,578.2345,0.0106,0.0068,0.0061,0.4493,false
mobile_money,affordability,county,Taita-Taveta,19,12987.2416,2001.1431,2001.1431,0.1541,0.134,0.3197,-16.5601,true
mobile_money,awareness,county,Taita-Taveta,19,12987.2416,0.0,0.0,0.0,0.0,0.0701,-7.0068,true
mobile_money,eligibility,county,Taita-Taveta,19,12987.2416,9031.4168,9031.4168,0.6954,0.6049,0.4608,23.4593,true
mobile_money,other,county,Taita-Taveta,19,12987.2416,1099.653,1099.653,0.0847,0.0737,0.0328,5.1846,true
mobile_money,physical_access,county,Taita-Taveta,19,12987.2416,2797.6964,2797.6964,0.2154,0.1874,0.5103,-29.4832,true
mobile_money,relevance,county,Taita-Taveta,19,12987.2416,0.0,0.0,0.0,0.0,0.0523,-5.2285,true
mobile_money,trust,county,Taita-Taveta,19,12987.2416,0.0,0.0,0.0,0.0,0.0061,-0.6068,true
mobile_money,affordability,county,Tana River,65,32066.7461,17038.1111,17038.1111,0.5313,0.4373,0.3197,21.1646,false
mobile_money,awareness,county,Tana River,65,32066.7461,1248.4959,1248.4959,0.0389,0.032,0.0701,-3.1134,false
mobile_money,eligibility,county,Tana River,65,32066.7461,5046.9456,5046.9456,0.1574,0.1295,0.4608,-30.3425,false
mobile_money,other,county,Tana River,65,32066.7461,0.0,0.0,0.0,0.0,0.0328,-3.2826,false
mobile_money,physical_access,county,Tana River,65,32066.7461,15362.1146,15631.4295,0.4791,0.4012,0.5103,-3.1184,false
mobile_money,relevance,county,Tana River,65,32066.7461,0.0,0.0,0.0,0.0,0.0523,-5.2285,false
mobile_money,trust,county,Tana River,65,32066.7461,0.0,0.0,0.0,0.0,0.0061,-0.6068,false
mobile_money,affordability,county,Tharaka-Nithi,50,32902.9186,9959.6768,9959.6768,0.3027,0.2206,0.3197,-1.6988,false
mobile_money,awareness,county,Tharaka-Nithi,50,32902.9186,4605.7907,4605.7907,0.14,0.102,0.0701,6.9913,false
mobile_money,eligibility,county,Tharaka-Nithi,50,32902.9186,11686.498,11686.498,0.3552,0.2588,0.4608,-10.5633,false
mobile_money,other,county,Tharaka-Nithi,50,32902.9186,1622.0048,1622.0048,0.0493,0.0359,0.0328,1.6471,false
mobile_money,physical_access,county,Tharaka-Nithi,50,32902.9186,16368.7514,16559.3949,0.4975,0.3667,0.5103,-1.2765,false
mobile_money,relevance,county,Tharaka-Nithi,50,32902.9186,724.8336,724.8336,0.022,0.0161,0.0523,-3.0255,false
mobile_money,trust,county,Tharaka-Nithi,50,32902.9186,0.0,0.0,0.0,0.0,0.0061,-0.6068,false
mobile_money,affordability,county,Trans Nzoia,21,96681.1089,55672.0891,55672.0891,0.5758,0.2797,0.3197,25.6145,true
mobile_money,awareness,county,Trans Nzoia,21,96681.1089,5990.1606,5990.1606,0.062,0.0301,0.0701,-0.811,true
mobile_money,eligibility,county,Trans Nzoia,21,96681.1089,60533.4846,60533.4846,0.6261,0.3041,0.4608,16.5301,true
mobile_money,other,county,Trans Nzoia,21,96681.1089,0.0,0.0,0.0,0.0,0.0328,-3.2826,true
mobile_money,physical_access,county,Trans Nzoia,21,96681.1089,63509.8718,74203.4152,0.6569,0.3728,0.5103,14.6649,true
mobile_money,relevance,county,Trans Nzoia,21,96681.1089,2634.2035,2634.2035,0.0272,0.0132,0.0523,-2.5038,true
mobile_money,trust,county,Trans Nzoia,21,96681.1089,0.0,0.0,0.0,0.0,0.0061,-0.6068,true
mobile_money,affordability,county,Turkana,105,143028.7905,123077.0317,123077.0317,0.8605,0.297,0.3197,54.0819,false
mobile_money,awareness,county,Turkana,105,143028.7905,59954.1799,59954.1799,0.4192,0.1447,0.0701,34.9108,false
mobile_money,eligibility,county,Turkana,105,143028.7905,56678.9287,56678.9287,0.3963,0.1368,0.4608,-6.4538,false
mobile_money,other,county,Turkana,105,143028.7905,0.0,0.0,0.0,0.0,0.0328,-3.2826,false
mobile_money,physical_access,county,Turkana,105,143028.7905,115834.7698,150747.563,0.8099,0.3638,0.5103,29.9619,false
mobile_money,relevance,county,Turkana,105,143028.7905,23900.1822,23900.1822,0.1671,0.0577,0.0523,11.4816,false
mobile_money,trust,county,Turkana,105,143028.7905,0.0,0.0,0.0,0.0,0.0061,-0.6068,false
mobile_money,affordability,county,Uasin Gishu,44,58537.7466,36162.6288,36162.6288,0.6178,0.3402,0.3197,29.8079,false
mobile_money,awareness,county,Uasin Gishu,44,58537.7466,1129.0837,1129.0837,0.0193,0.0106,0.0701,-5.078,false
mobile_money,eligibility,county,Uasin Gishu,44,58537.7466,40459.7016,40459.7016,0.6912,0.3806,0.4608,23.0359,false
mobile_money,other,county,Uasin Gishu,44,58537.7466,2693.4014,2693.4014,0.046,0.0253,0.0328,1.3185,false
mobile_money,physical_access,county,Uasin Gishu,44,58537.7466,24738.5996,24738.5996,0.4226,0.2327,0.5103,-8.7642,false
mobile_money,relevance,county,Uasin Gishu,44,58537.7466,1129.0837,1129.0837,0.0193,0.0106,0.0523,-3.2997,false
mobile_money,trust,county,Uasin Gishu,44,58537.7466,0.0,0.0,0.0,0.0,0.0061,-0.6068,false
mobile_money,affordability,county,Vihiga,49,54832.1119,9485.7586,9485.7586,0.173,0.1216,0.3197,-14.669,false
mobile_money,awareness,county,Vihiga,49,54832.1119,1431.733,1431.733,0.0261,0.0183,0.0701,-4.3957,false
mobile_money,eligibility,county,Vihiga,49,54832.1119,33171.4796,33171.4796,0.605,0.4251,0.4608,14.415,false
mobile_money,other,county,Vihiga,49,54832.1119,1141.6198,1141.6198,0.0208,0.0146,0.0328,-1.2006,false
mobile_money,physical_access,county,Vihiga,49,54832.1119,29712.6101,29712.6101,0.5419,0.3808,0.5103,3.1632,false
mobile_money,relevance,county,Vihiga,49,54832.1119,2488.2862,2488.2862,0.0454,0.0319,0.0523,-0.6905,false
mobile_money,trust,county,Vihiga,49,54832.1119,592.5894,592.5894,0.0108,0.0076,0.0061,0.474,false
mobile_money,affordability,county,Wajir,46,49025.5427,23886.3093,23886.3093,0.4872,0.3702,0.3197,16.7535,false
mobile_money,awareness,county,Wajir,46,49025.5427,5421.2447,5421.2447,0.1106,0.084,0.0701,4.0512,false
mobile_money,eligibility,county,Wajir,46,49025.5427,2970.8898,2970.8898,0.0606,0.046,0.4608,-40.0215,false
mobile_money,other,county,Wajir,46,49025.5427,339.78,339.78,0.0069,0.0053,0.0328,-2.5895,false
mobile_money,physical_access,county,Wajir,46,49025.5427,31909.6277,31909.6277,0.6509,0.4945,0.5103,14.0626,false
mobile_money,relevance,county,Wajir,46,49025.5427,0.0,0.0,0.0,0.0,0.0523,-5.2285,false
mobile_money,trust,county,Wajir,46,49025.5427,0.0,0.0,0.0,0.0,0.0061,-0.6068,false
mobile_money,affordability,county,West Pokot,149,131108.7312,57529.7694,57529.7694,0.4388,0.266,0.3197,11.9108,false
mobile_money,awareness,county,West Pokot,149,131108.7312,19523.8744,19523.8744,0.1489,0.0903,0.0701,7.8846,false
mobile_money,eligibility,county,West Pokot,149,131108.7312,35320.5947,35320.5947,0.2694,0.1633,0.4608,-19.1415,false
mobile_money,other,county,West Pokot,149,131108.7312,0.0,0.0,0.0,0.0,0.0328,-3.2826,false
mobile_money,physical_access,county,West Pokot,149,131108.7312,87806.0128,94879.1411,0.6697,0.4387,0.5103,15.9468,false
mobile_money,relevance,county,West Pokot,149,131108.7312,9004.7885,9004.7885,0.0687,0.0416,0.0523,1.6397,false
mobile_money,trust,county,West Pokot,149,131108.7312,0.0,0.0,0.0,0.0,0.0061,-0.6068,false
mobile_money,affordability,education,95,1,973.5078,0.0,0.0,0.0,0.0,0.3197,-31.9687,true
mobile_money,awareness,education,95,1,973.5078,0.0,0.0,0.0,0.0,0.0701,-7.0068,true
mobile_money,eligibility,education,95,1,973.5078,973.5078,973.5078,1.0,0.5,0.4608,53.9186,true
mobile_money,other,education,95,1,973.5078,0.0,0.0,0.0,0.0,0.0328,-3.2826,true
mobile_money,physical_access,education,95,1,973.5078,973.5078,973.5078,1.0,0.5,0.5103,48.9749,true
mobile_money,relevance,education,95,1,973.5078,0.0,0.0,0.0,0.0,0.0523,-5.2285,true
mobile_money,trust,education,95,1,973.5078,0.0,0.0,0.0,0.0,0.0061,-0.6068,true
mobile_money,affordability,education,Completed technical training after secondary school,14,30558.9754,4463.4461,4463.4461,0.1461,0.1046,0.3197,-17.3627,true
mobile_money,awareness,education,Completed technical training after secondary school,14,30558.9754,0.0,0.0,0.0,0.0,0.0701,-7.0068,true
mobile_money,eligibility,education,Completed technical training after secondary school,14,30558.9754,26249.0027,26249.0027,0.859,0.6152,0.4608,39.8148,true
mobile_money,other,education,Completed technical training after secondary school,14,30558.9754,6137.5248,6137.5248,0.2008,0.1439,0.0328,16.8016,true
mobile_money,physical_access,education,Completed technical training after secondary school,14,30558.9754,3710.9333,3710.9333,0.1214,0.087,0.5103,-38.8816,true
mobile_money,relevance,education,Completed technical training after secondary school,14,30558.9754,2104.3325,2104.3325,0.0689,0.0493,0.0523,1.6577,true
mobile_money,trust,education,Completed technical training after secondary school,14,30558.9754,0.0,0.0,0.0,0.0,0.0061,-0.6068,true
mobile_money,affordability,education,None,690,661064.5889,306957.1285,306957.1285,0.4643,0.2787,0.3197,14.4651,false
mobile_money,awareness,education,None,690,661064.5889,145609.8126,145609.8126,0.2203,0.1322,0.0701,15.0198,false
mobile_money,eligibility,education,None,690,661064.5889,65014.0286,65014.0286,0.0983,0.059,0.4608,-36.2467,false
mobile_money,other,education,None,690,661064.5889,4044.0503,4044.0503,0.0061,0.0037,0.0328,-2.6709,false
mobile_money,physical_access,education,None,690,661064.5889,473872.2086,519465.0829,0.7168,0.4716,0.5103,20.6581,false
mobile_money,relevance,education,None,690,661064.5889,54218.7441,54218.7441,0.082,0.0492,0.0523,2.9733,false
mobile_money,trust,education,None,690,661064.5889,6129.409,6129.409,0.0093,0.0056,0.0061,0.3204,false
mobile_money,affordability,education,Primary completed,315,603506.0228,184196.7076,184196.7076,0.3052,0.2163,0.3197,-1.4476,false
mobile_money,awareness,education,Primary completed,315,603506.0228,24096.9356,24096.9356,0.0399,0.0283,0.0701,-3.014,false
mobile_money,eligibility,education,Primary completed,315,603506.0228,314450.0419,314450.0419,0.521,0.3692,0.4608,6.0225,false
mobile_money,other,education,Primary completed,315,603506.0228,14926.3108,14926.3108,0.0247,0.0175,0.0328,-0.8093,false
mobile_money,physical_access,education,Primary completed,315,603506.0228,289532.1951,291629.0783,0.4798,0.3424,0.5103,-3.0501,false
mobile_money,relevance,education,Primary completed,315,603506.0228,21300.5734,21300.5734,0.0353,0.025,0.0523,-1.699,false
mobile_money,trust,education,Primary completed,315,603506.0228,1097.3861,1097.3861,0.0018,0.0013,0.0061,-0.4249,false
mobile_money,affordability,education,Secondary completed,325,623152.5307,122751.7934,122751.7934,0.197,0.1626,0.3197,-12.2702,false
mobile_money,awareness,education,Secondary completed,325,623152.5307,6309.3431,6309.3431,0.0101,0.0084,0.0701,-5.9943,false
mobile_money,eligibility,education,Secondary completed,325,623152.5307,386376.8468,386376.8468,0.62,0.5119,0.4608,15.9222,false
mobile_money,other,education,Secondary completed,325,623152.5307,36602.8657,36602.8657,0.0587,0.0485,0.0328,2.5912,false
mobile_money,physical_access,education,Secondary completed,325,623152.5307,172678.5917,172678.5917,0.2771,0.2288,0.5103,-23.3146,false
mobile_money,relevance,education,Secondary completed,325,623152.5307,28371.9583,28371.9583,0.0455,0.0376,0.0523,-0.6755,false
mobile_money,trust,education,Secondary completed,325,623152.5307,1675.9077,1675.9077,0.0027,0.0022,0.0061,-0.3378,false
mobile_money,affordability,education,Some primary,525,725144.381,233548.8546,233548.8546,0.3221,0.2195,0.3197,0.2386,false
mobile_money,awareness,education,Some primary,525,725144.381,44164.7234,44164.7234,0.0609,0.0415,0.0701,-0.9163,false
mobile_money,eligibility,education,Some primary,525,725144.381,240627.9773,240627.9773,0.3318,0.2262,0.4608,-12.898,false
mobile_money,other,education,Some primary,525,725144.381,19173.339,19173.339,0.0264,0.018,0.0328,-0.6385,false
mobile_money,physical_access,education,Some primary,525,725144.381,470818.593,481119.9865,0.6493,0.4522,0.5103,13.9024,false
mobile_money,relevance,education,Some primary,525,725144.381,40310.9341,40310.9341,0.0556,0.0379,0.0523,0.3305,false
mobile_money,trust,education,Some primary,525,725144.381,4899.4765,4899.4765,0.0068,0.0046,0.0061,0.0689,false
mobile_money,affordability,education,Some secondary,467,915270.8054,301507.6204,301507.6204,0.3294,0.2116,0.3197,0.9732,false
mobile_money,awareness,education,Some secondary,467,915270.8054,35919.0439,35919.0439,0.0392,0.0252,0.0701,-3.0824,false
mobile_money,eligibility,education,Some secondary,467,915270.8054,613699.3843,613699.3843,0.6705,0.4307,0.4608,20.9697,false
mobile_money,other,education,Some secondary,467,915270.8054,10972.3601,10972.3601,0.012,0.0077,0.0328,-2.0838,false
mobile_money,physical_access,education,Some secondary,467,915270.8054,435482.825,438176.2737,0.4758,0.3075,0.5103,-3.4454,false
mobile_money,relevance,education,Some secondary,467,915270.8054,21908.8411,21908.8411,0.0239,0.0154,0.0523,-2.8348,false
mobile_money,trust,education,Some secondary,467,915270.8054,2688.0813,2688.0813,0.0029,0.0019,0.0061,-0.3131,false
mobile_money,affordability,education,Some technical training after secondary school,28,65648.3871,12823.7576,12823.7576,0.1953,0.1486,0.3197,-12.4347,true
mobile_money,awareness,education,Some technical training after secondary school,28,65648.3871,1771.1901,1771.1901,0.027,0.0205,0.0701,-4.3088,true
mobile_money,eligibility,education,Some technical training after secondary school,28,65648.3871,24663.6692,24663.6692,0.3757,0.2857,0.4608,-8.5121,true
mobile_money,other,education,Some technical training after secondary school,28,65648.3871,20183.9409,20183.9409,0.3075,0.2338,0.0328,27.4629,true
mobile_money,physical_access,education,Some technical training after secondary school,28,65648.3871,21193.5007,21193.5007,0.3228,0.2455,0.5103,-18.7418,true
mobile_money,relevance,education,Some technical training after secondary school,28,65648.3871,5687.6919,5687.6919,0.0866,0.0659,0.0523,3.4354,true
mobile_money,trust,education,Some technical training after secondary school,28,65648.3871,0.0,0.0,0.0,0.0,0.0061,-0.6068,true
mobile_money,affordability,education,Some university,13,24787.6454,9876.8737,9876.8737,0.3985,0.3037,0.3197,7.8773,true
mobile_money,awareness,education,Some university,13,24787.6454,0.0,0.0,0.0,0.0,0.0701,-7.0068,true
mobile_money,eligibility,education,Some university,13,24787.6454,21798.9946,21798.9946,0.8794,0.6702,0.4608,41.8616,true
mobile_money,other,education,Some university,13,24787.6454,0.0,0.0,0.0,0.0,0.0328,-3.2826,true
mobile_money,physical_access,education,Some university,13,24787.6454,849.1321,849.1321,0.0343,0.0261,0.5103,-47.5995,true
mobile_money,relevance,education,Some university,13,24787.6454,0.0,0.0,0.0,0.0,0.0523,-5.2285,true
mobile_money,trust,education,Some university,13,24787.6454,0.0,0.0,0.0,0.0,0.0061,-0.6068,true
mobile_money,affordability,education,University completed,7,30200.7716,419.0586,419.0586,0.0139,0.0094,0.3197,-30.5811,true
mobile_money,awareness,education,University completed,7,30200.7716,0.0,0.0,0.0,0.0,0.0701,-7.0068,true
mobile_money,eligibility,education,University completed,7,30200.7716,2084.2957,2084.2957,0.069,0.0469,0.4608,-39.1799,true
mobile_money,other,education,University completed,7,30200.7716,8769.7764,8769.7764,0.2904,0.1975,0.0328,25.7556,true
mobile_money,physical_access,education,University completed,7,30200.7716,8769.7764,8769.7764,0.2904,0.1975,0.5103,-21.9869,true
mobile_money,relevance,education,University completed,7,30200.7716,18520.8818,18520.8818,0.6133,0.4171,0.0523,56.0974,true
mobile_money,trust,education,University completed,7,30200.7716,5840.6683,5840.6683,0.1934,0.1315,0.0061,18.7327,true
mobile_money,affordability,sex,Female,1499,2043380.7883,688161.8207,688161.8207,0.3368,0.2309,0.3197,1.7089,false
mobile_money,awareness,sex,Female,1499,2043380.7883,149680.2812,149680.2812,0.0733,0.0502,0.0701,0.3183,false
mobile_money,eligibility,sex,Female,1499,2043380.7883,870707.3768,870707.3768,0.4261,0.2922,0.4608,-3.4703,false
mobile_money,other,sex,Female,1499,2043380.7883,70779.5117,70779.5117,0.0346,0.0238,0.0328,0.1812,false
mobile_money,physical_access,sex,Female,1499,2043380.7883,1070972.1547,1099107.7451,0.5241,0.3688,0.5103,1.3867,false
mobile_money,relevance,sex,Female,1499,2043380.7883,85142.0577,85142.0577,0.0417,0.0286,0.0523,-1.0617,false
mobile_money,trust,sex,Female,1499,2043380.7883,16396.7362,16396.7362,0.008,0.0055,0.0061,0.1957,false
mobile_money,affordability,sex,Male,886,1636926.8279,488383.4198,488383.4198,0.2984,0.2014,0.3197,-2.1333,false
mobile_money,awareness,sex,Male,886,1636926.8279,108190.7676,108190.7676,0.0661,0.0446,0.0701,-0.3974,false
mobile_money,eligibility,sex,Male,886,1636926.8279,825230.3722,825230.3722,0.5041,0.3404,0.4608,4.332,false
mobile_money,other,sex,Male,886,1636926.8279,50030.6562,50030.6562,0.0306,0.0206,0.0328,-0.2262,false
mobile_money,physical_access,sex,Male,886,1636926.8279,806909.109,839458.1182,0.4929,0.3462,0.5103,-1.731,false
mobile_money,relevance,sex,Male,886,1636926.8279,107281.8995,107281.8995,0.0655,0.0442,0.0523,1.3254,false
mobile_money,trust,sex,Male,886,1636926.8279,5934.1927,5934.1927,0.0036,0.0024,0.0061,-0.2442,false
savings,affordability,age_group,18-25,998,1978821.5723,1676507.9055,1676507.9055,0.8472,0.6171,0.8748,-2.762,false
savings,awareness,age_group,18-25,998,1978821.5723,372356.0161,372356.0161,0.1882,0.1371,0.1946,-0.6453,false
savings,eligibility,age_group,18-25,998,1978821.5723,547129.9411,547129.9411,0.2765,0.2014,0.1249,15.164,false
savings,other,age_group,18-25,998,1978821.5723,13813.4285,13813.4285,0.007,0.0051,0.0085,-0.1483,false
savings,relevance,age_group,18-25,998,1978821.5723,85759.3245,101347.3105,0.0433,0.0373,0.0594,-1.6093,false
savings,trust,age_group,18-25,998,1978821.5723,5412.6273,5412.6273,0.0027,0.002,0.0104,-0.7655,false
savings,affordability,age_group,26-35,805,914337.9653,809249.3721,809249.3721,0.8851,0.7071,0.8748,1.022,false
savings,awareness,age_group,26-35,805,914337.9653,218438.0204,218438.0204,0.2389,0.1909,0.1946,4.428,false
savings,eligibility,age_group,26-35,805,914337.9653,18282.6796,18282.6796,0.02,0.016,0.1249,-10.4857,false
savings,other,age_group,26-35,805,914337.9653,6396.2501,6396.2501,0.007,0.0056,0.0085,-0.1468,false
savings,relevance,age_group,26-35,805,914337.9653,71042.3094,71886.1733,0.0777,0.0628,0.0594,1.8266,false
savings,trust,age_group,26-35,805,914337.9653,20154.9806,20154.9806,0.022,0.0176,0.0104,1.1653,false
savings,affordability,age_group,36-45,615,637080.1654,575468.3302,575468.3302,0.9033,0.7534,0.8748,2.8445,false
savings,awareness,age_group,36-45,615,637080.1654,110882.5795,110882.5795,0.174,0.1452,0.1946,-2.0575,false
savings,eligibility,age_group,36-45,615,637080.1654,13603.6385,13603.6385,0.0214,0.0178,0.1249,-10.35,false
savings,other,age_group,36-45,615,637080.1654,6934.4775,6934.4775,0.0109,0.0091,0.0085,0.2421,false
savings,relevance,age_group,36-45,615,637080.1654,36376.0367,39574.0892,0.0571,0.0518,0.0594,-0.2334,false
savings,trust,age_group,36-45,615,637080.1654,17347.9245,17347.9245,0.0272,0.0227,0.0104,1.684,false
savings,affordability,age_group,46-55,397,398723.7294,369161.5301,369161.5301,0.9259,0.7912,0.8748,5.1012,false
savings,awareness,age_group,46-55,397,398723.7294,56752.3571,56752.3571,0.1423,0.1216,0.1946,-5.2288,false
savings,eligibility,age_group,46-55,397,398723.7294,6820.0074,6820.0074,0.0171,0.0146,0.1249,-10.7748,false
savings,other,age_group,46-55,397,398723.7294,4119.3235,4119.3235,0.0103,0.0088,0.0085,0.1867,false
savings,relevance,age_group,46-55,397,398723.7294,25952.032,26949.6028,0.0651,0.0578,0.0594,0.5656,false
savings,trust,age_group,46-55,397,398723.7294,2752.3483,2752.3483,0.0069,0.0059,0.0104,-0.3488,false
savings,affordability,age_group,Above 55,884,791198.1957,699026.1774,699026.1774,0.8835,0.7453,0.8748,0.8658,false
savings,awareness,age_group,Above 55,884,791198.1957,160224.4873,160224.4873,0.2025,0.1708,0.1946,0.7885,false
savings,eligibility,age_group,Above 55,884,791198.1957,3488.783,3488.783,0.0044,0.0037,0.1249,-12.0443,false
savings,other,age_group,Above 55,884,791198.1957,8687.7158,8687.7158,0.011,0.0093,0.0085,0.2517,false
savings,relevance,age_group,Above 55,884,791198.1957,61398.8561,63050.4365,0.0776,0.0672,0.0594,1.817,false
savings,trust,age_group,Above 55,884,791198.1957,3378.0054,3378.0054,0.0043,0.0036,0.0104,-0.6121,false
savings,affordability,all,All,3699,4720161.6281,4129413.3153,4129413.3153,0.8748,0.6849,0.8748,0.0,false
savings,awareness,all,All,3699,4720161.6281,918653.4604,918653.4604,0.1946,0.1524,0.1946,0.0,false
savings,eligibility,all,All,3699,4720161.6281,589325.0495,589325.0495,0.1249,0.0977,0.1249,0.0,false
savings,other,all,All,3699,4720161.6281,39951.1953,39951.1953,0.0085,0.0066,0.0085,0.0,false
savings,relevance,all,All,3699,4720161.6281,280528.5588,302807.6123,0.0594,0.0502,0.0594,0.0,false
savings,trust,all,All,3699,4720161.6281,49045.8861,49045.8861,0.0104,0.0081,0.0104,0.0,false
savings,affordability,county,Baringo,56,63948.3524,58382.2492,58382.2492,0.913,0.5518,0.8748,3.8114,false
savings,awareness,county,Baringo,56,63948.3524,17705.7679,17705.7679,0.2769,0.1673,0.1946,8.2253,false
savings,eligibility,county,Baringo,56,63948.3524,14587.3451,14587.3451,0.2281,0.1379,0.1249,10.3259,false
savings,other,county,Baringo,56,63948.3524,0.0,0.0,0.0,0.0,0.0085,-0.8464,false
savings,relevance,county,Baringo,56,63948.3524,15130.2339,15130.2339,0.2366,0.143,0.0594,17.7169,false
savings,trust,county,Baringo,56,63948.3524,0.0,0.0,0.0,0.0,0.0104,-1.0391,false
savings,affordability,county,Bomet,67,71509.0914,51590.6427,51590.6427,0.7215,0.5994,0.8748,-15.339,false
savings,awareness,county,Bomet,67,71509.0914,19357.1528,19357.1528,0.2707,0.2249,0.1946,7.6072,false
savings,eligibility,county,Bomet,67,71509.0914,3933.0398,3933.0398,0.055,0.0457,0.1249,-6.9852,false
savings,other,county,Bomet,67,71509.0914,7386.2389,7386.2389,0.1033,0.0858,0.0085,9.4827,false
savings,relevance,county,Bomet,67,71509.0914,3808.1596,3808.1596,0.0533,0.0442,0.0594,-0.6178,false
savings,trust,county,Bomet,67,71509.0914,0.0,0.0,0.0,0.0,0.0104,-1.0391,false
savings,affordability,county,Bungoma,50,95032.1813,65501.8742,65501.8742,0.6893,0.6832,0.8748,-18.5586,false
savings,awareness,county,Bungoma,50,95032.1813,0.0,0.0,0.0,0.0,0.1946,-19.4623,false
savings,eligibility,county,Bungoma,50,95032.1813,24488.3998,24488.3998,0.2577,0.2554,0.1249,13.2833,false
savings,other,county,Bungoma,50,95032.1813,1028.5485,1028.5485,0.0108,0.0107,0.0085,0.2359,false
savings,relevance,county,Bungoma,50,95032.1813,4013.3589,4857.2228,0.0422,0.0507,0.0594,-1.72,false
savings,trust,county,Bungoma,50,95032.1813,0.0,0.0,0.0,0.0,0.0104,-1.0391,false
savings,affordability,county,Busia,49,69354.2216,55413.1317,55413.1317,0.799,0.7156,0.8748,-7.5859,false
savings,awareness,county,Busia,49,69354.2216,3682.703,3682.703,0.0531,0.0476,0.1946,-14.1523,false
savings,eligibility,county,Busia,49,69354.2216,12865.3736,12865.3736,0.1855,0.1662,0.1249,6.065,false
savings,other,county,Busia,49,69354.2216,0.0,0.0,0.0,0.0,0.0085,-0.8464,false
savings,relevance,county,Busia,49,69354.2216,5470.9884,5470.9884,0.0789,0.0707,0.0594,1.9453,false
savings,trust,county,Busia,49,69354.2216,0.0,0.0,0.0,0.0,0.0104,-1.0391,false
savings,affordability,county,Elgeyo-Marakwet,39,35768.3979,35294.1689,35294.1689,0.9867,0.4998,0.8748,11.1896,false
savings,awareness,county,Elgeyo-Marakwet,39,35768.3979,20299.4336,20299.4336,0.5675,0.2875,0.1946,37.2901,false
savings,eligibility,county,Elgeyo-Marakwet,39,35768.3979,14010.2494,14010.2494,0.3917,0.1984,0.1249,26.6841,false
savings,other,county,Elgeyo-Marakwet,39,35768.3979,0.0,0.0,0.0,0.0,0.0085,-0.8464,false
savings,relevance,county,Elgeyo-Marakwet,39,35768.3979,1010.6075,1010.6075,0.0283,0.0143,0.0594,-3.1178,false
savings,trust,county,Elgeyo-Marakwet,39,35768.3979,0.0,0.0,0.0,0.0,0.0104,-1.0391,false
savings,affordability,county,Embu,39,36719.162,35487.9184,35487.9184,0.9665,0.8697,0.8748,9.1623,false
savings,awareness,county,Embu,39,36719.162,534.087,534.087,0.0145,0.0131,0.1946,-18.0078,false
savings,eligibility,county,Embu,39,36719.162,2283.4214,2283.4214,0.0622,0.056,0.1249,-6.2667,false
savings,other,county,Embu,39,36719.162,697.1566,697.1566,0.019,0.0171,0.0085,1.0522,false
savings,relevance,county,Embu,39,36719.162,1803.9551,1803.9551,0.0491,0.0442,0.0594,-1.0304,false
savings,trust,county,Embu,39,36719.162,0.0,0.0,0.0,0.0,0.0104,-1.0391,false
savings,affordability,county,Garissa,207,307395.6729,279129.827,279129.827,0.908,0.7428,0.8748,3.3202,false
savings,awareness,county,Garissa,207,307395.6729,58913.7413,58913.7413,0.1917,0.1568,0.1946,-0.2969,false
savings,eligibility,county,Garissa,207,307395.6729,13488.9745,13488.9745,0.0439,0.0359,0.1249,-8.0971,false
savings,other,county,Garissa,207,307395.6729,468.9984,468.9984,0.0015,0.0012,0.0085,-0.6938,false
savings,relevance,county,Garissa,207,307395.6729,3816.4206,3816.4206,0.0124,0.0102,0.0594,-4.7017,false
savings,trust,county,Garissa,207,307395.6729,19941.6138,19941.6138,0.0649,0.0531,0.0104,5.4482,false
savings,affordability,county,Homabay,111,124652.4575,101412.8916,101412.8916,0.8136,0.6729,0.8748,-6.1281,false
savings,awareness,county,Homabay,111,124652.4575,20044.4932,20044.4932,0.1608,0.133,0.1946,-3.382,false
savings,eligibility,county,Homabay,111,124652.4575,24967.7118,24967.7118,0.2003,0.1657,0.1249,7.5446,false
savings,other,county,Homabay,111,124652.4575,582.8489,582.8489,0.0047,0.0039,0.0085,-0.3788,false
savings,relevance,county,Homabay,111,124652.4575,2357.8338,2357.8338,0.0189,0.0156,0.0594,-4.0517,false
savings,trust,county,Homabay,111,124652.4575,1353.8533,1353.8533,0.0109,0.009,0.0104,0.047,false
savings,affordability,county,Isiolo,44,20862.9106,18019.8788,18019.8788,0.8637,0.5503,0.8748,-1.1118,false
savings,awareness,county,Isiolo,44,20862.9106,10302.7892,10302.7892,0.4938,0.3146,0.1946,29.9209,false
savings,eligibility,county,Isiolo,44,20862.9106,2863.4624,2863.4624,0.1373,0.0874,0.1249,1.2399,false
savings,other,county,Isiolo,44,20862.9106,0.0,0.0,0.0,0.0,0.0085,-0.8464,false
savings,relevance,county,Isiolo,44,20862.9106,1559.7244,1559.7244,0.0748,0.0476,0.0594,1.5329,false
savings,trust,county,Isiolo,44,20862.9106,0.0,0.0,0.0,0.0,0.0104,-1.0391,false
savings,affordability,county,Kajiado,23,36354.6351,28126.0391,28126.0391,0.7737,0.633,0.8748,-10.1188,true
savings,awareness,county,Kajiado,23,36354.6351,1087.3849,1087.3849,0.0299,0.0245,0.1946,-16.4713,true
savings,eligibility,county,Kajiado,23,36354.6351,13008.6258,13008.6258,0.3578,0.2928,0.1249,23.2973,true
savings,other,county,Kajiado,23,36354.6351,1277.2128,1277.2128,0.0351,0.0287,0.0085,2.6668,true
savings,relevance,county,Kajiado,23,36354.6351,936.2891,936.2891,0.0258,0.0211,0.0594,-3.3678,true
savings,trust,county,Kajiado,23,36354.6351,0.0,0.0,0.0,0.0,0.0104,-1.0391,true
savings,affordability,county,Kakamega,47,84550.1014,78016.8196,78016.8196,0.9227,0.8728,0.8748,4.7883,false
savings,awareness,county,Kakamega,47,84550.1014,3374.1759,3374.1759,0.0399,0.0377,0.1946,-15.4716,false
savings,eligibility,county,Kakamega,47,84550.1014,7991.3824,7991.3824,0.0945,0.0894,0.1249,-3.0336,false
savings,other,county,Kakamega,47,84550.1014,0.0,0.0,0.0,0.0,0.0085,-0.8464,false
savings,relevance,county,Kakamega,47,84550.1014,0.0,0.0,0.0,0.0,0.0594,-5.9432,false
savings,trust,county,Kakamega,47,84550.1014,0.0,0.0,0.0,0.0,0.0104,-1.0391,false
savings,affordability,county,Kericho,72,83975.5057,69523.9388,69523.9388,0.8279,0.6868,0.8748,-4.6938,false
savings,awareness,county,Kericho,72,83975.5057,13217.9071,13217.9071,0.1574,0.1306,0.1946,-3.7221,false
savings,eligibility,county,Kericho,72,83975.5057,8134.8735,8134.8735,0.0969,0.0804,0.1249,-2.7981,false
savings,other,county,Kericho,72,83975.5057,6037.6106,6037.6106,0.0719,0.0596,0.0085,6.3433,false
savings,relevance,county,Kericho,72,83975.5057,3703.5662,3703.5662,0.0441,0.0366,0.0594,-1.5329,false
savings,trust,county,Kericho,72,83975.5057,617.223,617.223,0.0074,0.0061,0.0104,-0.3041,false
savings,affordability,county,Kiambu,48,134096.003,124208.2116,124208.2116,0.9263,0.9158,0.8748,5.1418,false
savings,awareness,county,Kiambu,48,134096.003,0.0,0.0,0.0,0.0,0.1946,-19.4623,false
savings,eligibility,county,Kiambu,48,134096.003,10213.7831,10213.7831,0.0762,0.0753,0.1249,-4.8685,false
savings,other,county,Kiambu,48,134096.003,537.3521,537.3521,0.004,0.004,0.0085,-0.4457,false
savings,relevance,county,Kiambu,48,134096.003,667.6671,667.6671,0.005,0.0049,0.0594,-5.4453,false
savings,trust,county,Kiambu,48,134096.003,0.0,0.0,0.0,0.0,0.0104,-1.0391,false
savings,affordability,county,Kilifi,83,138472.5262,130826.0707,130826.0707,0.9448,0.7117,0.8748,6.9934,false
savings,awareness,county,Kilifi,83,138472.5262,18574.2517,18574.2517,0.1341,0.101,0.1946,-6.0487,false
savings,eligibility,county,Kilifi,83,138472.5262,32832.9022,32832.9022,0.2371,0.1786,0.1249,11.2255,false
savings,other,county,Kilifi,83,138472.5262,0.0,0.0,0.0,0.0,0.0085,-0.8464,false
savings,relevance,county,Kilifi,83,138472.5262,1589.1571,1589.1571,0.0115,0.0086,0.0594,-4.7956,false
savings,trust,county,Kilifi,83,138472.5262,0.0,0.0,0.0,0.0,0.0104,-1.0391,false
savings,affordability,county,Kirinyaga,29,21260.1194,15439.6485,15439.6485,0.7262,0.6436,0.8748,-14.862,true
savings,awareness,county,Kirinyaga,29,21260.1194,2034.8412,2034.8412,0.0957,0.0848,0.1946,-9.8912,true
savings,eligibility,county,Kirinyaga,29,21260.1194,3468.5601,3468.5601,0.1631,0.1446,0.1249,3.8296,true
savings,other,county,Kirinyaga,29,21260.1194,0.0,0.0,0.0,0.0,0.0085,-0.8464,true
savings,relevance,county,Kirinyaga,29,21260.1194,3045.1134,3045.1134,0.1432,0.1269,0.0594,8.3799,true
savings,trust,county,Kirinyaga,29,21260.1194,0.0,0.0,0.0,0.0,0.0104,-1.0391,true
savings,affordability,county,Kisii,115,154932.1244,128063.6641,128063.6641,0.8266,0.7225,0.8748,-4.8267,false
savings,awareness,county,Kisii,115,154932.1244,32907.6015,32907.6015,0.2124,0.1857,0.1946,1.7777,false
savings,eligibility,county,Kisii,115,154932.1244,10929.1632,10929.1632,0.0705,0.0617,0.1249,-5.4311,false
savings,other,county,Kisii,115,154932.1244,1213.7994,1213.7994,0.0078,0.0068,0.0085,-0.063,false
savings,relevance,county,Kisii,115,154932.1244,4139.2167,4139.2167,0.0267,0.0234,0.0594,-3.2716,false
savings,trust,county,Kisii,115,154932.1244,0.0,0.0,0.0,0.0,0.0104,-1.0391,false
savings,affordability,county,Kisumu,60,85068.524,78332.4498,78332.4498,0.9208,0.8673,0.8748,4.597,false
savings,awareness,county,Kisumu,60,85068.524,512.4521,512.4521,0.006,0.0057,0.1946,-18.8599,false
savings,eligibility,county,Kisumu,60,85068.524,5253.5119,5253.5119,0.0618,0.0582,0.1249,-6.3096,false
savings,other,county,Kisumu,60,85068.524,0.0,0.0,0.0,0.0,0.0085,-0.8464,false
savings,relevance,county,Kisumu,60,85068.524,5524.4753,5524.4753,0.0649,0.0612,0.0594,0.5509,false
savings,trust,county,Kisumu,60,85068.524,699.1469,699.1469,0.0082,0.0077,0.0104,-0.2172,false
savings,affordability,county,Kitui,57,109597.4877,109597.4877,109597.4877,1.0,0.8021,0.8748,12.5154,false
savings,awareness,county,Kitui,57,109597.4877,13198.1111,13198.1111,0.1204,0.0966,0.1946,-7.42,false
savings,eligibility,county,Kitui,57,109597.4877,13842.0338,13842.0338,0.1263,0.1013,0.1249,0.1446,false
savings,other,county,Kitui,57,109597.4877,0.0,0.0,0.0,0.0,0.0085,-0.8464,false
savings,relevance,county,Kitui,57,109597.4877,0.0,0.0,0.0,0.0,0.0594,-5.9432,false
savings,trust,county,Kitui,57,109597.4877,0.0,0.0,0.0,0.0,0.0104,-1.0391,false
savings,affordability,county,Kwale,77,107917.9147,90708.3045,90708.3045,0.8405,0.7442,0.8748,-3.4315,false
savings,awareness,county,Kwale,77,107917.9147,7269.2783,7269.2783,0.0674,0.0596,0.1946,-12.7264,false
savings,eligibility,county,Kwale,77,107917.9147,15004.4596,15004.4596,0.139,0.1231,0.1249,1.4183,false
savings,other,county,Kwale,77,107917.9147,6818.4012,6818.4012,0.0632,0.0559,0.0085,5.4717,false
savings,relevance,county,Kwale,77,107917.9147,1138.2941,1138.2941,0.0105,0.0093,0.0594,-4.8884,false
savings,trust,county,Kwale,77,107917.9147,952.1376,952.1376,0.0088,0.0078,0.0104,-0.1568,false
savings,affordability,county,Laikipia,42,35551.5089,31235.288,31235.288,0.8786,0.8537,0.8748,0.3747,false
savings,awareness,county,Laikipia,42,35551.5089,1356.0808,1356.0808,0.0381,0.0371,0.1946,-15.6479,false
savings,eligibility,county,Laikipia,42,35551.5089,3994.9326,3994.9326,0.1124,0.1092,0.1249,-1.2482,false
savings,other,county,Laikipia,42,35551.5089,0.0,0.0,0.0,0.0,0.0085,-0.8464,false
savings,relevance,county,Laikipia,42,35551.5089,0.0,0.0,0.0,0.0,0.0594,-5.9432,false
savings,trust,county,Laikipia,42,35551.5089,0.0,0.0,0.0,0.0,0.0104,-1.0391,false
savings,affordability,county,Lamu,147,58378.1426,52282.6982,52282.6982,0.8956,0.8257,0.8748,2.0741,false
savings,awareness,county,Lamu,147,58378.1426,3613.588,3613.588,0.0619,0.0571,0.1946,-13.2724,false
savings,eligibility,county,Lamu,147,58378.1426,4634.8553,4634.8553,0.0794,0.0732,0.1249,-4.5459,false
savings,other,county,Lamu,147,58378.1426,0.0,0.0,0.0,0.0,0.0085,-0.8464,false
savings,relevance,county,Lamu,147,58378.1426,2441.3409,2441.3409,0.0418,0.0386,0.0594,-1.7613,false
savings,trust,county,Lamu,147,58378.1426,347.7391,347.7391,0.006,0.0055,0.0104,-0.4434,false
savings,affordability,county,Machakos,54,115764.6465,108161.1688,108161.1688,0.9343,0.7817,0.8748,5.9474,false
savings,awareness,county,Machakos,54,115764.6465,0.0,0.0,0.0,0.0,0.1946,-19.4623,false
savings,eligibility,county,Machakos,54,115764.6465,21601.9259,21601.9259,0.1866,0.1561,0.1249,6.1749,false
savings,other,county,Machakos,54,115764.6465,2659.5504,2659.5504,0.023,0.0192,0.0085,1.451,false
savings,relevance,county,Machakos,54,115764.6465,3876.9698,3876.9698,0.0335,0.028,0.0594,-2.5942,false
savings,trust,county,Machakos,54,115764.6465,2070.9646,2070.9646,0.0179,0.015,0.0104,0.7499,false
savings,affordability,county,Makueni,44,77657.4229,70517.5457,70517.5457,0.9081,0.7438,0.8748,3.3214,false
savings,awareness,county,Makueni,44,77657.4229,3951.9243,3951.9243,0.0509,0.0417,0.1946,-14.3734,false
savings,eligibility,county,Makueni,44,77657.4229,14632.4612,14632.4612,0.1884,0.1543,0.1249,6.357,false
savings,other,county,Makueni,44,77657.4229,0.0,0.0,0.0,0.0,0.0085,-0.8464,false
savings,relevance,county,Makueni,44,77657.4229,5707.4363,5707.4363,0.0735,0.0602,0.0594,1.4063,false
savings,trust,county,Makueni,44,77657.4229,0.0,0.0,0.0,0.0,0.0104,-1.0391,false
savings,affordability,county,Mandera,191,206089.3093,199523.4845,199523.4845,0.9681,0.6269,0.8748,9.3295,false
savings,awareness,county,Mandera,191,206089.3093,115273.5878,115273.5878,0.5593,0.3622,0.1946,36.4715,false
savings,eligibility,county,Mandera,191,206089.3093,0.0,0.0,0.0,0.0,0.1249,-12.4853,false
savings,other,county,Mandera,191,206089.3093,0.0,0.0,0.0,0.0,0.0085,-0.8464,false
savings,relevance,county,Mandera,191,206089.3093,3472.3088,3472.3088,0.0168,0.0109,0.0594,-4.2583,false
savings,trust,county,Mandera,191,206089.3093,0.0,0.0,0.0,0.0,0.0104,-1.0391,false
savings,affordability,county,Marsabit,59,54999.0427,33913.8148,33913.8148,0.6166,0.6166,0.8748,-25.822,false
savings,awareness,county,Marsabit,59,54999.0427,16031.5278,16031.5278,0.2915,0.2915,0.1946,9.6864,false
savings,eligibility,county,Marsabit,59,54999.0427,2788.6464,2788.6464,0.0507,0.0507,0.1249,-7.4149,false
savings,other,county,Marsabit,59,54999.0427,0.0,0.0,0.0,0.0,0.0085,-0.8464,false
savings,relevance,county,Marsabit,59,54999.0427,1509.5367,1509.5367,0.0274,0.0274,0.0594,-3.1985,false
savings,trust,county,Marsabit,59,54999.0427,755.517,755.517,0.0137,0.0137,0.0104,0.3346,false
savings,affordability,county,Meru,26,35410.9448,33847.0561,33847.0561,0.9558,0.8596,0.8748,8.099,true
savings,awareness,county,Meru,26,35410.9448,1563.8887,1563.8887,0.0442,0.0397,0.1946,-15.0459,true
savings,eligibility,county,Meru,26,35410.9448,3964.3766,3964.3766,0.112,0.1007,0.1249,-1.2899,true
savings,other,county,Meru,26,35410.9448,0.0,0.0,0.0,0.0,0.0085,-0.8464,true
savings,relevance,county,Meru,26,35410.9448,0.0,0.0,0.0,0.0,0.0594,-5.9432,true
savings,trust,county,Meru,26,35410.9448,0.0,0.0,0.0,0.0,0.0104,-1.0391,true
savings,affordability,county,Migori,180,210599.8488,186068.4005,186068.4005,0.8835,0.6873,0.8748,0.8671,false
savings,awareness,county,Migori,180,210599.8488,55716.3022,55716.3022,0.2646,0.2058,0.1946,6.9937,false
savings,eligibility,county,Migori,180,210599.8488,27731.3023,27731.3023,0.1317,0.1024,0.1249,0.6825,false
savings,other,county,Migori,180,210599.8488,0.0,0.0,0.0,0.0,0.0085,-0.8464,false
savings,relevance,county,Migori,180,210599.8488,1195.9414,1195.9414,0.0057,0.0044,0.0594,-5.3753,false
savings,trust,county,Migori,180,210599.8488,0.0,0.0,0.0,0.0,0.0104,-1.0391,false
savings,affordability,county,Mombasa,76,139074.2328,133824.7302,133824.7302,0.9623,0.9623,0.8748,8.7408,false
savings,awareness,county,Mombasa,76,139074.2328,621.6074,621.6074,0.0045,0.0045,0.1946,-19.0154,false
savings,eligibility,county,Mombasa,76,139074.2328,0.0,0.0,0.0,0.0,0.1249,-12.4853,false
savings,other,county,Mombasa,76,139074.2328,0.0,0.0,0.0,0.0,0.0085,-0.8464,false
savings,relevance,county,Mombasa,76,139074.2328,4627.8953,4627.8953,0.0333,0.0333,0.0594,-2.6156,false
savings,trust,county,Mombasa,76,139074.2328,0.0,0.0,0.0,0.0,0.0104,-1.0391,false
savings,affordability,county,Murang'a,98,119976.5087,116422.4731,116422.4731,0.9704,0.9003,0.8748,9.5531,false
savings,awareness,county,Murang'a,98,119976.5087,4093.351,4093.351,0.0341,0.0317,0.1946,-16.0505,false
savings,eligibility,county,Murang'a,98,119976.5087,6728.9527,6728.9527,0.0561,0.052,0.1249,-6.8767,false
savings,other,county,Murang'a,98,119976.5087,310.5408,310.5408,0.0026,0.0024,0.0085,-0.5876,false
savings,relevance,county,Murang'a,98,119976.5087,1758.3577,1758.3577,0.0147,0.0136,0.0594,-4.4776,false
savings,trust,county,Murang'a,98,119976.5087,0.0,0.0,0.0,0.0,0.0104,-1.0391,false
savings,affordability,county,Nairobi City,37,221528.7195,205941.9584,205941.9584,0.9296,0.7634,0.8748,5.4794,false
savings,awareness,county,Nairobi City,37,221528.7195,0.0,0.0,0.0,0.0,0.1946,-19.4623,false
savings,eligibility,county,Nairobi City,37,221528.7195,55568.9403,55568.9403,0.2508,0.206,0.1249,12.599,false
savings,other,county,Nairobi City,37,221528.7195,2083.8669,2083.8669,0.0094,0.0077,0.0085,0.0943,false
savings,relevance,county,Nairobi City,37,221528.7195,6171.3657,6171.3657,0.0279,0.0229,0.0594,-3.1574,false
savings,trust,county,Nairobi City,37,221528.7195,0.0,0.0,0.0,0.0,0.0104,-1.0391,false
savings,affordability,county,Nakuru,74,187917.8295,141355.3122,141355.3122,0.7522,0.6152,0.8748,-12.2627,false
savings,awareness,county,Nakuru,74,187917.8295,37125.4069,37125.4069,0.1976,0.1616,0.1946,0.2939,false
savings,eligibility,county,Nakuru,74,187917.8295,29400.0009,29400.0009,0.1565,0.1279,0.1249,3.1599,false
savings,other,county,Nakuru,74,187917.8295,0.0,0.0,0.0,0.0,0.0085,-0.8464,false
savings,relevance,county,Nakuru,74,187917.8295,13527.9585,13527.9585,0.072,0.0589,0.0594,1.2557,false
savings,trust,county,Nakuru,74,187917.8295,8377.176,8377.176,0.0446,0.0365,0.0104,3.4188,false
savings,affordability,county,Nandi,32,43653.7594,39789.2104,39789.2104,0.9115,0.6051,0.8748,3.6627,false
savings,awareness,county,Nandi,32,43653.7594,16146.3743,16146.3743,0.3699,0.2455,0.1946,17.525,false
savings,eligibility,county,Nandi,32,43653.7594,0.0,0.0,0.0,0.0,0.1249,-12.4853,false
savings,other,county,Nandi,32,43653.7594,0.0,0.0,0.0,0.0,0.0085,-0.8464,false
savings,relevance,county,Nandi,32,43653.7594,8700.126,9825.3423,0.1993,0.1494,0.0594,13.9866,false
savings,trust,county,Nandi,32,43653.7594,0.0,0.0,0.0,0.0,0.0104,-1.0391,false
savings,affordability,county,Narok,81,135847.1375,94826.5308,94826.5308,0.698,0.5627,0.8748,-17.6807,false
savings,awareness,county,Narok,81,135847.1375,37400.7893,37400.7893,0.2753,0.2219,0.1946,8.0692,false
savings,eligibility,county,Narok,81,135847.1375,14580.3344,14580.3344,0.1073,0.0865,0.1249,-1.7524,false
savings,other,county,Narok,81,135847.1375,704.9155,704.9155,0.0052,0.0042,0.0085,-0.3275,false
savings,relevance,county,Narok,81,135847.1375,18748.996,19910.2273,0.138,0.1182,0.0594,7.8583,false
savings,trust,county,Narok,81,135847.1375,1087.8253,1087.8253,0.008,0.0065,0.0104,-0.2383,false
savings,affordability,county,Nyamira,133,105875.79,89008.3217,89008.3217,0.8407,0.7629,0.8748,-3.4159,false
savings,awareness,county,Nyamira,133,105875.79,8579.3517,8579.3517,0.081,0.0735,0.1946,-11.3591,false
savings,eligibility,county,Nyamira,133,105875.79,0.0,0.0,0.0,0.0,0.1249,-12.4853,false
savings,other,county,Nyamira,133,105875.79,7025.919,7025.919,0.0664,0.0602,0.0085,5.7896,false
savings,relevance,county,Nyamira,133,105875.79,11576.7529,11576.7529,0.1093,0.0992,0.0594,4.9911,false
savings,trust,county,Nyamira,133,105875.79,477.7272,477.7272,0.0045,0.0041,0.0104,-0.5879,false
savings,affordability,county,Nyandarua,56,45317.4821,41351.1991,41351.1991,0.9125,0.7925,0.8748,3.7632,false
savings,awareness,county,Nyandarua,56,45317.4821,4573.3663,4573.3663,0.1009,0.0877,0.1946,-9.3705,false
savings,eligibility,county,Nyandarua,56,45317.4821,2286.4104,2286.4104,0.0505,0.0438,0.1249,-7.44,false
savings,other,county,Nyandarua,56,45317.4821,0.0,0.0,0.0,0.0,0.0085,-0.8464,false
savings,relevance,county,Nyandarua,56,45317.4821,3966.283,3966.283,0.0875,0.076,0.0594,2.809,false
savings,trust,county,Nyandarua,56,45317.4821,0.0,0.0,0.0,0.0,0.0104,-1.0391,false
savings,affordability,county,Nyeri,60,70698.5985,64344.0761,64344.0761,0.9101,0.8843,0.8748,3.5272,false
savings,awareness,county,Nyeri,60,70698.5985,689.6605,689.6605,0.0098,0.0095,0.1946,-18.4868,false
savings,eligibility,county,Nyeri,60,70698.5985,4629.9315,4629.9315,0.0655,0.0636,0.1249,-5.9364,false
savings,other,county,Nyeri,60,70698.5985,0.0,0.0,0.0,0.0,0.0085,-0.8464,false
savings,relevance,county,Nyeri,60,70698.5985,3100.3129,3100.3129,0.0439,0.0426,0.0594,-1.5579,false
savings,trust,county,Nyeri,60,70698.5985,0.0,0.0,0.0,0.0,0.0104,-1.0391,false
savings,affordability,county,Samburu,44,28964.1805,19104.6382,19104.6382,0.6596,0.6016,0.8748,-21.525,false
savings,awareness,county,Samburu,44,28964.1805,3263.0083,3263.0083,0.1127,0.1028,0.1946,-8.1967,false
savings,eligibility,county,Samburu,44,28964.1805,9388.0694,9388.0694,0.3241,0.2956,0.1249,19.9274,false
savings,other,county,Samburu,44,28964.1805,0.0,0.0,0.0,0.0,0.0085,-0.8464,false
savings,relevance,county,Samburu,44,28964.1805,0.0,0.0,0.0,0.0,0.0594,-5.9432,false
savings,trust,county,Samburu,44,28964.1805,0.0,0.0,0.0,0.0,0.0104,-1.0391,false
savings,affordability,county,Siaya,47,58166.7192,55827.0554,55827.0554,0.9598,0.9386,0.8748,8.4931,false
savings,awareness,county,Siaya,47,58166.7192,327.9542,327.9542,0.0056,0.0055,0.1946,-18.8985,false
savings,eligibility,county,Siaya,47,58166.7192,984.3521,984.3521,0.0169,0.0165,0.1249,-10.793,false
savings,other,county,Siaya,47,58166.7192,0.0,0.0,0.0,0.0,0.0085,-0.8464,false
savings,relevance,county,Siaya,47,58166.7192,2339.6638,2339.6638,0.0402,0.0393,0.0594,-1.9209,false
savings,trust,county,Siaya,47,58166.7192,0.0,0.0,0.0,0.0,0.0104,-1.0391,false
savings,affordability,county,Taita-Taveta,26,18064.8341,17425.8607,17425.8607,0.9646,0.8922,0.8748,8.9783,true
savings,awareness,county,Taita-Taveta,26,18064.8341,1466.3728,1466.3728,0.0812,0.0751,0.1946,-11.3451,true
savings,eligibility,county,Taita-Taveta,26,18064.8341,638.9734,638.9734,0.0354,0.0327,0.1249,-8.9482,true
savings,other,county,Taita-Taveta,26,18064.8341,0.0,0.0,0.0,0.0,0.0085,-0.8464,true
savings,relevance,county,Taita-Taveta,26,18064.8341,0.0,0.0,0.0,0.0,0.0594,-5.9432,true
savings,trust,county,Taita-Taveta,26,18064.8341,0.0,0.0,0.0,0.0,0.0104,-1.0391,true
savings,affordability,county,Tana River,228,111121.1066,103780.9522,103780.9522,0.9339,0.8333,0.8748,5.9099,false
savings,awareness,county,Tana River,228,111121.1066,12485.2704,12485.2704,0.1124,0.1002,0.1946,-8.2266,false
savings,eligibility,county,Tana River,228,111121.1066,3146.7738,3146.7738,0.0283,0.0253,0.1249,-9.6534,false
savings,other,county,Tana River,228,111121.1066,0.0,0.0,0.0,0.0,0.0085,-0.8464,false
savings,relevance,county,Tana River,228,111121.1066,3652.4197,3652.4197,0.0329,0.0293,0.0594,-2.6563,false
savings,trust,county,Tana River,228,111121.1066,1480.8965,1480.8965,0.0133,0.0119,0.0104,0.2936,false
savings,affordability,county,Tharaka-Nithi,38,26450.623,25881.8614,25881.8614,0.9785,0.8613,0.8748,10.3651,false
savings,awareness,county,Tharaka-Nithi,38,26450.623,0.0,0.0,0.0,0.0,0.1946,-19.4623,false
savings,eligibility,county,Tharaka-Nithi,38,26450.623,2249.7366,2249.7366,0.0851,0.0749,0.1249,-3.9799,false
savings,other,county,Tharaka-Nithi,38,26450.623,614.0292,614.0292,0.0232,0.0204,0.0085,1.475,false
savings,relevance,county,Tharaka-Nithi,38,26450.623,1302.4501,1302.4501,0.0492,0.0433,0.0594,-1.0191,false
savings,trust,county,Tharaka-Nithi,38,26450.623,0.0,0.0,0.0,0.0,0.0104,-1.0391,false
savings,affordability,county,Trans Nzoia,46,182665.5892,179634.8165,179634.8165,0.9834,0.4909,0.8748,10.8562,false
savings,awareness,county,Trans Nzoia,46,182665.5892,95781.9499,95781.9499,0.5244,0.2617,0.1946,32.9734,false
savings,eligibility,county,Trans Nzoia,46,182665.5892,48528.2554,48528.2554,0.2657,0.1326,0.1249,14.0814,false
savings,other,county,Trans Nzoia,46,182665.5892,0.0,0.0,0.0,0.0,0.0085,-0.8464,false
savings,relevance,county,Trans Nzoia,46,182665.5892,33769.6064,38375.9707,0.1849,0.1049,0.0594,12.5439,false
savings,trust,county,Trans Nzoia,46,182665.5892,3617.5312,3617.5312,0.0198,0.0099,0.0104,0.9413,false
savings,affordability,county,Turkana,152,195423.4924,186841.5959,186841.5959,0.9561,0.4411,0.8748,8.124,false
savings,awareness,county,Turkana,152,195423.4924,121252.7769,121252.7769,0.6205,0.2862,0.1946,42.5838,false
savings,eligibility,county,Turkana,152,195423.4924,46478.7252,46478.7252,0.2378,0.1097,0.1249,11.2983,false
savings,other,county,Turkana,152,195423.4924,0.0,0.0,0.0,0.0,0.0085,-0.8464,false
savings,relevance,county,Turkana,152,195423.4924,50317.4555,64859.8332,0.2575,0.1531,0.0594,19.8047,false
savings,trust,county,Turkana,152,195423.4924,4160.8313,4160.8313,0.0213,0.0098,0.0104,1.0901,false
savings,affordability,county,Uasin Gishu,48,73822.0799,73822.0799,73822.0799,1.0,0.6293,0.8748,12.5154,false
savings,awareness,county,Uasin Gishu,48,73822.0799,18784.1628,18784.1628,0.2545,0.1601,0.1946,5.9829,false
savings,eligibility,county,Uasin Gishu,48,73822.0799,22056.2704,22056.2704,0.2988,0.188,0.1249,17.3923,false
savings,other,county,Uasin Gishu,48,73822.0799,0.0,0.0,0.0,0.0,0.0085,-0.8464,false
savings,relevance,county,Uasin Gishu,48,73822.0799,1051.3788,1051.3788,0.0142,0.009,0.0594,-4.519,false
savings,trust,county,Uasin Gishu,48,73822.0799,1595.8912,1595.8912,0.0216,0.0136,0.0104,1.1227,false
savings,affordability,county,Vihiga,49,41340.0779,37230.0228,37230.0228,0.9006,0.7453,0.8748,2.5734,false
savings,awareness,county,Vihiga,49,41340.0779,1076.9574,1076.9574,0.0261,0.0216,0.1946,-16.8572,false
savings,eligibility,county,Vihiga,49,41340.0779,9943.7809,9943.7809,0.2405,0.1991,0.1249,11.5683,false
savings,other,county,Vihiga,49,41340.0779,0.0,0.0,0.0,0.0,0.0085,-0.8464,false
savings,relevance,county,Vihiga,49,41340.0779,1700.9683,1700.9683,0.0411,0.0341,0.0594,-1.8286,false
savings,trust,county,Vihiga,49,41340.0779,0.0,0.0,0.0,0.0,0.0104,-1.0391,false
savings,affordability,county,Wajir,270,265698.8961,177328.1783,177328.1783,0.6674,0.5893,0.8748,-20.7443,false
savings,awareness,county,Wajir,270,265698.8961,93362.6555,93362.6555,0.3514,0.3103,0.1946,15.6762,false
savings,eligibility,county,Wajir,270,265698.8961,348.3088,348.3088,0.0013,0.0012,0.1249,-12.3542,false
savings,other,county,Wajir,270,265698.8961,0.0,0.0,0.0,0.0,0.0085,-0.8464,false
savings,relevance,county,Wajir,270,265698.8961,29368.9931,29368.9931,0.1105,0.0976,0.0594,5.1103,false
savings,trust,county,Wajir,270,265698.8961,494.4401,494.4401,0.0019,0.0016,0.0104,-0.853,false
savings,affordability,county,West Pokot,88,72635.7152,57047.7687,57047.7687,0.7854,0.541,0.8748,-8.945,false
savings,awareness,county,West Pokot,88,72635.7152,21099.3737,21099.3737,0.2905,0.2001,0.1946,9.5859,false
savings,eligibility,county,West Pokot,88,72635.7152,18851.4598,18851.4598,0.2595,0.1788,0.1249,13.4682,false
savings,other,county,West Pokot,88,72635.7152,504.2061,504.2061,0.0069,0.0048,0.0085,-0.1522,false
savings,relevance,county,West Pokot,88,72635.7152,6928.9801,6928.9801,0.0954,0.0657,0.0594,3.5962,false
savings,trust,county,West Pokot,88,72635.7152,1015.3719,1015.3719,0.014,0.0096,0.0104,0.3588,false
savings,affordability,education,95,1,973.5078,0.0,0.0,0.0,0.0,0.8748,-87.4846,true
savings,awareness,education,95,1,973.5078,0.0,0.0,0.0,0.0,0.1946,-19.4623,true
savings,eligibility,education,95,1,973.5078,973.5078,973.5078,1.0,1.0,0.1249,87.5147,true
savings,other,education,95,1,973.5078,0.0,0.0,0.0,0.0,0.0085,-0.8464,true
savings,relevance,education,95,1,973.5078,0.0,0.0,0.0,0.0,0.0594,-5.9432,true
savings,trust,education,95,1,973.5078,0.0,0.0,0.0,0.0,0.0104,-1.0391,true
savings,affordability,education,Completed technical training after secondary school,75,146048.8288,135478.8164,135478.8164,0.9276,0.7347,0.8748,5.2781,false
savings,awareness,education,Completed technical training after secondary school,75,146048.8288,8204.1486,8204.1486,0.0562,0.0445,0.1946,-13.8449,false
savings,eligibility,education,Completed technical training after secondary school,75,146048.8288,18948.9005,18948.9005,0.1297,0.1028,0.1249,0.4891,false
savings,other,education,Completed technical training after secondary school,75,146048.8288,1995.2624,1995.2624,0.0137,0.0108,0.0085,0.5198,false
savings,relevance,education,Completed technical training after secondary school,75,146048.8288,17245.4822,17245.4822,0.1181,0.0935,0.0594,5.8648,false
savings,trust,education,Completed technical training after secondary school,75,146048.8288,2526.262,2526.262,0.0173,0.0137,0.0104,0.6907,false
savings,affordability,education,Don't know (DO NOT READ OUT),1,3260.8496,3260.8496,3260.8496,1.0,1.0,0.8748,12.5154,true
savings,awareness,education,Don't know (DO NOT READ OUT),1,3260.8496,0.0,0.0,0.0,0.0,0.1946,-19.4623,true
savings,eligibility,education,Don't know (DO NOT READ OUT),1,3260.8496,0.0,0.0,0.0,0.0,0.1249,-12.4853,true
savings,other,education,Don't know (DO NOT READ OUT),1,3260.8496,0.0,0.0,0.0,0.0,0.0085,-0.8464,true
savings,relevance,education,Don't know (DO NOT READ OUT),1,3260.8496,0.0,0.0,0.0,0.0,0.0594,-5.9432,true
savings,trust,education,Don't know (DO NOT READ OUT),1,3260.8496,0.0,0.0,0.0,0.0,0.0104,-1.0391,true
savings,affordability,education,None,1316,1231882.8871,1049920.8109,1049920.8109,0.8523,0.6379,0.8748,-2.2556,false
savings,awareness,education,None,1316,1231882.8871,414021.8231,414021.8231,0.3361,0.2516,0.1946,14.1465,false
savings,eligibility,education,None,1316,1231882.8871,36544.6173,36544.6173,0.0297,0.0222,0.1249,-9.5187,false
savings,other,education,None,1316,1231882.8871,7732.3715,7732.3715,0.0063,0.0047,0.0085,-0.2187,false
savings,relevance,education,None,1316,1231882.8871,98868.4465,112914.5723,0.0803,0.0686,0.0594,2.0826,false
savings,trust,education,None,1316,1231882.8871,24674.6753,24674.6753,0.02,0.015,0.0104,0.9639,false
savings,affordability,education,Primary completed,544,714240.8447,638942.8373,638942.8373,0.8946,0.7363,0.8748,1.973,false
savings,awareness,education,Primary completed,544,714240.8447,109640.0296,109640.0296,0.1535,0.1263,0.1946,-4.1118,false
savings,eligibility,education,Primary completed,544,714240.8447,74481.9145,74481.9145,0.1043,0.0858,0.1249,-2.0571,false
savings,other,education,Primary completed,544,714240.8447,12167.3032,12167.3032,0.017,0.014,0.0085,0.8571,false
savings,relevance,education,Primary completed,544,714240.8447,27885.3027,27885.3027,0.039,0.0321,0.0594,-2.039,false
savings,trust,education,Primary completed,544,714240.8447,4708.7614,4708.7614,0.0066,0.0054,0.0104,-0.3798,false
savings,affordability,education,Refused to Answer (DO NOT READ OUT),1,415.2407,0.0,0.0,0.0,0.0,0.8748,-87.4846,true
savings,awareness,education,Refused to Answer (DO NOT READ OUT),1,415.2407,0.0,0.0,0.0,0.0,0.1946,-19.4623,true
savings,eligibility,education,Refused to Answer (DO NOT READ OUT),1,415.2407,0.0,0.0,0.0,0.0,0.1249,-12.4853,true
savings,other,education,Refused to Answer (DO NOT READ OUT),1,415.2407,0.0,0.0,0.0,0.0,0.0085,-0.8464,true
savings,relevance,education,Refused to Answer (DO NOT READ OUT),1,415.2407,0.0,0.0,0.0,0.0,0.0594,-5.9432,true
savings,trust,education,Refused to Answer (DO NOT READ OUT),1,415.2407,415.2407,415.2407,1.0,1.0,0.0104,98.9609,true
savings,affordability,education,Secondary completed,456,725792.4373,642120.5928,642120.5928,0.8847,0.7297,0.8748,0.9871,false
savings,awareness,education,Secondary completed,456,725792.4373,89945.0463,89945.0463,0.1239,0.1022,0.1946,-7.0697,false
savings,eligibility,education,Secondary completed,456,725792.4373,100057.0118,100057.0118,0.1379,0.1137,0.1249,1.3006,false
savings,other,education,Secondary completed,456,725792.4373,4353.1427,4353.1427,0.006,0.0049,0.0085,-0.2466,false
savings,relevance,education,Secondary completed,456,725792.4373,35304.0958,35304.0958,0.0486,0.0401,0.0594,-1.079,false
savings,trust,education,Secondary completed,456,725792.4373,8196.8443,8196.8443,0.0113,0.0093,0.0104,0.0903,false
savings,affordability,education,Some primary,750,922747.3099,848111.9942,848111.9942,0.9191,0.7148,0.8748,4.427,false
savings,awareness,education,Some primary,750,922747.3099,161645.4106,161645.4106,0.1752,0.1362,0.1946,-1.9445,false
savings,eligibility,education,Some primary,750,922747.3099,99342.2535,99342.2535,0.1077,0.0837,0.1249,-1.7194,false
savings,other,education,Some primary,750,922747.3099,4950.668,4950.668,0.0054,0.0042,0.0085,-0.3099,false
savings,relevance,education,Some primary,750,922747.3099,56864.6845,63972.3958,0.0616,0.0539,0.0594,0.2193,false
savings,trust,education,Some primary,750,922747.3099,8524.1024,8524.1024,0.0092,0.0072,0.0104,-0.1153,false
savings,affordability,education,Some secondary,423,725744.9226,599489.9905,599489.9905,0.826,0.6198,0.8748,-4.8812,false
savings,awareness,education,Some secondary,423,725744.9226,100366.4252,100366.4252,0.1383,0.1038,0.1946,-5.6329,false
savings,eligibility,education,Some secondary,423,725744.9226,233106.5921,233106.5921,0.3212,0.241,0.1249,19.6344,false
savings,other,education,Some secondary,423,725744.9226,2118.9171,2118.9171,0.0029,0.0022,0.0085,-0.5544,false
savings,relevance,education,Some secondary,423,725744.9226,32174.5628,32174.5628,0.0443,0.0333,0.0594,-1.5099,false
savings,trust,education,Some secondary,423,725744.9226,0.0,0.0,0.0,0.0,0.0104,-1.0391,false
savings,affordability,education,Some technical training after secondary school,60,99778.7889,81813.4218,81813.4218,0.8199,0.7171,0.8748,-5.4898,false
savings,awareness,education,Some technical training after secondary school,60,99778.7889,12490.6556,12490.6556,0.1252,0.1095,0.1946,-6.944,false
savings,eligibility,education,Some technical training after secondary school,60,99778.7889,8390.159,8390.159,0.0841,0.0735,0.1249,-4.0765,false
savings,other,education,Some technical training after secondary school,60,99778.7889,4907.8254,4907.8254,0.0492,0.043,0.0085,4.0723,false
savings,relevance,education,Some technical training after secondary school,60,99778.7889,6480.8936,6480.8936,0.065,0.0568,0.0594,0.5521,false
savings,trust,education,Some technical training after secondary school,60,99778.7889,0.0,0.0,0.0,0.0,0.0104,-1.0391,false
savings,affordability,education,Some university,39,103239.5353,92400.3099,92400.3099,0.895,0.7264,0.8748,2.0163,false
savings,awareness,education,Some university,39,103239.5353,18318.9752,18318.9752,0.1774,0.144,0.1946,-1.7182,false
savings,eligibility,education,Some university,39,103239.5353,11310.865,11310.865,0.1096,0.0889,0.1249,-1.5293,false
savings,other,education,Some university,39,103239.5353,1725.705,1725.705,0.0167,0.0136,0.0085,0.8252,false
savings,relevance,education,Some university,39,103239.5353,3447.2325,3447.2325,0.0334,0.0271,0.0594,-2.6041,false
savings,trust,education,Some university,39,103239.5353,0.0,0.0,0.0,0.0,0.0104,-1.0391,false
savings,affordability,education,University completed,33,46036.4756,37873.6919,37873.6919,0.8227,0.7362,0.8748,-5.2157,false
savings,awareness,education,University completed,33,46036.4756,4020.9461,4020.9461,0.0873,0.0782,0.1946,-10.7281,false
savings,eligibility,education,University completed,33,46036.4756,6169.228,6169.228,0.134,0.1199,0.1249,0.9155,false
savings,other,education,University completed,33,46036.4756,0.0,0.0,0.0,0.0,0.0085,-0.8464,false
savings,relevance,education,University completed,33,46036.4756,2257.8583,3383.0746,0.049,0.0658,0.0594,-1.0387,false
savings,trust,education,University completed,33,46036.4756,0.0,0.0,0.0,0.0,0.0104,-1.0391,false
savings,affordability,sex,Female,2331,2583350.2299,2284459.6805,2284459.6805,0.8843,0.713,0.8748,0.9455,false
savings,awareness,sex,Female,2331,2583350.2299,461706.8413,461706.8413,0.1787,0.1441,0.1946,-1.5899,false
savings,eligibility,sex,Female,2331,2583350.2299,269401.6823,269401.6823,0.1043,0.0841,0.1249,-2.0569,false
savings,other,sex,Female,2331,2583350.2299,28469.8561,28469.8561,0.011,0.0089,0.0085,0.2557,false
savings,relevance,sex,Female,2331,2583350.2299,133814.8676,139113.5592,0.0518,0.0434,0.0594,-0.7633,false
savings,trust,sex,Female,2331,2583350.2299,21018.4775,21018.4775,0.0081,0.0066,0.0104,-0.2255,false
savings,affordability,sex,Male,1368,2136811.3982,1844953.6348,1844953.6348,0.8634,0.6531,0.8748,-1.1431,false
savings,awareness,sex,Male,1368,2136811.3982,456946.6192,456946.6192,0.2138,0.1617,0.1946,1.9222,false
savings,eligibility,sex,Male,1368,2136811.3982,319923.3672,319923.3672,0.1497,0.1132,0.1249,2.4867,false
savings,other,sex,Male,1368,2136811.3982,11481.3392,11481.3392,0.0054,0.0041,0.0085,-0.3091,false
savings,relevance,sex,Male,1368,2136811.3982,146713.6912,163694.0532,0.0687,0.0579,0.0594,0.9228,false
savings,trust,sex,Male,1368,2136811.3982,28027.4086,28027.4086,0.0131,0.0099,0.0104,0.2726,false
