universe,metric,dimension,segment,n,adults,adults_served,share_served,unserved_adults,national_share,gap_pp,low_confidence
all_adults,any_access,age_group,18-25,3997,7869764.6248,6048314.8824,0.7686,1821449.7423,0.9006,-13.2083,false
all_adults,any_access,age_group,26-35,5361,8007561.237,7759298.5474,0.969,248262.6896,0.9006,6.8363,false
all_adults,any_access,age_group,36-45,3942,5235668.4683,5021372.1104,0.9591,214296.3579,0.9006,5.8436,false
all_adults,any_access,age_group,46-55,2545,3012525.7976,2889561.9275,0.9592,122963.8701,0.9006,5.8549,false
all_adults,any_access,age_group,Above 55,3905,4016548.4641,3627150.9953,0.9031,389397.4688,0.9006,0.2418,false
all_adults,any_access,all,All,19750,28142068.5917,25345698.4629,0.9006,2796370.1288,0.9006,0.0,false
all_adults,any_access,county,Baringo,360,355688.567,296121.5781,0.8325,59566.9889,0.9006,-6.8103,false
all_adults,any_access,county,Bomet,499,477064.973,423253.2338,0.8872,53811.7392,0.9006,-1.3431,false
all_adults,any_access,county,Bungoma,495,854632.3786,753637.1635,0.8818,100995.2151,0.9006,-1.8808,false
all_adults,any_access,county,Busia,369,481049.2494,404511.8542,0.8409,76537.3951,0.9006,-5.9739,false
all_adults,any_access,county,Elgeyo-Marakwet,411,251049.7116,223725.8932,0.8912,27323.8184,0.9006,-0.9472,false
all_adults,any_access,county,Embu,467,405564.1153,387151.867,0.9546,18412.2483,0.9006,5.3967,false
all_adults,any_access,county,Garissa,282,427934.5739,387102.5709,0.9046,40832.003,0.9006,0.395,false
all_adults,any_access,county,Homabay,462,594237.141,528254.1872,0.889,65982.9538,0.9006,-1.1672,false
all_adults,any_access,county,Isiolo,277,152207.825,143308.9647,0.9415,8898.8603,0.9006,4.0901,false
all_adults,any_access,county,Kajiado,404,722562.6998,654037.159,0.9052,68525.5408,0.9006,0.4529,false
all_adults,any_access,county,Kakamega,539,1006907.1142,887761.7907,0.8817,119145.3235,0.9006,-1.8962,false
all_adults,any_access,county,Kericho,433,511505.0319,448082.7358,0.876,63422.2961,0.9006,-2.4625,false
all_adults,any_access,county,Kiambu,518,1723743.0858,1677550.9534,0.9732,46192.1324,0.9006,7.2569,false
all_adults,any_access,county,Kilifi,504,806712.7777,697267.7697,0.8643,109445.008,0.9006,-3.6302,false
all_adults,any_access,county,Kirinyaga,498,427716.5776,410804.631,0.9605,16911.9467,0.9006,5.9826,false
all_adults,any_access,county,Kisii,486,703778.4032,650874.7484,0.9248,52903.6548,0.9006,2.4195,false
all_adults,any_access,county,Kisumu,489,674363.2225,631577.5569,0.9366,42785.6656,0.9006,3.592,false
all_adults,any_access,county,Kitui,396,645462.4421,559674.3938,0.8671,85788.0483,0.9006,-3.3543,false
all_adults,any_access,county,Kwale,359,463991.5198,393860.1245,0.8489,70131.3953,0.9006,-5.1782,false
all_adults,any_access,county,Laikipia,361,315296.6932,291427.1786,0.9243,23869.5146,0.9006,2.3661,false
all_adults,any_access,county,Lamu,239,93092.0178,84108.9921,0.9035,8983.0256,0.9006,0.287,false
all_adults,any_access,county,Machakos,477,911529.1895,838986.9103,0.9204,72542.2792,0.9006,1.9783,false
all_adults,any_access,county,Makueni,440,596725.5193,537968.8595,0.9015,58756.6598,0.9006,0.0901,false
all_adults,any_access,county,Mandera,348,360658.6492,328528.7009,0.9109,32129.9484,0.9006,1.0279,false
all_adults,any_access,county,Marsabit,341,229903.1829,189442.2314,0.824,40460.9515,0.9006,-7.6625,false
all_adults,any_access,county,Meru,611,957274.1252,912293.3165,0.953,44980.8087,0.9006,5.2378,false
all_adults,any_access,county,Migori,511,583081.0312,472099.2839,0.8097,110981.7473,0.9006,-9.0971,false
all_adults,any_access,county,Mombasa,412,836395.571,779127.0369,0.9315,57268.5341,0.9006,3.0896,false
all_adults,any_access,county,Murang'a,493,686152.1427,632566.5263,0.9219,53585.6164,0.9006,2.127,false
all_adults,any_access,county,Nairobi City,613,3127758.3552,2969748.2297,0.9495,158010.1255,0.9006,4.8848,false
all_adults,any_access,county,Nakuru,542,1322608.9185,1161112.2982,0.8779,161496.6204,0.9006,-2.2738,false
all_adults,any_access,county,Nandi,450,509820.4844,464102.8483,0.9103,45717.636,0.9006,0.9692,false
all_adults,any_access,county,Narok,385,577188.7596,476541.5861,0.8256,100647.1735,0.9006,-7.5009,false
all_adults,any_access,county,Nyamira,463,350968.5193,308172.9908,0.8781,42795.5284,0.9006,-2.2569,false
all_adults,any_access,county,Nyandarua,406,399887.5015,389291.9954,0.9735,10595.5061,0.9006,7.287,false
all_adults,any_access,county,Nyeri,450,541745.3679,509048.543,0.9396,32696.825,0.9006,3.9012,false
all_adults,any_access,county,Samburu,299,155103.6455,133025.1405,0.8577,22078.5049,0.9006,-4.2981,false
all_adults,any_access,county,Siaya,393,548128.5248,496124.6884,0.9051,52003.8364,0.9006,0.4491,false
all_adults,any_access,county,Taita-Taveta,374,217575.7223,203691.4211,0.9362,13884.3013,0.9006,3.5553,false
all_adults,any_access,county,Tana River,307,162130.6529,134997.6817,0.8326,27132.9712,0.9006,-6.7986,false
all_adults,any_access,county,Tharaka-Nithi,405,250143.9039,238270.8206,0.9525,11873.0832,0.9006,5.1901,false
all_adults,any_access,county,Trans Nzoia,149,534486.2565,422319.1692,0.7901,112167.0874,0.9006,-11.0493,false
all_adults,any_access,county,Turkana,388,486734.4692,333178.7375,0.6845,153555.7316,0.9006,-21.6115,false
all_adults,any_access,county,Uasin Gishu,517,716955.2169,655753.1415,0.9146,61202.0753,0.9006,1.4002,false
all_adults,any_access,county,Vihiga,403,332080.8641,288705.2055,0.8694,43375.6586,0.9006,-3.1252,false
all_adults,any_access,county,Wajir,376,364640.4097,326499.611,0.8954,38140.7987,0.9006,-0.5232,false
all_adults,any_access,county,West Pokot,349,287831.4883,210006.1421,0.7296,77825.3462,0.9006,-17.1019,false
all_adults,any_access,education,95,1,973.5078,0.0,0.0,973.5078,0.9006,-90.0634,true
all_adults,any_access,education,Completed technical training after secondary school,1421,2367653.4672,2338940.1875,0.9879,28713.2797,0.9006,8.7239,false
all_adults,any_access,education,Don't know (DO NOT READ OUT),2,4146.2879,4146.2879,1.0,0.0,0.9006,9.9366,true
all_adults,any_access,education,None,3021,2745941.3393,2288586.9039,0.8334,457354.4353,0.9006,-6.719,false
all_adults,any_access,education,Other (Specify),2,2656.4397,2656.4397,1.0,0.0,0.9006,9.9366,true
all_adults,any_access,education,Primary completed,3802,5223129.3508,4720061.0369,0.9037,503068.3139,0.9006,0.3051,false
all_adults,any_access,education,Refused to Answer (DO NOT READ OUT),3,1799.2491,863.6901,0.48,935.559,0.9006,-42.0606,true
all_adults,any_access,education,Secondary completed,4063,6620476.5149,6118735.6659,0.9242,501740.849,0.9006,2.358,false
all_adults,any_access,education,Some primary,3567,4602544.3325,4080937.3767,0.8867,521606.9558,0.9006,-1.3964,false
all_adults,any_access,education,Some secondary,2045,3187036.4105,2477546.7568,0.7774,709489.6537,0.9006,-12.3251,false
all_adults,any_access,education,Some technical training after secondary school,491,876831.186,822642.5803,0.9382,54188.6057,0.9006,3.7566,false
all_adults,any_access,education,Some university,344,842415.4256,824116.4566,0.9783,18298.969,0.9006,7.7644,false
all_adults,any_access,education,University completed,988,1666465.0806,1666465.0806,1.0,0.0,0.9006,9.9366,false
all_adults,any_access,sex,Female,11739,14493608.7579,13039043.8842,0.8996,1454564.8737,0.9006,-0.0993,false
all_adults,any_access,sex,Male,8011,13648459.8338,12306654.5787,0.9017,1341805.2551,0.9006,0.1054,false
all_adults,bank,age_group,18-25,3997,7869764.6248,3362226.693,0.4272,4507537.9318,0.5249,-9.7701,false
all_adults,bank,age_group,26-35,5361,8007561.237,5077712.7405,0.6341,2929848.4965,0.5249,10.918,false
all_adults,bank,age_group,36-45,3942,5235668.4683,2976289.906,0.5685,2259378.5623,0.5249,4.353,false
all_adults,bank,age_group,46-55,2545,3012525.7976,1607722.6021,0.5337,1404803.1955,0.5249,0.8745,false
all_adults,bank,age_group,Above 55,3905,4016548.4641,1748790.8449,0.4354,2267757.6192,0.5249,-8.9538,false
all_adults,bank,all,All,19750,28142068.5917,14772742.7865,0.5249,13369325.8053,0.5249,0.0,false
all_adults,bank,county,Baringo,360,355688.567,148569.5509,0.4177,207119.0161,0.5249,-10.7239,false
all_adults,bank,county,Bomet,499,477064.973,240298.5097,0.5037,236766.4633,0.5249,-2.1233,false
all_adults,bank,county,Bungoma,495,854632.3786,408867.3507,0.4784,445765.0279,0.5249,-4.6521,false
all_adults,bank,county,Busia,369,481049.2494,214171.2091,0.4452,266878.0403,0.5249,-7.9718,false
all_adults,bank,county,Elgeyo-Marakwet,411,251049.7116,130347.4873,0.5192,120702.2243,0.5249,-0.5725,false
all_adults,bank,county,Embu,467,405564.1153,226433.9972,0.5583,179130.1181,0.5249,3.3384,false
all_adults,bank,county,Garissa,282,427934.5739,118635.0153,0.2772,309299.5585,0.5249,-24.7708,false
all_adults,bank,county,Homabay,462,594237.141,254705.5505,0.4286,339531.5905,0.5249,-9.6308,false
all_adults,bank,county,Isiolo,277,152207.825,72033.6701,0.4733,80174.1549,0.5249,-5.1676,false
all_adults,bank,county,Kajiado,404,722562.6998,458275.248,0.6342,264287.4518,0.5249,10.9301,false
all_adults,bank,county,Kakamega,539,1006907.1142,513347.2662,0.5098,493559.848,0.5249,-1.5109,false
all_adults,bank,county,Kericho,433,511505.0319,234461.8788,0.4584,277043.153,0.5249,-6.6558,false
all_adults,bank,county,Kiambu,518,1723743.0858,1215638.6304,0.7052,508104.4554,0.5249,18.0297,false
all_adults,bank,county,Kilifi,504,806712.7777,295658.036,0.3665,511054.7417,0.5249,-15.8437,false
all_adults,bank,county,Kirinyaga,498,427716.5776,237824.5287,0.556,189892.0489,0.5249,3.1098,false
all_adults,bank,county,Kisii,486,703778.4032,342431.7091,0.4866,361346.6941,0.5249,-3.8373,false
all_adults,bank,county,Kisumu,489,674363.2225,380309.2279,0.564,294053.9947,0.5249,3.9019,false
all_adults,bank,county,Kitui,396,645462.4421,287657.5462,0.4457,357804.896,0.5249,-7.9273,false
all_adults,bank,county,Kwale,359,463991.5198,174309.1301,0.3757,289682.3897,0.5249,-14.9261,false
all_adults,bank,county,Laikipia,361,315296.6932,162191.9646,0.5144,153104.7287,0.5249,-1.0524,false
all_adults,bank,county,Lamu,239,93092.0178,30475.0684,0.3274,62616.9494,0.5249,-19.757,false
all_adults,bank,county,Machakos,477,911529.1895,544855.6746,0.5977,366673.5149,0.5249,7.2804,false
all_adults,bank,county,Makueni,440,596725.5193,293709.9369,0.4922,303015.5824,0.5249,-3.2732,false
all_adults,bank,county,Mandera,348,360658.6492,94049.4972,0.2608,266609.152,0.5249,-26.4163,false
all_adults,bank,county,Marsabit,341,229903.1829,48893.8845,0.2127,181009.2984,0.5249,-31.2263,false
all_adults,bank,county,Meru,611,957274.1252,500651.2419,0.523,456622.8833,0.5249,-0.1938,false
all_adults,bank,county,Migori,511,583081.0312,218214.6125,0.3742,364866.4187,0.5249,-15.069,false
all_adults,bank,county,Mombasa,412,836395.571,493170.8648,0.5896,343224.7062,0.5249,6.4704,false
all_adults,bank,county,Murang'a,493,686152.1427,347957.7899,0.5071,338194.3528,0.5249,-1.782,false
all_adults,bank,county,Nairobi City,613,3127758.3552,2328789.1276,0.7446,798969.2276,0.5249,21.9621,false
all_adults,bank,county,Nakuru,542,1322608.9185,767819.6165,0.5805,554789.302,0.5249,5.56,false
all_adults,bank,county,Nandi,450,509820.4844,312554.8458,0.6131,197265.6386,0.5249,8.8134,false
all_adults,bank,county,Narok,385,577188.7596,229618.0046,0.3978,347570.755,0.5249,-12.7113,false
all_adults,bank,county,Nyamira,463,350968.5193,149753.7453,0.4267,201214.774,0.5249,-9.8247,false
all_adults,bank,county,Nyandarua,406,399887.5015,206799.9128,0.5171,193087.5887,0.5249,-0.7789,false
all_adults,bank,county,Nyeri,450,541745.3679,327939.858,0.6053,213805.5099,0.5249,8.0405,false
all_adults,bank,county,Samburu,299,155103.6455,61880.3844,0.399,93223.2611,0.5249,-12.5973,false
all_adults,bank,county,Siaya,393,548128.5248,255257.9026,0.4657,292870.6222,0.5249,-5.9245,false
all_adults,bank,county,Taita-Taveta,374,217575.7223,120818.3792,0.5553,96757.3432,0.5249,3.0359,false
all_adults,bank,county,Tana River,307,162130.6529,45471.6386,0.2805,116659.0143,0.5249,-24.4472,false
all_adults,bank,county,Tharaka-Nithi,405,250143.9039,111006.5734,0.4438,139137.3305,0.5249,-8.1164,false
all_adults,bank,county,Trans Nzoia,149,534486.2565,264425.8986,0.4947,270060.358,0.5249,-3.0205,false
all_adults,bank,county,Turkana,388,486734.4692,122844.4457,0.2524,363890.0234,0.5249,-27.255,false
all_adults,bank,county,Uasin Gishu,517,716955.2169,483926.134,0.675,233029.0829,0.5249,15.004,false
all_adults,bank,county,Vihiga,403,332080.8641,159578.8248,0.4805,172502.0393,0.5249,-4.4392,false
all_adults,bank,county,Wajir,376,364640.4097,76982.8959,0.2111,287657.5138,0.5249,-31.3814,false
all_adults,bank,county,West Pokot,349,287831.4883,59128.5215,0.2054,228702.9668,0.5249,-31.9507,false
all_adults,bank,education,95,1,973.5078,0.0,0.0,973.5078,0.5249,-52.4935,true
all_adults,bank,education,Completed technical training after secondary school,1421,2367653.4672,1973003.1681,0.8333,394650.2991,0.5249,30.8381,false
all_adults,bank,education,Don't know (DO NOT READ OUT),2,4146.2879,885.4383,0.2135,3260.8496,0.5249,-31.1385,true
all_adults,bank,education,None,3021,2745941.3393,507024.4933,0.1846,2238916.846,0.5249,-34.0289,false
all_adults,bank,education,Other (Specify),2,2656.4397,2656.4397,1.0,0.0,0.5249,47.5065,true
all_adults,bank,education,Primary completed,3802,5223129.3508,2401206.7323,0.4597,2821922.6185,0.5249,-6.5209,false
all_adults,bank,education,Refused to Answer (DO NOT READ OUT),3,1799.2491,448.4494,0.2492,1350.7997,0.5249,-27.5692,true
all_adults,bank,education,Secondary completed,4063,6620476.5149,4107143.4146,0.6204,2513333.1002,0.5249,9.5435,false
all_adults,bank,education,Some primary,3567,4602544.3325,1647175.842,0.3579,2955368.4905,0.5249,-16.7051,false
all_adults,bank,education,Some secondary,2045,3187036.4105,1279422.3579,0.4014,1907614.0526,0.5249,-12.3489,false
all_adults,bank,education,Some technical training after secondary school,491,876831.186,608743.1307,0.6943,268088.0552,0.5249,16.9319,false
all_adults,bank,education,Some university,344,842415.4256,684457.7667,0.8125,157957.6589,0.5249,28.756,false
all_adults,bank,education,University completed,988,1666465.0806,1560575.5534,0.9365,105889.5272,0.5249,41.1524,false
all_adults,bank,sex,Female,11739,14493608.7579,6742734.5623,0.4652,7750874.1957,0.5249,-5.9713,false
all_adults,bank,sex,Male,8011,13648459.8338,8030008.2242,0.5883,5618451.6096,0.5249,6.3411,false
all_adults,digital_apps,age_group,18-25,3997,7869764.6248,100900.942,0.0128,7768863.6828,0.0238,-1.0933,false
all_adults,digital_apps,age_group,26-35,5361,8007561.237,319750.4195,0.0399,7687810.8175,0.0238,1.6177,false
all_adults,digital_apps,age_group,36-45,3942,5235668.4683,176743.6988,0.0338,5058924.7695,0.0238,1.0003,false
all_adults,digital_apps,age_group,46-55,2545,3012525.7976,47472.6878,0.0158,2965053.1098,0.0238,-0.7996,false
all_adults,digital_apps,age_group,Above 55,3905,4016548.4641,23623.6612,0.0059,3992924.8029,0.0238,-1.7873,false
all_adults,digital_apps,all,All,19750,28142068.5917,668491.4093,0.0238,27473577.1824,0.0238,0.0,false
all_adults,digital_apps,county,Baringo,360,355688.567,5282.9437,0.0149,350405.6233,0.0238,-0.8901,false
all_adults,digital_apps,county,Bomet,499,477064.973,7291.988,0.0153,469772.985,0.0238,-0.8469,false
all_adults,digital_apps,county,Bungoma,495,854632.3786,12177.3456,0.0142,842455.0331,0.0238,-0.9506,false
all_adults,digital_apps,county,Busia,369,481049.2494,7288.7109,0.0152,473760.5385,0.0238,-0.8602,false
all_adults,digital_apps,county,Elgeyo-Marakwet,411,251049.7116,7616.5424,0.0303,243433.1693,0.0238,0.6585,false
all_adults,digital_apps,county,Embu,467,405564.1153,7481.1488,0.0184,398082.9665,0.0238,-0.5308,false
all_adults,digital_apps,county,Garissa,282,427934.5739,309.6114,0.0007,427624.9625,0.0238,-2.3031,false
all_adults,digital_apps,county,Homabay,462,594237.141,6429.1658,0.0108,587807.9751,0.0238,-1.2935,false
all_adults,digital_apps,county,Isiolo,277,152207.825,865.9494,0.0057,151341.8755,0.0238,-1.8065,false
all_adults,digital_apps,county,Kajiado,404,722562.6998,34866.2812,0.0483,687696.4186,0.0238,2.4499,false
all_adults,digital_apps,county,Kakamega,539,1006907.1142,16957.2014,0.0168,989949.9128,0.0238,-0.6913,false
all_adults,digital_apps,county,Kericho,433,511505.0319,12190.9966,0.0238,499314.0352,0.0238,0.0079,false
all_adults,digital_apps,county,Kiambu,518,1723743.0858,117909.6234,0.0684,1605833.4623,0.0238,4.4649,false
all_adults,digital_apps,county,Kilifi,504,806712.7777,11314.3156,0.014,795398.4621,0.0238,-0.9729,false
all_adults,digital_apps,county,Kirinyaga,498,427716.5776,6712.3843,0.0157,421004.1933,0.0238,-0.8061,false
all_adults,digital_apps,county,Kisii,486,703778.4032,3645.1069,0.0052,700133.2963,0.0238,-1.8575,false
all_adults,digital_apps,county,Kisumu,489,674363.2225,15184.151,0.0225,659179.0715,0.0238,-0.1238,false
all_adults,digital_apps,county,Kitui,396,645462.4421,6721.436,0.0104,638741.0061,0.0238,-1.3341,false
all_adults,digital_apps,county,Kwale,359,463991.5198,7340.573,0.0158,456650.9468,0.0238,-0.7934,false
all_adults,digital_apps,county,Laikipia,361,315296.6932,2207.2885,0.007,313089.4047,0.0238,-1.6753,false
all_adults,digital_apps,county,Lamu,239,93092.0178,0.0,0.0,93092.0178,0.0238,-2.3754,false
all_adults,digital_apps,county,Machakos,477,911529.1895,11232.7481,0.0123,900296.4414,0.0238,-1.1431,false
all_adults,digital_apps,county,Makueni,440,596725.5193,2164.5381,0.0036,594560.9812,0.0238,-2.0127,false
all_adults,digital_apps,county,Mandera,348,360658.6492,0.0,0.0,360658.6492,0.0238,-2.3754,false
all_adults,digital_apps,county,Marsabit,341,229903.1829,0.0,0.0,229903.1829,0.0238,-2.3754,false
all_adults,digital_apps,county,Meru,611,957274.1252,16061.0317,0.0168,941213.0935,0.0238,-0.6976,false
all_adults,digital_apps,county,Migori,511,583081.0312,11733.8053,0.0201,571347.2259,0.0238,-0.363,false
all_adults,digital_apps,county,Mombasa,412,836395.571,54641.9338,0.0653,781753.6371,0.0238,4.1576,false
all_adults,digital_apps,county,Murang'a,493,686152.1427,9587.8656,0.014,676564.2771,0.0238,-0.9781,false
all_adults,digital_apps,county,Nairobi City,613,3127758.3552,101887.2865,0.0326,3025871.0687,0.0238,0.8821,false
all_adults,digital_apps,county,Nakuru,542,1322608.9185,29490.9949,0.0223,1293117.9236,0.0238,-0.1457,false
all_adults,digital_apps,county,Nandi,450,509820.4844,11884.5357,0.0233,497935.9487,0.0238,-0.0443,false
all_adults,digital_apps,county,Narok,385,577188.7596,18396.2472,0.0319,558792.5123,0.0238,0.8118,false
all_adults,digital_apps,county,Nyamira,463,350968.5193,2498.7577,0.0071,348469.7616,0.0238,-1.6635,false
all_adults,digital_apps,county,Nyandarua,406,399887.5015,4722.5205,0.0118,395164.9809,0.0238,-1.1945,false
all_adults,digital_apps,county,Nyeri,450,541745.3679,16448.209,0.0304,525297.1589,0.0238,0.6607,false
all_adults,digital_apps,county,Samburu,299,155103.6455,82.2409,0.0005,155021.4046,0.0238,-2.3224,false
all_adults,digital_apps,county,Siaya,393,548128.5248,2151.6614,0.0039,545976.8634,0.0238,-1.9829,false
all_adults,digital_apps,county,Taita-Taveta,374,217575.7223,961.2016,0.0044,216614.5207,0.0238,-1.9336,false
all_adults,digital_apps,county,Tana River,307,162130.6529,0.0,0.0,162130.6529,0.0238,-2.3754,false
all_adults,digital_apps,county,Tharaka-Nithi,405,250143.9039,5882.7599,0.0235,244261.144,0.0238,-0.0237,false
all_adults,digital_apps,county,Trans Nzoia,149,534486.2565,8332.0791,0.0156,526154.1774,0.0238,-0.8165,false
all_adults,digital_apps,county,Turkana,388,486734.4692,2845.579,0.0058,483888.8902,0.0238,-1.7908,false
all_adults,digital_apps,county,Uasin Gishu,517,716955.2169,51386.2793,0.0717,665568.9376,0.0238,4.7919,false
all_adults,digital_apps,county,Vihiga,403,332080.8641,9853.378,0.0297,322227.4861,0.0238,0.5917,false
all_adults,digital_apps,county,Wajir,376,364640.4097,4981.1125,0.0137,359659.2972,0.0238,-1.0094,false
all_adults,digital_apps,county,West Pokot,349,287831.4883,1471.8794,0.0051,286359.6089,0.0238,-1.864,false
all_adults,digital_apps,education,95,1,973.5078,0.0,0.0,973.5078,0.0238,-2.3754,true
all_adults,digital_apps,education,Completed technical training after secondary school,1421,2367653.4672,187753.5829,0.0793,2179899.8843,0.0238,5.5545,false
all_adults,digital_apps,education,Don't know (DO NOT READ OUT),2,4146.2879,0.0,0.0,4146.2879,0.0238,-2.3754,true
all_adults,digital_apps,education,None,3021,2745941.3393,320.1253,0.0001,2745621.2139,0.0238,-2.3638,false
all_adults,digital_apps,education,Other (Specify),2,2656.4397,0.0,0.0,2656.4397,0.0238,-2.3754,true
all_adults,digital_apps,education,Primary completed,3802,5223129.3508,72435.2773,0.0139,5150694.0734,0.0238,-0.9886,false
all_adults,digital_apps,education,Refused to Answer (DO NOT READ OUT),3,1799.2491,0.0,0.0,1799.2491,0.0238,-2.3754,true
all_adults,digital_apps,education,Secondary completed,4063,6620476.5149,178659.8448,0.027,6441816.6701,0.0238,0.3232,false
all_adults,digital_apps,education,Some primary,3567,4602544.3325,38423.1504,0.0083,4564121.182,0.0238,-1.5406,false
all_adults,digital_apps,education,Some secondary,2045,3187036.4105,41004.0596,0.0129,3146032.3509,0.0238,-1.0888,false
all_adults,digital_apps,education,Some technical training after secondary school,491,876831.186,27615.2151,0.0315,849215.9709,0.0238,0.774,false
all_adults,digital_apps,education,Some university,344,842415.4256,44568.1147,0.0529,797847.3109,0.0238,2.9151,false
all_adults,digital_apps,education,University completed,988,1666465.0806,77712.0392,0.0466,1588753.0414,0.0238,2.2879,false
all_adults,digital_apps,sex,Female,11739,14493608.7579,304772.1401,0.021,14188836.6178,0.0238,-0.2726,false
all_adults,digital_apps,sex,Male,8011,13648459.8338,363719.2692,0.0266,13284740.5646,0.0238,0.2895,false
all_adults,digital_credit,age_group,18-25,3997,7869764.6248,1993078.9308,0.2533,5876685.6939,0.2959,-4.265,false
all_adults,digital_credit,age_group,26-35,5361,8007561.237,3229016.4636,0.4032,4778544.7734,0.2959,10.7338,false
all_adults,digital_credit,age_group,36-45,3942,5235668.4683,1840239.9357,0.3515,3395428.5326,0.2959,5.5574,false
all_adults,digital_credit,age_group,46-55,2545,3012525.7976,800186.4299,0.2656,2212339.3677,0.2959,-3.0288,false
all_adults,digital_credit,age_group,Above 55,3905,4016548.4641,464931.3096,0.1158,3551617.1545,0.2959,-18.0154,false
all_adults,digital_credit,all,All,19750,28142068.5917,8327453.0696,0.2959,19814615.5221,0.2959,0.0,false
all_adults,digital_credit,county,Baringo,360,355688.567,124361.5042,0.3496,231327.0628,0.2959,5.3728,false
all_adults,digital_credit,county,Bomet,499,477064.973,61787.101,0.1295,415277.872,0.2959,-16.6393,false
all_adults,digital_credit,county,Bungoma,495,854632.3786,225211.3831,0.2635,629420.9955,0.2959,-3.2389,false
all_adults,digital_credit,county,Busia,369,481049.2494,105039.3739,0.2184,376009.8754,0.2959,-7.7553,false
all_adults,digital_credit,county,Elgeyo-Marakwet,411,251049.7116,107791.1852,0.4294,143258.5264,0.2959,13.3454,false
all_adults,digital_credit,county,Embu,467,405564.1153,112245.9741,0.2768,293318.1412,0.2959,-1.9143,false
all_adults,digital_credit,county,Garissa,282,427934.5739,39113.7026,0.0914,388820.8712,0.2959,-20.4507,false
all_adults,digital_credit,county,Homabay,462,594237.141,166447.7337,0.2801,427789.4072,0.2959,-1.5804,false
all_adults,digital_credit,county,Isiolo,277,152207.825,33497.9208,0.2201,118709.9042,0.2959,-7.5827,false
all_adults,digital_credit,county,Kajiado,404,722562.6998,288894.2163,0.3998,433668.4835,0.2959,10.3911,false
all_adults,digital_credit,county,Kakamega,539,1006907.1142,365994.5516,0.3635,640912.5625,0.2959,6.7576,false
all_adults,digital_credit,county,Kericho,433,511505.0319,157510.1293,0.3079,353994.9026,0.2959,1.2027,false
all_adults,digital_credit,county,Kiambu,518,1723743.0858,795090.3537,0.4613,928652.7321,0.2959,16.535,false
all_adults,digital_credit,county,Kilifi,504,806712.7777,147218.5155,0.1825,659494.2622,0.2959,-11.3416,false
all_adults,digital_credit,county,Kirinyaga,498,427716.5776,110761.619,0.259,316954.9586,0.2959,-3.6947,false
all_adults,digital_credit,county,Kisii,486,703778.4032,245828.139,0.3493,457950.2643,0.2959,5.339,false
all_adults,digital_credit,county,Kisumu,489,674363.2225,161108.3753,0.2389,513254.8473,0.2959,-5.7003,false
all_adults,digital_credit,county,Kitui,396,645462.4421,106323.9252,0.1647,539138.517,0.2959,-13.1182,false
all_adults,digital_credit,county,Kwale,359,463991.5198,129028.713,0.2781,334962.8069,0.2959,-1.7823,false
all_adults,digital_credit,county,Laikipia,361,315296.6932,49071.9859,0.1556,266224.7073,0.2959,-14.027,false
all_adults,digital_credit,county,Lamu,239,93092.0178,13343.1062,0.1433,79748.9116,0.2959,-15.2575,false
all_adults,digital_credit,county,Machakos,477,911529.1895,326219.2217,0.3579,585309.9678,0.2959,6.1974,false
all_adults,digital_credit,county,Makueni,440,596725.5193,106700.1906,0.1788,490025.3287,0.2959,-11.7098,false
all_adults,digital_credit,county,Mandera,348,360658.6492,39110.613,0.1084,321548.0363,0.2959,-18.7465,false
all_adults,digital_credit,county,Marsabit,341,229903.1829,8178.5996,0.0356,221724.5833,0.2959,-26.0334,false
all_adults,digital_credit,county,Meru,611,957274.1252,239753.9166,0.2505,717520.2086,0.2959,-4.5453,false
all_adults,digital_credit,county,Migori,511,583081.0312,206191.0998,0.3536,376889.9313,0.2959,5.7716,false
all_adults,digital_credit,county,Mombasa,412,836395.571,344173.0032,0.4115,492222.5678,0.2959,11.5588,false
all_adults,digital_credit,county,Murang'a,493,686152.1427,193355.6244,0.2818,492796.5183,0.2959,-1.4111,false
all_adults,digital_credit,county,Nairobi City,613,3127758.3552,1164323.7181,0.3723,1963434.6371,0.2959,7.6347,false
all_adults,digital_credit,county,Nakuru,542,1322608.9185,397160.5117,0.3003,925448.4069,0.2959,0.4378,false
all_adults,digital_credit,county,Nandi,450,509820.4844,230489.3445,0.4521,279331.1398,0.2959,15.6191,false
all_adults,digital_credit,county,Narok,385,577188.7596,137368.8634,0.238,439819.8962,0.2959,-5.7911,false
all_adults,digital_credit,county,Nyamira,463,350968.5193,29217.4867,0.0832,321751.0326,0.2959,-21.2659,false
all_adults,digital_credit,county,Nyandarua,406,399887.5015,61450.4658,0.1537,338437.0356,0.2959,-14.2238,false
all_adults,digital_credit,county,Nyeri,450,541745.3679,146143.4279,0.2698,395601.9401,0.2959,-2.6144,false
all_adults,digital_credit,county,Samburu,299,155103.6455,24255.9019,0.1564,130847.7436,0.2959,-13.9523,false
all_adults,digital_credit,county,Siaya,393,548128.5248,128740.7559,0.2349,419387.7689,0.2959,-6.1034,false
all_adults,digital_credit,county,Taita-Taveta,374,217575.7223,35705.754,0.1641,181869.9684,0.2959,-13.18,false
all_adults,digital_credit,county,Tana River,307,162130.6529,20663.3029,0.1274,141467.35,0.2959,-16.8459,false
all_adults,digital_credit,county,Tharaka-Nithi,405,250143.9039,76650.0771,0.3064,173493.8268,0.2959,1.0516,false
all_adults,digital_credit,county,Trans Nzoia,149,534486.2565,207429.537,0.3881,327056.7195,0.2959,9.2184,false
all_adults,digital_credit,county,Turkana,388,486734.4692,118595.3286,0.2437,368139.1406,0.2959,-5.2253,false
all_adults,digital_credit,county,Uasin Gishu,517,716955.2169,314113.9128,0.4381,402841.304,0.2959,14.2214,false
all_adults,digital_credit,county,Vihiga,403,332080.8641,118506.8448,0.3569,213574.0193,0.2959,6.0954,false
all_adults,digital_credit,county,Wajir,376,364640.4097,41804.3194,0.1146,322836.0903,0.2959,-18.1262,false
all_adults,digital_credit,county,West Pokot,349,287831.4883,65481.7397,0.2275,222349.7486,0.2959,-6.8407,false
all_adults,digital_credit,education,95,1,973.5078,0.0,0.0,973.5078,0.2959,-29.5908,true
all_adults,digital_credit,education,Completed technical training after secondary school,1421,2367653.4672,1021100.3282,0.4313,1346553.139,0.2959,13.5363,false
all_adults,digital_credit,education,Don't know (DO NOT READ OUT),2,4146.2879,0.0,0.0,4146.2879,0.2959,-29.5908,true
all_adults,digital_credit,education,None,3021,2745941.3393,210639.3771,0.0767,2535301.9621,0.2959,-21.9198,false
all_adults,digital_credit,education,Other (Specify),2,2656.4397,1561.0399,0.5876,1095.3998,0.2959,29.1736,true
all_adults,digital_credit,education,Primary completed,3802,5223129.3508,1708931.8857,0.3272,3514197.4651,0.2959,3.1278,false
all_adults,digital_credit,education,Refused to Answer (DO NOT READ OUT),3,1799.2491,448.4494,0.2492,1350.7997,0.2959,-4.6665,true
all_adults,digital_credit,education,Secondary completed,4063,6620476.5149,2358786.1589,0.3563,4261690.3559,0.2959,6.0379,false
all_adults,digital_credit,education,Some primary,3567,4602544.3325,970262.5223,0.2108,3632281.8102,0.2959,-8.5098,false
all_adults,digital_credit,education,Some secondary,2045,3187036.4105,840983.8612,0.2639,2346052.5492,0.2959,-3.2031,false
all_adults,digital_credit,education,Some technical training after secondary school,491,876831.186,361876.3286,0.4127,514954.8574,0.2959,11.6802,false
all_adults,digital_credit,education,Some university,344,842415.4256,360915.1263,0.4284,481500.2993,0.2959,13.2521,false
all_adults,digital_credit,education,University completed,988,1666465.0806,491947.9918,0.2952,1174517.0888,0.2959,-0.0703,false
all_adults,digital_credit,sex,Female,11739,14493608.7579,3880730.8759,0.2678,10612877.882,0.2959,-2.8153,false
all_adults,digital_credit,sex,Male,8011,13648459.8338,4446722.1936,0.3258,9201737.6402,0.2959,2.9896,false
all_adults,formal_access,age_group,18-25,3997,7869764.6248,5433508.6224,0.6904,2436256.0024,0.8483,-15.7896,false
all_adults,formal_access,age_group,26-35,5361,8007561.237,7443393.8865,0.9295,564167.3505,0.8483,8.1222,false
all_adults,formal_access,age_group,36-45,3942,5235668.4683,4851041.7536,0.9265,384626.7147,0.8483,7.8213,false
all_adults,formal_access,age_group,46-55,2545,3012525.7976,2767632.8174,0.9187,244892.9802,0.8483,7.0384,false
all_adults,formal_access,age_group,Above 55,3905,4016548.4641,3378014.505,0.841,638533.9591,0.8483,-0.73,false
all_adults,formal_access,all,All,19750,28142068.5917,23873591.5848,0.8483,4268477.0069,0.8483,0.0,false
all_adults,formal_access,county,Baringo,360,355688.567,271332.3919,0.7628,84356.1751,0.8483,-8.5487,false
all_adults,formal_access,county,Bomet,499,477064.973,394736.8716,0.8274,82328.1014,0.8483,-2.0896,false
all_adults,formal_access,county,Bungoma,495,854632.3786,671137.8355,0.7853,183494.5432,0.8483,-6.303,false
all_adults,formal_access,county,Busia,369,481049.2494,370075.3602,0.7693,110973.8892,0.8483,-7.9015,false
all_adults,formal_access,county,Elgeyo-Marakwet,411,251049.7116,212718.2489,0.8473,38331.4627,0.8483,-0.1009,false
all_adults,formal_access,county,Embu,467,405564.1153,368695.1923,0.9091,36868.923,0.8483,6.0768,false
all_adults,formal_access,county,Garissa,282,427934.5739,372809.3667,0.8712,55125.2072,0.8483,2.2859,false
all_adults,formal_access,county,Homabay,462,594237.141,495246.529,0.8334,98990.612,0.8483,-1.4908,false
all_adults,formal_access,county,Isiolo,277,152207.825,139261.5018,0.9149,12946.3231,0.8483,6.6619,false
all_adults,formal_access,county,Kajiado,404,722562.6998,622310.9888,0.8613,100251.711,0.8483,1.2931,false
all_adults,formal_access,county,Kakamega,539,1006907.1142,801628.0791,0.7961,205279.035,0.8483,-5.2195,false
all_adults,formal_access,county,Kericho,433,511505.0319,403922.8845,0.7897,107582.1474,0.8483,-5.8649,false
all_adults,formal_access,county,Kiambu,518,1723743.0858,1619633.0483,0.9396,104110.0374,0.8483,9.1278,false
all_adults,formal_access,county,Kilifi,504,806712.7777,628415.7432,0.779,178297.0345,0.8483,-6.9341,false
all_adults,formal_access,county,Kirinyaga,498,427716.5776,397090.6786,0.9284,30625.899,0.8483,8.0073,false
all_adults,formal_access,county,Kisii,486,703778.4032,610363.0478,0.8673,93415.3555,0.8483,1.8942,false
all_adults,formal_access,county,Kisumu,489,674363.2225,615236.8879,0.9123,59126.3346,0.8483,6.3999,false
all_adults,formal_access,county,Kitui,396,645462.4421,523815.7185,0.8115,121646.7237,0.8483,-3.6788,false
all_adults,formal_access,county,Kwale,359,463991.5198,369997.0562,0.7974,93994.4637,0.8483,-5.0902,false
all_adults,formal_access,county,Laikipia,361,315296.6932,272382.0575,0.8639,42914.6357,0.8483,1.5567,false
all_adults,formal_access,county,Lamu,239,93092.0178,82619.7307,0.8875,10472.2871,0.8483,3.9182,false
all_adults,formal_access,county,Machakos,477,911529.1895,803781.6493,0.8818,107747.5402,0.8483,3.3471,false
all_adults,formal_access,county,Makueni,440,596725.5193,489005.6352,0.8195,107719.8841,0.8483,-2.8842,false
all_adults,formal_access,county,Mandera,348,360658.6492,323498.1204,0.897,37160.5288,0.8483,4.8641,false
all_adults,formal_access,county,Marsabit,341,229903.1829,181940.631,0.7914,47962.5519,0.8483,-5.6945,false
all_adults,formal_access,county,Meru,611,957274.1252,804165.7161,0.8401,153108.4091,0.8483,-0.8266,false
all_adults,formal_access,county,Migori,511,583081.0312,425210.1923,0.7292,157870.8388,0.8483,-11.9077,false
all_adults,formal_access,county,Mombasa,412,836395.571,732285.4715,0.8755,104110.0994,0.8483,2.7201,false
all_adults,formal_access,county,Murang'a,493,686152.1427,594303.2029,0.8661,91848.9397,0.8483,1.7815,false
all_adults,formal_access,county,Nairobi City,613,3127758.3552,2931456.0271,0.9372,196302.3281,0.8483,8.8915,false
all_adults,formal_access,county,Nakuru,542,1322608.9185,1118184.4621,0.8454,204424.4565,0.8483,-0.2886,false
all_adults,formal_access,county,Nandi,450,509820.4844,450391.2443,0.8834,59429.2401,0.8483,3.5107,false
all_adults,formal_access,county,Narok,385,577188.7596,422050.8509,0.7312,155137.9086,0.8483,-11.7106,false
all_adults,formal_access,county,Nyamira,463,350968.5193,299893.2335,0.8545,51075.2858,0.8483,0.6149,false
all_adults,formal_access,county,Nyandarua,406,399887.5015,351497.2099,0.879,48390.2915,0.8483,3.0666,false
all_adults,formal_access,county,Nyeri,450,541745.3679,496057.907,0.9157,45687.4609,0.8483,6.7342,false
all_adults,formal_access,county,Samburu,299,155103.6455,124911.1041,0.8053,30192.5414,0.8483,-4.2984,false
all_adults,formal_access,county,Siaya,393,548128.5248,448929.0761,0.819,99199.4486,0.8483,-2.9302,false
all_adults,formal_access,county,Taita-Taveta,374,217575.7223,196883.7349,0.9049,20691.9874,0.8483,5.6574,false
all_adults,formal_access,county,Tana River,307,162130.6529,125460.6626,0.7738,36669.9903,0.8483,-7.45,false
all_adults,formal_access,county,Tharaka-Nithi,405,250143.9039,214859.392,0.8589,35284.5119,0.8483,1.0619,false
all_adults,formal_access,county,Trans Nzoia,149,534486.2565,414157.1511,0.7749,120329.1054,0.8483,-7.3454,false
all_adults,formal_access,county,Turkana,388,486734.4692,320595.0192,0.6587,166139.45,0.8483,-18.9659,false
all_adults,formal_access,county,Uasin Gishu,517,716955.2169,646416.1415,0.9016,70539.0753,0.8483,5.3289,false
all_adults,formal_access,county,Vihiga,403,332080.8641,262531.6127,0.7906,69549.2514,0.8483,-5.7759,false
all_adults,formal_access,county,Wajir,376,364640.4097,312182.7742,0.8561,52457.6355,0.8483,0.7815,false
all_adults,formal_access,county,West Pokot,349,287831.4883,139514.1439,0.4847,148317.3444,0.8483,-36.3616,false
all_adults,formal_access,education,95,1,973.5078,0.0,0.0,973.5078,0.8483,-84.8324,true
all_adults,formal_access,education,Completed technical training after secondary school,1421,2367653.4672,2314759.9043,0.9777,52893.5629,0.8483,12.9336,false
all_adults,formal_access,education,Don't know (DO NOT READ OUT),2,4146.2879,4146.2879,1.0,0.0,0.8483,15.1676,true
all_adults,formal_access,education,None,3021,2745941.3393,2069679.8527,0.7537,676261.4865,0.8483,-9.4601,false
all_adults,formal_access,education,Other (Specify),2,2656.4397,2656.4397,1.0,0.0,0.8483,15.1676,true
all_adults,formal_access,education,Primary completed,3802,5223129.3508,4413241.979,0.8449,809887.3718,0.8483,-0.3382,false
all_adults,formal_access,education,Refused to Answer (DO NOT READ OUT),3,1799.2491,863.6901,0.48,935.559,0.8483,-36.8296,true
all_adults,formal_access,education,Secondary completed,4063,6620476.5149,5934801.0903,0.8964,685675.4246,0.8483,4.8107,false
all_adults,formal_access,education,Some primary,3567,4602544.3325,3628969.5707,0.7885,973574.7617,0.8483,-5.9854,false
all_adults,formal_access,education,Some secondary,2045,3187036.4105,2209321.6209,0.6932,977714.7895,0.8483,-15.5103,false
all_adults,formal_access,education,Some technical training after secondary school,491,876831.186,807668.8611,0.9211,69162.3248,0.8483,7.2798,false
all_adults,formal_access,education,Some university,344,842415.4256,821436.266,0.9751,20979.1596,0.8483,12.6772,false
all_adults,formal_access,education,University completed,988,1666465.0806,1666046.022,0.9997,419.0586,0.8483,15.1425,false
all_adults,formal_access,sex,Female,11739,14493608.7579,12179000.8935,0.8403,2314607.8644,0.8483,-0.8022,false
all_adults,formal_access,sex,Male,8011,13648459.8338,11694590.6913,0.8568,1953869.1425,0.8483,0.8519,false
all_adults,insurance,age_group,18-25,3997,7869764.6248,837184.3481,0.1064,7032580.2766,0.2198,-11.3427,false
all_adults,insurance,age_group,26-35,5361,8007561.237,2179498.3587,0.2722,5828062.8783,0.2198,5.2373,false
all_adults,insurance,age_group,36-45,3942,5235668.4683,1412387.4797,0.2698,3823280.9886,0.2198,4.9956,false
all_adults,insurance,age_group,46-55,2545,3012525.7976,816739.2101,0.2711,2195786.5875,0.2198,5.1308,false
all_adults,insurance,age_group,Above 55,3905,4016548.4641,940003.4718,0.234,3076544.9923,0.2198,1.4226,false
all_adults,insurance,all,All,19750,28142068.5917,6185812.8684,0.2198,21956255.7233,0.2198,0.0,false
all_adults,insurance,county,Baringo,360,355688.567,46058.3173,0.1295,309630.2497,0.2198,-9.0316,false
all_adults,insurance,county,Bomet,499,477064.973,166523.2902,0.3491,310541.6828,0.2198,12.9251,false
all_adults,insurance,county,Bungoma,495,854632.3786,138745.8667,0.1623,715886.5119,0.2198,-5.7461,false
all_adults,insurance,county,Busia,369,481049.2494,65489.6761,0.1361,415559.5733,0.2198,-8.3667,false
all_adults,insurance,county,Elgeyo-Marakwet,411,251049.7116,57972.089,0.2309,193077.6226,0.2198,1.1112,false
all_adults,insurance,county,Embu,467,405564.1153,132133.6797,0.3258,273430.4356,0.2198,10.5996,false
all_adults,insurance,county,Garissa,282,427934.5739,39589.1832,0.0925,388345.3906,0.2198,-12.7294,false
all_adults,insurance,county,Homabay,462,594237.141,98468.4205,0.1657,495768.7205,0.2198,-5.4101,false
all_adults,insurance,county,Isiolo,277,152207.825,35532.4787,0.2334,116675.3463,0.2198,1.3641,false
all_adults,insurance,county,Kajiado,404,722562.6998,202253.5948,0.2799,520309.105,0.2198,6.0105,false
all_adults,insurance,county,Kakamega,539,1006907.1142,138879.3846,0.1379,868027.7295,0.2198,-8.188,false
all_adults,insurance,county,Kericho,433,511505.0319,146480.6894,0.2864,365024.3425,0.2198,6.6565,false
all_adults,insurance,county,Kiambu,518,1723743.0858,637390.6665,0.3698,1086352.4192,0.2198,14.9965,false
all_adults,insurance,county,Kilifi,504,806712.7777,121168.1636,0.1502,685544.6141,0.2198,-6.9607,false
all_adults,insurance,county,Kirinyaga,498,427716.5776,123766.6052,0.2894,303949.9724,0.2198,6.9559,false
all_adults,insurance,county,Kisii,486,703778.4032,171674.0698,0.2439,532104.3334,0.2198,2.4125,false
all_adults,insurance,county,Kisumu,489,674363.2225,172252.2754,0.2554,502110.9472,0.2198,3.5623,false
all_adults,insurance,county,Kitui,396,645462.4421,55798.7967,0.0864,589663.6454,0.2198,-13.3359,false
all_adults,insurance,county,Kwale,359,463991.5198,63992.4773,0.1379,399999.0425,0.2198,-8.1889,false
all_adults,insurance,county,Laikipia,361,315296.6932,82412.9095,0.2614,232883.7837,0.2198,4.1575,false
all_adults,insurance,county,Lamu,239,93092.0178,7288.8479,0.0783,85803.1698,0.2198,-14.1509,false
all_adults,insurance,county,Machakos,477,911529.1895,213116.6223,0.2338,698412.5672,0.2198,1.3995,false
all_adults,insurance,county,Makueni,440,596725.5193,63432.5582,0.1063,533292.9612,0.2198,-11.3506,false
all_adults,insurance,county,Mandera,348,360658.6492,49378.3298,0.1369,311280.3194,0.2198,-8.2895,false
all_adults,insurance,county,Marsabit,341,229903.1829,19434.9542,0.0845,210468.2287,0.2198,-13.5271,false
all_adults,insurance,county,Meru,611,957274.1252,199603.9667,0.2085,757670.1585,0.2198,-1.1294,false
all_adults,insurance,county,Migori,511,583081.0312,88659.6271,0.1521,494421.4041,0.2198,-6.7753,false
all_adults,insurance,county,Mombasa,412,836395.571,146823.8846,0.1755,689571.6864,0.2198,-4.4263,false
all_adults,insurance,county,Murang'a,493,686152.1427,166951.4975,0.2433,519200.6452,0.2198,2.3509,false
all_adults,insurance,county,Nairobi City,613,3127758.3552,1143241.9952,0.3655,1984516.36,0.2198,14.5708,false
all_adults,insurance,county,Nakuru,542,1322608.9185,271690.9245,0.2054,1050917.9941,0.2198,-1.4386,false
all_adults,insurance,county,Nandi,450,509820.4844,91347.3861,0.1792,418473.0983,0.2198,-4.0631,false
all_adults,insurance,county,Narok,385,577188.7596,90960.5768,0.1576,486228.1828,0.2198,-6.2214,false
all_adults,insurance,county,Nyamira,463,350968.5193,65818.1415,0.1875,285150.3778,0.2198,-3.2274,false
all_adults,insurance,county,Nyandarua,406,399887.5015,107866.6116,0.2697,292020.8898,0.2198,4.9936,false
all_adults,insurance,county,Nyeri,450,541745.3679,154126.383,0.2845,387618.9849,0.2198,6.4693,false
all_adults,insurance,county,Samburu,299,155103.6455,21597.6011,0.1392,133506.0443,0.2198,-8.056,false
all_adults,insurance,county,Siaya,393,548128.5248,71041.7216,0.1296,477086.8031,0.2198,-9.0199,false
all_adults,insurance,county,Taita-Taveta,374,217575.7223,36772.6318,0.169,180803.0905,0.2198,-5.0796,false
all_adults,insurance,county,Tana River,307,162130.6529,9654.1076,0.0595,152476.5453,0.2198,-16.0261,false
all_adults,insurance,county,Tharaka-Nithi,405,250143.9039,56873.7379,0.2274,193270.166,0.2198,0.7557,false
all_adults,insurance,county,Trans Nzoia,149,534486.2565,87764.7738,0.1642,446721.4827,0.2198,-5.5603,false
all_adults,insurance,county,Turkana,388,486734.4692,42368.0136,0.087,444366.4556,0.2198,-13.2761,false
all_adults,insurance,county,Uasin Gishu,517,716955.2169,184656.511,0.2576,532298.7059,0.2198,3.775,false
all_adults,insurance,county,Vihiga,403,332080.8641,49368.1149,0.1487,282712.7493,0.2198,-7.1144,false
all_adults,insurance,county,Wajir,376,364640.4097,27952.8419,0.0767,336687.5678,0.2198,-14.3148,false
all_adults,insurance,county,West Pokot,349,287831.4883,21437.8718,0.0745,266393.6165,0.2198,-14.5326,false
all_adults,insurance,education,95,1,973.5078,0.0,0.0,973.5078,0.2198,-21.9807,true
all_adults,insurance,education,Completed technical training after secondary school,1421,2367653.4672,1112191.9258,0.4697,1255461.5414,0.2198,24.9938,false
all_adults,insurance,education,Don't know (DO NOT READ OUT),2,4146.2879,885.4383,0.2135,3260.8496,0.2198,-0.6257,true
all_adults,insurance,education,None,3021,2745941.3393,162059.6529,0.059,2583881.6863,0.2198,-16.0789,false
all_adults,insurance,education,Other (Specify),2,2656.4397,0.0,0.0,2656.4397,0.2198,-21.9807,true
all_adults,insurance,education,Primary completed,3802,5223129.3508,764681.214,0.1464,4458448.1367,0.2198,-7.3404,false
all_adults,insurance,education,Refused to Answer (DO NOT READ OUT),3,1799.2491,448.4494,0.2492,1350.7997,0.2198,2.9436,true
all_adults,insurance,education,Secondary completed,4063,6620476.5149,1709889.7797,0.2583,4910586.7351,0.2198,3.8466,false
all_adults,insurance,education,Some primary,3567,4602544.3325,529911.1933,0.1151,4072633.1391,0.2198,-10.4672,false
all_adults,insurance,education,Some secondary,2045,3187036.4105,433893.3247,0.1361,2753143.0858,0.2198,-8.3663,false
all_adults,insurance,education,Some technical training after secondary school,491,876831.186,159125.044,0.1815,717706.142,0.2198,-3.8329,false
all_adults,insurance,education,Some university,344,842415.4256,208299.0033,0.2473,634116.4224,0.2198,2.7457,false
all_adults,insurance,education,University completed,988,1666465.0806,1104427.8429,0.6627,562037.2377,0.2198,44.293,false
all_adults,insurance,sex,Female,11739,14493608.7579,2335086.6064,0.1611,12158522.1515,0.2198,-5.8695,false
all_adults,insurance,sex,Male,8011,13648459.8338,3850726.2621,0.2821,9797733.5717,0.2198,6.233,false
all_adults,loan,age_group,18-25,3997,7869764.6248,3960895.2351,0.5033,3908869.3896,0.6398,-13.6506,false
all_adults,loan,age_group,26-35,5361,8007561.237,6007998.129,0.7503,1999563.108,0.6398,11.048,false
all_adults,loan,age_group,36-45,3942,5235668.4683,3896508.3607,0.7442,1339160.1076,0.6398,10.4413,false
all_adults,loan,age_group,46-55,2545,3012525.7976,2139312.0402,0.7101,873213.7574,0.6398,7.0328,false
all_adults,loan,age_group,Above 55,3905,4016548.4641,2000893.6357,0.4982,2015654.8284,0.6398,-14.1649,false
all_adults,loan,all,All,19750,28142068.5917,18005607.4006,0.6398,10136461.1911,0.6398,0.0,false
all_adults,loan,county,Baringo,360,355688.567,249104.7944,0.7003,106583.7726,0.6398,6.0534,false
all_adults,loan,county,Bomet,499,477064.973,289568.2657,0.607,187496.7073,0.6398,-3.2832,false
all_adults,loan,county,Bungoma,495,854632.3786,604929.9631,0.7078,249702.4155,0.6398,6.8014,false
all_adults,loan,county,Busia,369,481049.2494,299389.5189,0.6224,181659.7305,0.6398,-1.7443,false
all_adults,loan,county,Elgeyo-Marakwet,411,251049.7116,179186.5032,0.7137,71863.2084,0.6398,7.3938,false
all_adults,loan,county,Embu,467,405564.1153,285465.3302,0.7039,120098.785,0.6398,6.4061,false
all_adults,loan,county,Garissa,282,427934.5739,195790.1362,0.4575,232144.4376,0.6398,-18.2288,false
all_adults,loan,county,Homabay,462,594237.141,381899.4053,0.6427,212337.7357,0.6398,0.2861,false
all_adults,loan,county,Isiolo,277,152207.825,111959.5628,0.7356,40248.2622,0.6398,9.5759,false
all_adults,loan,county,Kajiado,404,722562.6998,478842.9525,0.6627,243719.7473,0.6398,2.289,false
all_adults,loan,county,Kakamega,539,1006907.1142,699600.5072,0.6948,307306.607,0.6398,5.499,false
all_adults,loan,county,Kericho,433,511505.0319,300549.1811,0.5876,210955.8508,0.6398,-5.2233,false
all_adults,loan,county,Kiambu,518,1723743.0858,1335532.5114,0.7748,388210.5744,0.6398,13.4975,false
all_adults,loan,county,Kilifi,504,806712.7777,493385.043,0.6116,313327.7347,0.6398,-2.8212,false
all_adults,loan,county,Kirinyaga,498,427716.5776,245471.5305,0.5739,182245.0472,0.6398,-6.5899,false
all_adults,loan,county,Kisii,486,703778.4032,484843.9398,0.6889,218934.4634,0.6398,4.9105,false
all_adults,loan,county,Kisumu,489,674363.2225,405286.6637,0.601,269076.5589,0.6398,-3.8819,false
all_adults,loan,county,Kitui,396,645462.4421,340501.3042,0.5275,304961.1379,0.6398,-11.228,false
all_adults,loan,county,Kwale,359,463991.5198,257149.5248,0.5542,206841.9951,0.6398,-8.5599,false
all_adults,loan,county,Laikipia,361,315296.6932,197954.004,0.6278,117342.6892,0.6398,-1.1977,false
all_adults,loan,county,Lamu,239,93092.0178,32490.448,0.349,60601.5698,0.6398,-29.0797,false
all_adults,loan,county,Machakos,477,911529.1895,588629.3307,0.6458,322899.8588,0.6398,0.5949,false
all_adults,loan,county,Makueni,440,596725.5193,351240.2151,0.5886,245485.3042,0.6398,-5.1198,false
all_adults,loan,county,Mandera,348,360658.6492,187263.0009,0.5192,173395.6483,0.6398,-12.0586,false
all_adults,loan,county,Marsabit,341,229903.1829,103515.2675,0.4503,126387.9154,0.6398,-18.9555,false
all_adults,loan,county,Meru,611,957274.1252,825382.2846,0.8622,131891.8406,0.6398,22.241,false
all_adults,loan,county,Migori,511,583081.0312,372170.5558,0.6383,210910.4754,0.6398,-0.1528,false
all_adults,loan,county,Mombasa,412,836395.571,524101.5828,0.6266,312293.9881,0.6398,-1.3192,false
all_adults,loan,county,Murang'a,493,686152.1427,487408.3259,0.7104,198743.8168,0.6398,7.0539,false
all_adults,loan,county,Nairobi City,613,3127758.3552,1933202.0262,0.6181,1194556.329,0.6398,-2.1732,false
all_adults,loan,county,Nakuru,542,1322608.9185,777021.4731,0.5875,545587.4455,0.6398,-5.232,false
all_adults,loan,county,Nandi,450,509820.4844,385567.2222,0.7563,124253.2622,0.6398,11.6469,false
all_adults,loan,county,Narok,385,577188.7596,314690.0256,0.5452,262498.734,0.6398,-9.4599,false
all_adults,loan,county,Nyamira,463,350968.5193,181429.3034,0.5169,169539.2159,0.6398,-12.2872,false
all_adults,loan,county,Nyandarua,406,399887.5015,294468.8505,0.7364,105418.6509,0.6398,9.6568,false
all_adults,loan,county,Nyeri,450,541745.3679,354860.482,0.655,186884.8859,0.6398,1.5221,false
all_adults,loan,county,Samburu,299,155103.6455,95061.1689,0.6129,60042.4765,0.6398,-2.6923,false
all_adults,loan,county,Siaya,393,548128.5248,383826.9916,0.7002,164301.5332,0.6398,6.0439,false
all_adults,loan,county,Taita-Taveta,374,217575.7223,136195.852,0.626,81379.8703,0.6398,-1.3841,false
all_adults,loan,county,Tana River,307,162130.6529,67830.812,0.4184,94299.8409,0.6398,-22.144,false
all_adults,loan,county,Tharaka-Nithi,405,250143.9039,198160.7343,0.7922,51983.1696,0.6398,15.2376,false
all_adults,loan,county,Trans Nzoia,149,534486.2565,294864.5894,0.5517,239621.6672,0.6398,-8.8133,false
all_adults,loan,county,Turkana,388,486734.4692,230290.776,0.4731,256443.6932,0.6398,-16.6677,false
all_adults,loan,county,Uasin Gishu,517,716955.2169,484085.062,0.6752,232870.1549,0.6398,3.5385,false
all_adults,loan,county,Vihiga,403,332080.8641,234700.9064,0.7068,97379.9577,0.6398,6.6947,false
all_adults,loan,county,Wajir,376,364640.4097,164128.8807,0.4501,200511.529,0.6398,-18.9699,false
all_adults,loan,county,West Pokot,349,287831.4883,166610.5911,0.5788,121220.8972,0.6398,-6.0963,false
all_adults,loan,education,95,1,973.5078,0.0,0.0,973.5078,0.6398,-63.9811,true
all_adults,loan,education,Completed technical training after secondary school,1421,2367653.4672,1833608.5783,0.7744,534044.8889,0.6398,13.463,false
all_adults,loan,education,Don't know (DO NOT READ OUT),2,4146.2879,885.4383,0.2135,3260.8496,0.6398,-42.6261,true
all_adults,loan,education,None,3021,2745941.3393,1216719.0355,0.4431,1529222.3038,0.6398,-19.6714,false
all_adults,loan,education,Other (Specify),2,2656.4397,1561.0399,0.5876,1095.3998,0.6398,-5.2167,true
all_adults,loan,education,Primary completed,3802,5223129.3508,3600254.8105,0.6893,1622874.5403,0.6398,4.948,false
all_adults,loan,education,Refused to Answer (DO NOT READ OUT),3,1799.2491,448.4494,0.2492,1350.7997,0.6398,-39.0569,true
all_adults,loan,education,Secondary completed,4063,6620476.5149,4358850.1322,0.6584,2261626.3826,0.6398,1.8578,false
all_adults,loan,education,Some primary,3567,4602544.3325,2806671.5253,0.6098,1795872.8071,0.6398,-3.0002,false
all_adults,loan,education,Some secondary,2045,3187036.4105,1798498.6608,0.5643,1388537.7497,0.6398,-7.5494,false
all_adults,loan,education,Some technical training after secondary school,491,876831.186,623611.8988,0.7112,253219.2872,0.6398,7.14,false
all_adults,loan,education,Some university,344,842415.4256,587299.9143,0.6972,255115.5113,0.6398,5.7351,false
all_adults,loan,education,University completed,988,1666465.0806,1177197.9172,0.7064,489267.1634,0.6398,6.6593,false
all_adults,loan,sex,Female,11739,14493608.7579,9067918.0284,0.6256,5425690.7295,0.6398,-1.4162,false
all_adults,loan,sex,Male,8011,13648459.8338,8937689.3722,0.6548,4710770.4616,0.6398,1.5039,false
all_adults,mobile_money,age_group,18-25,3997,7869764.6248,6503476.3942,0.8264,1366288.2306,0.8924,-6.6006,false
all_adults,mobile_money,age_group,26-35,5361,8007561.237,7615915.7101,0.9511,391645.5269,0.8924,5.8697,false
all_adults,mobile_money,age_group,36-45,3942,5235668.4683,4935694.7059,0.9427,299973.7624,0.8924,5.0313,false
all_adults,mobile_money,age_group,46-55,2545,3012525.7976,2788355.4328,0.9256,224170.3648,0.8924,3.3194,false
all_adults,mobile_money,age_group,Above 55,3905,4016548.4641,3270348.2717,0.8142,746200.1924,0.8924,-7.8175,false
all_adults,mobile_money,all,All,19750,28142068.5917,25113790.5147,0.8924,3028278.077,0.8924,0.0,false
all_adults,mobile_money,county,Baringo,360,355688.567,243847.9608,0.6856,111840.6062,0.8924,-20.6827,false
all_adults,mobile_money,county,Bomet,499,477064.973,412883.9028,0.8655,64181.0702,0.8924,-2.6926,false
all_adults,mobile_money,county,Bungoma,495,854632.3786,780142.2781,0.9128,74490.1006,0.8924,2.0446,false
all_adults,mobile_money,county,Busia,369,481049.2494,392366.9701,0.8156,88682.2793,0.8924,-7.6745,false
all_adults,mobile_money,county,Elgeyo-Marakwet,411,251049.7116,215230.7173,0.8573,35818.9943,0.8924,-3.507,false
all_adults,mobile_money,county,Embu,467,405564.1153,391709.9462,0.9658,13854.1691,0.8924,7.3447,false
all_adults,mobile_money,county,Garissa,282,427934.5739,383165.5278,0.8954,44769.0461,0.8924,0.299,false
all_adults,mobile_money,county,Homabay,462,594237.141,533415.6445,0.8976,60821.4965,0.8924,0.5255,false
all_adults,mobile_money,county,Isiolo,277,152207.825,142006.2323,0.933,10201.5927,0.8924,4.0583,false
all_adults,mobile_money,county,Kajiado,404,722562.6998,652420.1931,0.9029,70142.5068,0.8924,1.0532,false
all_adults,mobile_money,county,Kakamega,539,1006907.1142,892486.2196,0.8864,114420.8946,0.8924,-0.6029,false
all_adults,mobile_money,county,Kericho,433,511505.0319,415830.7833,0.813,95674.2486,0.8924,-7.9438,false
all_adults,mobile_money,county,Kiambu,518,1723743.0858,1621703.9453,0.9408,102039.1404,0.8924,4.8411,false
all_adults,mobile_money,county,Kilifi,504,806712.7777,694461.2426,0.8609,112251.5352,0.8924,-3.154,false
all_adults,mobile_money,county,Kirinyaga,498,427716.5776,409708.661,0.9579,18007.9166,0.8924,6.5504,false
all_adults,mobile_money,county,Kisii,486,703778.4032,636565.9919,0.9045,67212.4113,0.8924,1.2105,false
all_adults,mobile_money,county,Kisumu,489,674363.2225,635566.7881,0.9425,38796.4344,0.8924,5.0076,false
all_adults,mobile_money,county,Kitui,396,645462.4421,543162.4813,0.8415,102299.9608,0.8924,-5.0884,false
all_adults,mobile_money,county,Kwale,359,463991.5198,414567.5445,0.8935,49423.9753,0.8924,0.1088,false
all_adults,mobile_money,county,Laikipia,361,315296.6932,282919.7942,0.8973,32376.899,0.8924,0.492,false
all_adults,mobile_money,county,Lamu,239,93092.0178,83476.2553,0.8967,9615.7625,0.8924,0.4314,false
all_adults,mobile_money,county,Machakos,477,911529.1895,819564.6677,0.8991,91964.5218,0.8924,0.6716,false
all_adults,mobile_money,county,Makueni,440,596725.5193,549977.5743,0.9217,46747.945,0.8924,2.9266,false
all_adults,mobile_money,county,Mandera,348,360658.6492,328065.6663,0.9096,32592.983,0.8924,1.7236,false
all_adults,mobile_money,county,Marsabit,341,229903.1829,195822.1856,0.8518,34080.9973,0.8924,-4.0634,false
all_adults,mobile_money,county,Meru,611,957274.1252,845715.439,0.8835,111558.6862,0.8924,-0.8931,false
all_adults,mobile_money,county,Migori,511,583081.0312,533242.1334,0.9145,49838.8978,0.8924,2.2132,false
all_adults,mobile_money,county,Mombasa,412,836395.571,817042.0297,0.9769,19353.5413,0.8924,8.4468,false
all_adults,mobile_money,county,Murang'a,493,686152.1427,605445.7805,0.8824,80706.3621,0.8924,-1.0015,false
all_adults,mobile_money,county,Nairobi City,613,3127758.3552,3018290.9434,0.965,109467.4119,0.8924,7.2608,false
all_adults,mobile_money,county,Nakuru,542,1322608.9185,1220032.1783,0.9224,102576.7402,0.8924,3.005,false
all_adults,mobile_money,county,Nandi,450,509820.4844,438570.0942,0.8602,71250.3902,0.8924,-3.2149,false
all_adults,mobile_money,county,Narok,385,577188.7596,469314.2314,0.8131,107874.5282,0.8924,-7.929,false
all_adults,mobile_money,county,Nyamira,463,350968.5193,301507.1512,0.8591,49461.3681,0.8924,-3.3321,false
all_adults,mobile_money,county,Nyandarua,406,399887.5015,368064.9968,0.9204,31822.5046,0.8924,2.8028,false
all_adults,mobile_money,county,Nyeri,450,541745.3679,504278.6935,0.9308,37466.6744,0.8924,3.8448,false
all_adults,mobile_money,county,Samburu,299,155103.6455,133512.53,0.8608,21591.1155,0.8924,-3.1598,false
all_adults,mobile_money,county,Siaya,393,548128.5248,491050.0355,0.8959,57078.4893,0.8924,0.3473,false
all_adults,mobile_money,county,Taita-Taveta,374,217575.7223,208819.3288,0.9598,8756.3936,0.8924,6.7362,false
all_adults,mobile_money,county,Tana River,307,162130.6529,137706.8288,0.8494,24423.8241,0.8924,-4.3036,false
all_adults,mobile_money,county,Tharaka-Nithi,405,250143.9039,220764.7332,0.8826,29379.1707,0.8924,-0.9842,false
all_adults,mobile_money,county,Trans Nzoia,149,534486.2565,406380.6097,0.7603,128105.6468,0.8924,-13.2073,false
all_adults,mobile_money,county,Turkana,388,486734.4692,326967.9497,0.6718,159766.5194,0.8924,-22.0635,false
all_adults,mobile_money,county,Uasin Gishu,517,716955.2169,663023.9706,0.9248,53931.2463,0.8924,3.2384,false
all_adults,mobile_money,county,Vihiga,403,332080.8641,274350.9342,0.8262,57729.9299,0.8924,-6.6236,false
all_adults,mobile_money,county,Wajir,376,364640.4097,315898.7806,0.8663,48741.6291,0.8924,-2.6064,false
all_adults,mobile_money,county,West Pokot,349,287831.4883,142741.9684,0.4959,145089.5199,0.8924,-39.6471,false
all_adults,mobile_money,education,95,1,973.5078,973.5078,1.0,0.0,0.8924,10.7607,true
all_adults,mobile_money,education,Completed technical training after secondary school,1421,2367653.4672,2313405.8912,0.9771,54247.576,0.8924,8.4695,false
all_adults,mobile_money,education,Don't know (DO NOT READ OUT),2,4146.2879,4146.2879,1.0,0.0,0.8924,10.7607,true
all_adults,mobile_money,education,None,3021,2745941.3393,2042966.9551,0.744,702974.3842,0.8924,-14.8398,false
all_adults,mobile_money,education,Other (Specify),2,2656.4397,2656.4397,1.0,0.0,0.8924,10.7607,true
all_adults,mobile_money,education,Primary completed,3802,5223129.3508,4735238.0755,0.9066,487891.2753,0.8924,1.4197,false
all_adults,mobile_money,education,Refused to Answer (DO NOT READ OUT),3,1799.2491,863.6901,0.48,935.559,0.8924,-41.2365,true
all_adults,mobile_money,education,Secondary completed,4063,6620476.5149,6243969.8839,0.9431,376506.631,0.8924,5.0737,false
all_adults,mobile_money,education,Some primary,3567,4602544.3325,3882902.0469,0.8436,719642.2856,0.8924,-4.8751,false
all_adults,mobile_money,education,Some secondary,2045,3187036.4105,2578518.0953,0.8091,608518.3152,0.8924,-8.3329,false
all_adults,mobile_money,education,Some technical training after secondary school,491,876831.186,831876.8994,0.9487,44954.2866,0.8924,5.6338,false
all_adults,mobile_money,education,Some university,344,842415.4256,831764.7379,0.9874,10650.6877,0.8924,9.4964,false
all_adults,mobile_money,education,University completed,988,1666465.0806,1644508.0041,0.9868,21957.0765,0.8924,9.4431,false
all_adults,mobile_money,sex,Female,11739,14493608.7579,12867512.7461,0.8878,1626096.0118,0.8924,-0.4587,false
all_adults,mobile_money,sex,Male,8011,13648459.8338,12246277.7686,0.8973,1402182.0652,0.8924,0.4871,false
all_adults,pension,age_group,18-25,3997,7869764.6248,417733.3758,0.0531,7452031.249,0.1179,-6.4808,false
all_adults,pension,age_group,26-35,5361,8007561.237,1337466.5729,0.167,6670094.6641,0.1179,4.9136,false
all_adults,pension,age_group,36-45,3942,5235668.4683,827335.259,0.158,4408333.2093,0.1179,4.013,false
all_adults,pension,age_group,46-55,2545,3012525.7976,462592.1919,0.1536,2549933.6057,0.1179,3.5667,false
all_adults,pension,age_group,Above 55,3905,4016548.4641,272518.2481,0.0678,3744030.216,0.1179,-5.004,false
all_adults,pension,all,All,19750,28142068.5917,3317645.6476,0.1179,24824422.9441,0.1179,0.0,false
all_adults,pension,county,Baringo,360,355688.567,27692.6584,0.0779,327995.9086,0.1179,-4.0033,false
all_adults,pension,county,Bomet,499,477064.973,98167.3167,0.2058,378897.6563,0.1179,8.7884,false
all_adults,pension,county,Bungoma,495,854632.3786,77600.4103,0.0908,777031.9684,0.1179,-2.7089,false
all_adults,pension,county,Busia,369,481049.2494,30674.4452,0.0638,450374.8042,0.1179,-5.4123,false
all_adults,pension,county,Elgeyo-Marakwet,411,251049.7116,39743.1642,0.1583,211306.5475,0.1179,4.0419,false
all_adults,pension,county,Embu,467,405564.1153,50102.4826,0.1235,355461.6327,0.1179,0.5649,false
all_adults,pension,county,Garissa,282,427934.5739,37385.0354,0.0874,390549.5385,0.1179,-3.0528,false
all_adults,pension,county,Homabay,462,594237.141,25924.0711,0.0436,568313.0698,0.1179,-7.4263,false
all_adults,pension,county,Isiolo,277,152207.825,14029.5844,0.0922,138178.2405,0.1179,-2.5715,false
all_adults,pension,county,Kajiado,404,722562.6998,83380.4979,0.1154,639182.202,0.1179,-0.2494,false
all_adults,pension,county,Kakamega,539,1006907.1142,73310.2942,0.0728,933596.82,0.1179,-4.5082,false
all_adults,pension,county,Kericho,433,511505.0319,84437.9012,0.1651,427067.1307,0.1179,4.7188,false
all_adults,pension,county,Kiambu,518,1723743.0858,377250.3559,0.2189,1346492.7298,0.1179,10.0966,false
all_adults,pension,county,Kilifi,504,806712.7777,80476.932,0.0998,726235.8457,0.1179,-1.813,false
all_adults,pension,county,Kirinyaga,498,427716.5776,47030.6525,0.11,380685.9251,0.1179,-0.7932,false
all_adults,pension,county,Kisii,486,703778.4032,57243.9052,0.0813,646534.498,0.1179,-3.6551,false
all_adults,pension,county,Kisumu,489,674363.2225,86441.7394,0.1282,587921.4832,0.1179,1.0294,false
all_adults,pension,county,Kitui,396,645462.4421,34729.2205,0.0538,610733.2216,0.1179,-6.4084,false
all_adults,pension,county,Kwale,359,463991.5198,36121.8623,0.0779,427869.6575,0.1179,-4.0039,false
all_adults,pension,county,Laikipia,361,315296.6932,43538.7933,0.1381,271757.8999,0.1179,2.0199,false
all_adults,pension,county,Lamu,239,93092.0178,3891.0552,0.0418,89200.9625,0.1179,-7.6091,false
all_adults,pension,county,Machakos,477,911529.1895,110854.2134,0.1216,800674.9761,0.1179,0.3724,false
all_adults,pension,county,Makueni,440,596725.5193,41563.5399,0.0697,555161.9794,0.1179,-4.8236,false
all_adults,pension,county,Mandera,348,360658.6492,3167.2795,0.0088,357491.3698,0.1179,-10.9107,false
all_adults,pension,county,Marsabit,341,229903.1829,8793.6937,0.0382,221109.4892,0.1179,-7.964,false
all_adults,pension,county,Meru,611,957274.1252,49991.1402,0.0522,907282.985,0.1179,-6.5667,false
all_adults,pension,county,Migori,511,583081.0312,48150.0802,0.0826,534930.9509,0.1179,-3.531,false
all_adults,pension,county,Mombasa,412,836395.571,95165.8572,0.1138,741229.7137,0.1179,-0.4108,false
all_adults,pension,county,Murang'a,493,686152.1427,46907.5889,0.0684,639244.5537,0.1179,-4.9526,false
all_adults,pension,county,Nairobi City,613,3127758.3552,775554.7043,0.248,2352203.6509,0.1179,13.0069,false
all_adults,pension,county,Nakuru,542,1322608.9185,169456.6024,0.1281,1153152.3161,0.1179,1.0234,false
all_adults,pension,county,Nandi,450,509820.4844,57463.0375,0.1127,452357.4469,0.1179,-0.5177,false
all_adults,pension,county,Narok,385,577188.7596,53251.619,0.0923,523937.1405,0.1179,-2.5629,false
all_adults,pension,county,Nyamira,463,350968.5193,18339.8247,0.0523,332628.6946,0.1179,-6.5634,false
all_adults,pension,county,Nyandarua,406,399887.5015,54352.5431,0.1359,345534.9583,0.1179,1.803,false
all_adults,pension,county,Nyeri,450,541745.3679,48372.6074,0.0893,493372.7605,0.1179,-2.8599,false
all_adults,pension,county,Samburu,299,155103.6455,11965.923,0.0771,143137.7225,0.1179,-4.0741,false
all_adults,pension,county,Siaya,393,548128.5248,37602.9232,0.0686,510525.6016,0.1179,-4.9287,false
all_adults,pension,county,Taita-Taveta,374,217575.7223,26680.4969,0.1226,190895.2254,0.1179,0.4737,false
all_adults,pension,county,Tana River,307,162130.6529,6201.084,0.0382,155929.5689,0.1179,-7.9642,false
all_adults,pension,county,Tharaka-Nithi,405,250143.9039,10184.3322,0.0407,239959.5717,0.1179,-7.7175,false
all_adults,pension,county,Trans Nzoia,149,534486.2565,66823.5874,0.125,467662.6692,0.1179,0.7135,false
all_adults,pension,county,Turkana,388,486734.4692,31638.7812,0.065,455095.6879,0.1179,-5.2887,false
all_adults,pension,county,Uasin Gishu,517,716955.2169,92067.8935,0.1284,624887.3234,0.1179,1.0526,false
all_adults,pension,county,Vihiga,403,332080.8641,26126.5167,0.0787,305954.3474,0.1179,-3.9214,false
all_adults,pension,county,Wajir,376,364640.4097,6713.6933,0.0184,357926.7164,0.1179,-9.9477,false
all_adults,pension,county,West Pokot,349,287831.4883,11083.7066,0.0385,276747.7816,0.1179,-7.9382,false
all_adults,pension,education,95,1,973.5078,0.0,0.0,973.5078,0.1179,-11.7889,true
all_adults,pension,education,Completed technical training after secondary school,1421,2367653.4672,781411.6456,0.33,1586241.8217,0.1179,21.2147,false
all_adults,pension,education,Don't know (DO NOT READ OUT),2,4146.2879,0.0,0.0,4146.2879,0.1179,-11.7889,true
all_adults,pension,education,None,3021,2745941.3393,25642.8672,0.0093,2720298.472,0.1179,-10.8551,false
all_adults,pension,education,Other (Specify),2,2656.4397,0.0,0.0,2656.4397,0.1179,-11.7889,true
all_adults,pension,education,Primary completed,3802,5223129.3508,259904.6734,0.0498,4963224.6774,0.1179,-6.8129,false
all_adults,pension,education,Refused to Answer (DO NOT READ OUT),3,1799.2491,0.0,0.0,1799.2491,0.1179,-11.7889,true
all_adults,pension,education,Secondary completed,4063,6620476.5149,868543.3361,0.1312,5751933.1788,0.1179,1.3301,false
all_adults,pension,education,Some primary,3567,4602544.3325,187886.6169,0.0408,4414657.7155,0.1179,-7.7067,false
all_adults,pension,education,Some secondary,2045,3187036.4105,155419.6694,0.0488,3031616.7411,0.1179,-6.9123,false
all_adults,pension,education,Some technical training after secondary school,491,876831.186,82160.5028,0.0937,794670.6832,0.1179,-2.4188,false
all_adults,pension,education,Some university,344,842415.4256,93172.5583,0.1106,749242.8673,0.1179,-0.7288,false
all_adults,pension,education,University completed,988,1666465.0806,863503.778,0.5182,802961.3026,0.1179,40.0276,false
all_adults,pension,sex,Female,11739,14493608.7579,1115581.5047,0.077,13378027.2532,0.1179,-4.0919,false
all_adults,pension,sex,Male,8011,13648459.8338,2202064.143,0.1613,11446395.6908,0.1179,4.3452,false
all_adults,sacco,age_group,18-25,3997,7869764.6248,269294.1682,0.0342,7600470.4566,0.1168,-8.2624,false
all_adults,sacco,age_group,26-35,5361,8007561.237,1099049.8964,0.1373,6908511.3406,0.1168,2.0409,false
all_adults,sacco,age_group,36-45,3942,5235668.4683,907973.7729,0.1734,4327694.6954,0.1168,5.6578,false
all_adults,sacco,age_group,46-55,2545,3012525.7976,537358.9341,0.1784,2475166.8635,0.1168,6.1532,false
all_adults,sacco,age_group,Above 55,3905,4016548.4641,474515.9558,0.1181,3542032.5083,0.1168,0.1298,false
all_adults,sacco,all,All,19750,28142068.5917,3288192.7273,0.1168,24853875.8644,0.1168,0.0,false
all_adults,sacco,county,Baringo,360,355688.567,69539.4139,0.1955,286149.1531,0.1168,7.8664,false
all_adults,sacco,county,Bomet,499,477064.973,145328.6245,0.3046,331736.3485,0.1168,18.7788,false
all_adults,sacco,county,Bungoma,495,854632.3786,70717.7369,0.0827,783914.6417,0.1168,-3.4096,false
all_adults,sacco,county,Busia,369,481049.2494,23190.066,0.0482,457859.1834,0.1168,-6.8635,false
all_adults,sacco,county,Elgeyo-Marakwet,411,251049.7116,39360.8569,0.1568,211688.8547,0.1168,3.9943,false
all_adults,sacco,county,Embu,467,405564.1153,114696.7895,0.2828,290867.3258,0.1168,16.5965,false
all_adults,sacco,county,Garissa,282,427934.5739,3769.378,0.0088,424165.1959,0.1168,-10.8034,false
all_adults,sacco,county,Homabay,462,594237.141,21394.5656,0.036,572842.5753,0.1168,-8.0839,false
all_adults,sacco,county,Isiolo,277,152207.825,14107.1992,0.0927,138100.6257,0.1168,-2.4159,false
all_adults,sacco,county,Kajiado,404,722562.6998,52597.5464,0.0728,669965.1534,0.1168,-4.405,false
all_adults,sacco,county,Kakamega,539,1006907.1142,32944.5475,0.0327,973962.5667,0.1168,-8.4124,false
all_adults,sacco,county,Kericho,433,511505.0319,133076.0205,0.2602,378429.0114,0.1168,14.3323,false
all_adults,sacco,county,Kiambu,518,1723743.0858,300477.2108,0.1743,1423265.8749,0.1168,5.7474,false
all_adults,sacco,county,Kilifi,504,806712.7777,65555.6771,0.0813,741157.1006,0.1168,-3.558,false
all_adults,sacco,county,Kirinyaga,498,427716.5776,152211.121,0.3559,275505.4566,0.1168,23.9027,false
all_adults,sacco,county,Kisii,486,703778.4032,97081.1793,0.1379,606697.2239,0.1168,2.11,false
all_adults,sacco,county,Kisumu,489,674363.2225,37890.9158,0.0562,636472.3067,0.1168,-6.0655,false
all_adults,sacco,county,Kitui,396,645462.4421,36926.6734,0.0572,608535.7688,0.1168,-5.9633,false
all_adults,sacco,county,Kwale,359,463991.5198,34037.7971,0.0734,429953.7228,0.1168,-4.3484,false
all_adults,sacco,county,Laikipia,361,315296.6932,59073.6664,0.1874,256223.0269,0.1168,7.0516,false
all_adults,sacco,county,Lamu,239,93092.0178,1223.8212,0.0131,91868.1966,0.1168,-10.3696,false
all_adults,sacco,county,Machakos,477,911529.1895,53722.5895,0.0589,857806.6,0.1168,-5.7906,false
all_adults,sacco,county,Makueni,440,596725.5193,33298.6758,0.0558,563426.8435,0.1168,-6.104,false
all_adults,sacco,county,Mandera,348,360658.6492,390.5142,0.0011,360268.135,0.1168,-11.576,false
all_adults,sacco,county,Marsabit,341,229903.1829,10290.5316,0.0448,219612.6513,0.1168,-7.2082,false
all_adults,sacco,county,Meru,611,957274.1252,209826.8708,0.2192,747447.2544,0.1168,10.2349,false
all_adults,sacco,county,Migori,511,583081.0312,17333.5767,0.0297,565747.4544,0.1168,-8.7115,false
all_adults,sacco,county,Mombasa,412,836395.571,66006.6729,0.0789,770388.898,0.1168,-3.7925,false
all_adults,sacco,county,Murang'a,493,686152.1427,117115.0409,0.1707,569037.1017,0.1168,5.3841,false
all_adults,sacco,county,Nairobi City,613,3127758.3552,487728.0214,0.1559,2640030.3339,0.1168,3.9093,false
all_adults,sacco,county,Nakuru,542,1322608.9185,138550.7052,0.1048,1184058.2133,0.1168,-1.2087,false
all_adults,sacco,county,Nandi,450,509820.4844,51685.7008,0.1014,458134.7836,0.1168,-1.5462,false
all_adults,sacco,county,Narok,385,577188.7596,52878.8743,0.0916,524309.8852,0.1168,-2.5228,false
all_adults,sacco,county,Nyamira,463,350968.5193,51845.6675,0.1477,299122.8518,0.1168,3.0879,false
all_adults,sacco,county,Nyandarua,406,399887.5015,70413.5642,0.1761,329473.9372,0.1168,5.9241,false
all_adults,sacco,county,Nyeri,450,541745.3679,124463.2906,0.2297,417282.0773,0.1168,11.2902,false
all_adults,sacco,county,Samburu,299,155103.6455,25879.6415,0.1669,129224.004,0.1168,5.0011,false
all_adults,sacco,county,Siaya,393,548128.5248,24882.6005,0.0454,523245.9243,0.1168,-7.1447,false
all_adults,sacco,county,Taita-Taveta,374,217575.7223,17604.6419,0.0809,199971.0804,0.1168,-3.593,false
all_adults,sacco,county,Tana River,307,162130.6529,3386.8949,0.0209,158743.758,0.1168,-9.5953,false
all_adults,sacco,county,Tharaka-Nithi,405,250143.9039,70128.2071,0.2804,180015.6968,0.1168,16.3509,false
all_adults,sacco,county,Trans Nzoia,149,534486.2565,19397.6943,0.0363,515088.5623,0.1168,-8.055,false
all_adults,sacco,county,Turkana,388,486734.4692,12461.4542,0.0256,474273.015,0.1168,-9.124,false
all_adults,sacco,county,Uasin Gishu,517,716955.2169,84958.6513,0.1185,631996.5656,0.1168,0.1657,false
all_adults,sacco,county,Vihiga,403,332080.8641,22115.7737,0.0666,309965.0904,0.1168,-5.0245,false
all_adults,sacco,county,Wajir,376,364640.4097,4601.3558,0.0126,360039.0539,0.1168,-10.4224,false
all_adults,sacco,county,West Pokot,349,287831.4883,12024.7087,0.0418,275806.7796,0.1168,-7.5066,false
all_adults,sacco,education,95,1,973.5078,0.0,0.0,973.5078,0.1168,-11.6843,true
all_adults,sacco,education,Completed technical training after secondary school,1421,2367653.4672,617480.6107,0.2608,1750172.8565,0.1168,14.3956,false
all_adults,sacco,education,Don't know (DO NOT READ OUT),2,4146.2879,0.0,0.0,4146.2879,0.1168,-11.6843,true
all_adults,sacco,education,None,3021,2745941.3393,54321.4623,0.0198,2691619.877,0.1168,-9.706,false
all_adults,sacco,education,Other (Specify),2,2656.4397,0.0,0.0,2656.4397,0.1168,-11.6843,true
all_adults,sacco,education,Primary completed,3802,5223129.3508,446289.331,0.0854,4776840.0197,0.1168,-3.1398,false
all_adults,sacco,education,Refused to Answer (DO NOT READ OUT),3,1799.2491,0.0,0.0,1799.2491,0.1168,-11.6843,true
all_adults,sacco,education,Secondary completed,4063,6620476.5149,883280.3282,0.1334,5737196.1866,0.1168,1.6574,false
all_adults,sacco,education,Some primary,3567,4602544.3325,322635.9653,0.0701,4279908.3671,0.1168,-4.6743,false
all_adults,sacco,education,Some secondary,2045,3187036.4105,210063.7632,0.0659,2976972.6473,0.1168,-5.0931,false
all_adults,sacco,education,Some technical training after secondary school,491,876831.186,104525.6972,0.1192,772305.4888,0.1168,0.2366,false
all_adults,sacco,education,Some university,344,842415.4256,57980.2722,0.0688,784435.1534,0.1168,-4.8016,false
all_adults,sacco,education,University completed,988,1666465.0806,591615.2971,0.355,1074849.7835,0.1168,23.817,false
all_adults,sacco,sex,Female,11739,14493608.7579,1436873.3354,0.0991,13056735.4225,0.1168,-1.7704,false
all_adults,sacco,sex,Male,8011,13648459.8338,1851319.3919,0.1356,11797140.4419,0.1168,1.88,false
all_adults,savings,age_group,18-25,3997,7869764.6248,4990865.6195,0.6342,2878899.0053,0.681,-4.6822,false
all_adults,savings,age_group,26-35,5361,8007561.237,6077359.3613,0.759,1930201.8756,0.681,7.7948,false
all_adults,savings,age_group,36-45,3942,5235668.4683,3723682.2166,0.7112,1511986.2517,0.681,3.021,false
all_adults,savings,age_group,46-55,2545,3012525.7976,2085429.8065,0.6923,927095.9911,0.681,1.1249,false
all_adults,savings,age_group,Above 55,3905,4016548.4641,2287532.3754,0.5695,1729016.0887,0.681,-11.1477,false
all_adults,savings,all,All,19750,28142068.5917,19164869.3793,0.681,8977199.2125,0.681,0.0,false
all_adults,savings,county,Baringo,360,355688.567,242146.7601,0.6808,113541.8069,0.681,-0.0221,false
all_adults,savings,county,Bomet,499,477064.973,361956.0751,0.7587,115108.8979,0.681,7.771,false
all_adults,savings,county,Bungoma,495,854632.3786,637905.6521,0.7464,216726.7265,0.681,6.5405,false
all_adults,savings,county,Busia,369,481049.2494,345620.6302,0.7185,135428.6192,0.681,3.7468,false
all_adults,savings,county,Elgeyo-Marakwet,411,251049.7116,187667.6034,0.7475,63382.1082,0.681,6.6527,false
all_adults,savings,county,Embu,467,405564.1153,306524.0464,0.7558,99040.0689,0.681,7.4792,false
all_adults,savings,county,Garissa,282,427934.5739,101409.4186,0.237,326525.1552,0.681,-44.403,false
all_adults,savings,county,Homabay,462,594237.141,438730.574,0.7383,155506.567,0.681,5.7305,false
all_adults,savings,county,Isiolo,277,152207.825,123137.0345,0.809,29070.7904,0.681,12.8002,false
all_adults,savings,county,Kajiado,404,722562.6998,615264.6979,0.8515,107298.0019,0.681,17.0499,false
all_adults,savings,county,Kakamega,539,1006907.1142,755890.4994,0.7507,251016.6147,0.681,6.9701,false
all_adults,savings,county,Kericho,433,511505.0319,338619.2893,0.662,172885.7426,0.681,-1.8999,false
all_adults,savings,county,Kiambu,518,1723743.0858,1414710.7519,0.8207,309032.3338,0.681,13.9716,false
all_adults,savings,county,Kilifi,504,806712.7777,465687.5394,0.5773,341025.2383,0.681,-10.3739,false
all_adults,savings,county,Kirinyaga,498,427716.5776,323464.5518,0.7563,104252.0258,0.681,7.5255,false
all_adults,savings,county,Kisii,486,703778.4032,479611.3181,0.6815,224167.0851,0.681,0.0476,false
all_adults,savings,county,Kisumu,489,674363.2225,528570.4454,0.7838,145792.7772,0.681,10.2802,false
all_adults,savings,county,Kitui,396,645462.4421,353568.9782,0.5478,291893.4639,0.681,-13.3228,false
all_adults,savings,county,Kwale,359,463991.5198,304890.9439,0.6571,159100.5759,0.681,-2.39,false
all_adults,savings,county,Laikipia,361,315296.6932,223168.7346,0.7078,92127.9586,0.681,2.6801,false
all_adults,savings,county,Lamu,239,93092.0178,25426.0367,0.2731,67665.9811,0.681,-40.7876,false
all_adults,savings,county,Machakos,477,911529.1895,641529.5549,0.7038,269999.6346,0.681,2.2791,false
all_adults,savings,county,Makueni,440,596725.5193,368735.2209,0.6179,227990.2984,0.681,-6.3073,false
all_adults,savings,county,Mandera,348,360658.6492,123288.0384,0.3418,237370.6108,0.681,-33.9163,false
all_adults,savings,county,Marsabit,341,229903.1829,128640.3536,0.5595,101262.8292,0.681,-12.1463,false
all_adults,savings,county,Meru,611,957274.1252,595578.2948,0.6222,361695.8304,0.681,-5.8844,false
all_adults,savings,county,Migori,511,583081.0312,334340.4425,0.5734,248740.5886,0.681,-10.7601,false
all_adults,savings,county,Mombasa,412,836395.571,458603.6592,0.5483,377791.9118,0.681,-13.2695,false
all_adults,savings,county,Murang'a,493,686152.1427,446951.0361,0.6514,239201.1066,0.681,-2.9617,false
all_adults,savings,county,Nairobi City,613,3127758.3552,2724145.0019,0.871,403613.3533,0.681,18.9953,false
all_adults,savings,county,Nakuru,542,1322608.9185,835117.6324,0.6314,487491.2862,0.681,-4.9587,false
all_adults,savings,county,Nandi,450,509820.4844,389544.399,0.7641,120276.0854,0.681,8.3077,false
all_adults,savings,county,Narok,385,577188.7596,317861.8393,0.5507,259326.9203,0.681,-13.0297,false
all_adults,savings,county,Nyamira,463,350968.5193,181424.3805,0.5169,169544.1388,0.681,-16.4079,false
all_adults,savings,county,Nyandarua,406,399887.5015,296374.9507,0.7411,103512.5508,0.681,6.0142,false
all_adults,savings,county,Nyeri,450,541745.3679,372110.3258,0.6869,169635.0421,0.681,0.5869,false
all_adults,savings,county,Samburu,299,155103.6455,108816.5328,0.7016,46287.1127,0.681,2.0569,false
all_adults,savings,county,Siaya,393,548128.5248,402928.5198,0.7351,145200.0049,0.681,5.4094,false
all_adults,savings,county,Taita-Taveta,374,217575.7223,112008.6625,0.5148,105567.0598,0.681,-16.6201,false
all_adults,savings,county,Tana River,307,162130.6529,41340.4277,0.255,120790.2252,0.681,-42.6022,false
all_adults,savings,county,Tharaka-Nithi,405,250143.9039,180386.2508,0.7211,69757.6531,0.681,4.0126,false
all_adults,savings,county,Trans Nzoia,149,534486.2565,243200.7105,0.455,291285.5461,0.681,-22.5987,false
all_adults,savings,county,Turkana,388,486734.4692,243691.5164,0.5007,243042.9527,0.681,-18.0338,false
all_adults,savings,county,Uasin Gishu,517,716955.2169,544212.0495,0.7591,172743.1674,0.681,7.8056,false
all_adults,savings,county,Vihiga,403,332080.8641,232904.1965,0.7013,99176.6676,0.681,2.0344,false
all_adults,savings,county,Wajir,376,364640.4097,90729.4804,0.2488,273910.9293,0.681,-43.2185,false
all_adults,savings,county,West Pokot,349,287831.4883,176434.3211,0.613,111397.1672,0.681,-6.8026,false
all_adults,savings,education,95,1,973.5078,0.0,0.0,973.5078,0.681,-68.1004,true
all_adults,savings,education,Completed technical training after secondary school,1421,2367653.4672,1953438.257,0.8251,414215.2103,0.681,14.4048,false
all_adults,savings,education,Don't know (DO NOT READ OUT),2,4146.2879,885.4383,0.2135,3260.8496,0.681,-46.7455,true
all_adults,savings,education,None,3021,2745941.3393,1052410.6782,0.3833,1693530.6611,0.681,-29.7744,false
all_adults,savings,education,Other (Specify),2,2656.4397,2656.4397,1.0,0.0,0.681,31.8996,true
all_adults,savings,education,Primary completed,3802,5223129.3508,3529585.0428,0.6758,1693544.308,0.681,-0.5244,false
all_adults,savings,education,Refused to Answer (DO NOT READ OUT),3,1799.2491,448.4494,0.2492,1350.7997,0.681,-43.1762,true
all_adults,savings,education,Secondary completed,4063,6620476.5149,4939213.4375,0.7461,1681263.0773,0.681,6.5047,false
all_adults,savings,education,Some primary,3567,4602544.3325,2815871.3943,0.6118,1786672.9382,0.681,-6.9197,false
all_adults,savings,education,Some secondary,2045,3187036.4105,2042821.8183,0.641,1144214.5922,0.681,-4.0026,false
all_adults,savings,education,Some technical training after secondary school,491,876831.186,649175.7641,0.7404,227655.4219,0.681,5.9361,false
all_adults,savings,education,Some university,344,842415.4256,701742.7881,0.833,140672.6376,0.681,15.2008,false
all_adults,savings,education,University completed,988,1666465.0806,1476619.8717,0.8861,189845.2089,0.681,20.5075,false
all_adults,savings,sex,Female,11739,14493608.7579,9803463.9492,0.6764,4690144.8087,0.681,-0.4605,false
all_adults,savings,sex,Male,8011,13648459.8338,9361405.43,0.6859,4287054.4038,0.681,0.489,false
mobile_money_users,any_access,age_group,18-25,3323,6503476.3942,5714588.3569,0.8787,788888.0373,0.9589,-8.0215,false
mobile_money_users,any_access,age_group,26-35,5034,7615915.7101,7524614.0242,0.988,91301.6859,0.9589,2.9099,false
mobile_money_users,any_access,age_group,36-45,3681,4935694.7059,4892690.899,0.9913,43003.8068,0.9589,3.2374,false
mobile_money_users,any_access,age_group,46-55,2348,2788355.4328,2756745.2106,0.9887,31610.2223,0.9589,2.9751,false
mobile_money_users,any_access,age_group,Above 55,3163,3270348.2717,3193296.2796,0.9764,77051.9921,0.9589,1.7526,false
mobile_money_users,any_access,all,All,17549,25113790.5147,24081934.7702,0.9589,1031855.7445,0.9589,0.0,false
mobile_money_users,any_access,county,Baringo,251,243847.9608,236984.1055,0.9719,6863.8553,0.9589,1.2939,false
mobile_money_users,any_access,county,Bomet,439,412883.9028,397473.4633,0.9627,15410.4395,0.9589,0.3763,false
mobile_money_users,any_access,county,Bungoma,454,780142.2781,718989.7132,0.9216,61152.5649,0.9589,-3.7299,false
mobile_money_users,any_access,county,Busia,310,392366.9701,366082.4086,0.933,26284.5615,0.9589,-2.5903,false
mobile_money_users,any_access,county,Elgeyo-Marakwet,364,215230.7173,210538.6146,0.9782,4692.1028,0.9589,1.9287,false
mobile_money_users,any_access,county,Embu,447,391709.9462,376097.9513,0.9601,15611.9948,0.9589,0.1231,false
mobile_money_users,any_access,county,Garissa,251,383165.5278,380172.3337,0.9922,2993.1941,0.9589,3.3275,false
mobile_money_users,any_access,county,Homabay,413,533415.6445,505698.9317,0.948,27716.7128,0.9589,-1.0874,false
mobile_money_users,any_access,county,Isiolo,257,142006.2323,137666.2513,0.9694,4339.981,0.9589,1.0525,false
mobile_money_users,any_access,county,Kajiado,363,652420.1931,622651.3777,0.9544,29768.8154,0.9589,-0.4541,false
mobile_money_users,any_access,county,Kakamega,478,892486.2196,822931.9737,0.9221,69554.2459,0.9589,-3.6846,false
mobile_money_users,any_access,county,Kericho,361,415830.7833,399668.6432,0.9611,16162.14,0.9589,0.222,false
mobile_money_users,any_access,county,Kiambu,487,1621703.9453,1605826.8947,0.9902,15877.0506,0.9589,3.1297,false
mobile_money_users,any_access,county,Kilifi,431,694461.2426,645691.7205,0.9298,48769.5221,0.9589,-2.9139,false
mobile_money_users,any_access,county,Kirinyaga,473,409708.661,399947.4261,0.9762,9761.2349,0.9589,1.7262,false
mobile_money_users,any_access,county,Kisii,432,636565.9919,622552.6,0.978,14013.3919,0.9589,1.9073,false
mobile_money_users,any_access,county,Kisumu,457,635566.7881,618988.3443,0.9739,16578.4438,0.9589,1.5003,false
mobile_money_users,any_access,county,Kitui,357,543162.4813,522160.434,0.9613,21002.0474,0.9589,0.2421,false
mobile_money_users,any_access,county,Kwale,331,414567.5445,374744.672,0.9039,39822.8726,0.9589,-5.4972,false
mobile_money_users,any_access,county,Laikipia,332,282919.7942,277144.769,0.9796,5775.0252,0.9589,2.0675,false
mobile_money_users,any_access,county,Lamu,214,83476.2553,82619.7307,0.9897,856.5246,0.9589,3.0827,false
mobile_money_users,any_access,county,Machakos,435,819564.6677,799367.0825,0.9754,20197.5852,0.9589,1.6443,false
mobile_money_users,any_access,county,Makueni,412,549977.5743,519286.2947,0.9442,30691.2796,0.9589,-1.4717,false
mobile_money_users,any_access,county,Mandera,327,328065.6663,317242.5935,0.967,10823.0727,0.9589,0.8097,false
mobile_money_users,any_access,county,Marsabit,304,195822.1856,180577.4993,0.9222,15244.6863,0.9589,-3.6762,false
mobile_money_users,any_access,county,Meru,549,845715.439,826020.2927,0.9767,19695.1462,0.9589,1.7799,false
mobile_money_users,any_access,county,Migori,468,533242.1334,461980.7338,0.8664,71261.3996,0.9589,-9.2551,false
mobile_money_users,any_access,county,Mombasa,399,817042.0297,766348.396,0.938,50693.6337,0.9589,-2.0958,false
mobile_money_users,any_access,county,Murang'a,434,605445.7805,581862.8563,0.961,23582.9243,0.9589,0.2136,false
mobile_money_users,any_access,county,Nairobi City,597,3018290.9434,2947298.6216,0.9765,70992.3218,0.9589,1.7567,false
mobile_money_users,any_access,county,Nakuru,501,1220032.1783,1143124.6353,0.937,76907.543,0.9589,-2.195,false
mobile_money_users,any_access,county,Nandi,396,438570.0942,430574.0602,0.9818,7996.034,0.9589,2.2855,false
mobile_money_users,any_access,county,Narok,315,469314.2314,428392.4718,0.9128,40921.7596,0.9589,-4.6108,false
mobile_money_users,any_access,county,Nyamira,415,301507.1512,294044.2468,0.9752,7462.9044,0.9589,1.6335,false
mobile_money_users,any_access,county,Nyandarua,383,368064.9968,363187.3351,0.9867,4877.6617,0.9589,2.7835,false
mobile_money_users,any_access,county,Nyeri,427,504278.6935,486435.0294,0.9646,17843.6641,0.9589,0.5703,false
mobile_money_users,any_access,county,Samburu,251,133512.53,123523.4526,0.9252,9989.0774,0.9589,-3.373,false
mobile_money_users,any_access,county,Siaya,346,491050.0355,459729.0093,0.9362,31321.0262,0.9589,-2.2697,false
mobile_money_users,any_access,county,Taita-Taveta,360,208819.3288,200738.6099,0.9613,8080.7188,0.9589,0.239,false
mobile_money_users,any_access,county,Tana River,255,137706.8288,128307.9768,0.9317,9398.852,0.9589,-2.7165,false
mobile_money_users,any_access,county,Tharaka-Nithi,353,220764.7332,217287.8458,0.9843,3476.8874,0.9589,2.5338,false
mobile_money_users,any_access,county,Trans Nzoia,121,406380.6097,406380.6097,1.0,0.0,0.9589,4.1087,false
mobile_money_users,any_access,county,Turkana,264,326967.9497,321005.0349,0.9818,5962.9149,0.9589,2.285,false
mobile_money_users,any_access,county,Uasin Gishu,478,663023.9706,644349.7349,0.9718,18674.2357,0.9589,1.2922,false
mobile_money_users,any_access,county,Vihiga,345,274350.9342,261839.295,0.9544,12511.6392,0.9589,-0.4517,false
mobile_money_users,any_access,county,Wajir,329,315898.7806,313853.4459,0.9935,2045.3347,0.9589,3.4613,false
mobile_money_users,any_access,county,West Pokot,183,142741.9684,134545.2476,0.9426,8196.7208,0.9589,-1.6336,false
mobile_money_users,any_access,education,95,1,973.5078,0.0,0.0,973.5078,0.9589,-95.8913,true
mobile_money_users,any_access,education,Completed technical training after secondary school,1398,2313405.8912,2307621.0181,0.9975,5784.873,0.9589,3.8587,false
mobile_money_users,any_access,education,Don't know (DO NOT READ OUT),2,4146.2879,4146.2879,1.0,0.0,0.9589,4.1087,true
mobile_money_users,any_access,education,None,2288,2042966.9551,1964850.8292,0.9618,78116.1259,0.9589,0.2851,false
mobile_money_users,any_access,education,Other (Specify),2,2656.4397,2656.4397,1.0,0.0,0.9589,4.1087,true
mobile_money_users,any_access,education,Primary completed,3490,4735238.0755,4500653.5427,0.9505,234584.5328,0.9589,-0.8453,false
mobile_money_users,any_access,education,Refused to Answer (DO NOT READ OUT),2,863.6901,863.6901,1.0,0.0,0.9589,4.1087,true
mobile_money_users,any_access,education,Secondary completed,3837,6243969.8839,5989062.3191,0.9592,254907.5648,0.9589,0.0263,false
mobile_money_users,any_access,education,Some primary,3019,3882902.0469,3730748.8596,0.9608,152153.1873,0.9589,0.1902,false
mobile_money_users,any_access,education,Some secondary,1719,2578518.0953,2309303.7008,0.8956,269214.3945,0.9589,-6.3319,false
mobile_money_users,any_access,education,Some technical training after secondary school,471,831876.8994,804086.0817,0.9666,27790.8177,0.9589,0.768,false
mobile_money_users,any_access,education,Some university,339,831764.7379,823433.9972,0.99,8330.7407,0.9589,3.1071,false
mobile_money_users,any_access,education,University completed,981,1644508.0041,1644508.0041,1.0,0.0,0.9589,4.1087,false
mobile_money_users,any_access,sex,Female,10385,12867512.7461,12299386.2488,0.9558,568126.4973,0.9589,-0.3065,false
mobile_money_users,any_access,sex,Male,7164,12246277.7686,11782548.5215,0.9621,463729.2471,0.9589,0.322,false
mobile_money_users,bank,age_group,18-25,3323,6503476.3942,3323598.478,0.511,3179877.9162,0.5757,-6.4611,false
mobile_money_users,bank,age_group,26-35,5034,7615915.7101,5050362.9181,0.6631,2565552.792,0.5757,8.7473,false
mobile_money_users,bank,age_group,36-45,3681,4935694.7059,2958755.9287,0.5995,1976938.7771,0.5757,2.3801,false
mobile_money_users,bank,age_group,46-55,2348,2788355.4328,1571467.4395,0.5636,1216887.9933,0.5757,-1.2078,false
mobile_money_users,bank,age_group,Above 55,3163,3270348.2717,1552825.2024,0.4748,1717523.0693,0.5757,-10.0841,false
mobile_money_users,bank,all,All,17549,25113790.5147,14457009.9668,0.5757,10656780.5479,0.5757,0.0,false
mobile_money_users,bank,county,Baringo,251,243847.9608,125757.32,0.5157,118090.6408,0.5757,-5.994,false
mobile_money_users,bank,county,Bomet,439,412883.9028,236081.6045,0.5718,176802.2984,0.5757,-0.3873,false
mobile_money_users,bank,county,Bungoma,454,780142.2781,401299.3523,0.5144,378842.9258,0.5757,-6.1268,false
mobile_money_users,bank,county,Busia,310,392366.9701,208194.8839,0.5306,184172.0861,0.5757,-4.5048,false
mobile_money_users,bank,county,Elgeyo-Marakwet,364,215230.7173,130090.6536,0.6044,85140.0637,0.5757,2.8764,false
mobile_money_users,bank,county,Embu,447,391709.9462,224402.878,0.5729,167307.0682,0.5757,-0.278,false
mobile_money_users,bank,county,Garissa,251,383165.5278,118276.1434,0.3087,264889.3843,0.5757,-26.6979,false
mobile_money_users,bank,county,Homabay,413,533415.6445,249972.5436,0.4686,283443.1009,0.5757,-10.7034,false
mobile_money_users,bank,county,Isiolo,257,142006.2323,70235.0017,0.4946,71771.2306,0.5757,-8.1069,false
mobile_money_users,bank,county,Kajiado,363,652420.1931,446016.6174,0.6836,206403.5757,0.5757,10.7974,false
mobile_money_users,bank,county,Kakamega,478,892486.2196,490856.8556,0.55,401629.364,0.5757,-2.5672,false
mobile_money_users,bank,county,Kericho,361,415830.7833,229835.4308,0.5527,185995.3525,0.5757,-2.2946,false
mobile_money_users,bank,county,Kiambu,487,1621703.9453,1203930.6715,0.7424,417773.2738,0.5757,16.6726,false
mobile_money_users,bank,county,Kilifi,431,694461.2426,295193.3953,0.4251,399267.8472,0.5757,-15.0592,false
mobile_money_users,bank,county,Kirinyaga,473,409708.661,232600.3518,0.5677,177108.3092,0.5757,-0.7939,false
mobile_money_users,bank,county,Kisii,432,636565.9919,339697.397,0.5336,296868.5948,0.5757,-4.202,false
mobile_money_users,bank,county,Kisumu,457,635566.7881,373180.8428,0.5872,262385.9453,0.5757,1.1502,false
mobile_money_users,bank,county,Kitui,357,543162.4813,270515.7566,0.498,272646.7247,0.5757,-7.7622,false
mobile_money_users,bank,county,Kwale,331,414567.5445,169262.2086,0.4083,245305.3359,0.5757,-16.7374,false
mobile_money_users,bank,county,Laikipia,332,282919.7942,160886.63,0.5687,122033.1643,0.5757,-0.6995,false
mobile_money_users,bank,county,Lamu,214,83476.2553,30475.0684,0.3651,53001.1869,0.5757,-21.0586,false
mobile_money_users,bank,county,Machakos,435,819564.6677,532159.5648,0.6493,287405.1028,0.5757,7.366,false
mobile_money_users,bank,county,Makueni,412,549977.5743,289734.0257,0.5268,260243.5486,0.5757,-4.885,false
mobile_money_users,bank,county,Mandera,327,328065.6663,86858.5924,0.2648,241207.0739,0.5757,-31.09,false
mobile_money_users,bank,county,Marsabit,304,195822.1856,48893.8845,0.2497,146928.3011,0.5757,-32.5975,false
mobile_money_users,bank,county,Meru,549,845715.439,483851.094,0.5721,361864.345,0.5757,-0.354,false
mobile_money_users,bank,county,Migori,468,533242.1334,217287.1209,0.4075,315955.0125,0.5757,-16.8177,false
mobile_money_users,bank,county,Mombasa,399,817042.0297,488473.2338,0.5979,328568.7959,0.5757,2.2195,false
mobile_money_users,bank,county,Murang'a,434,605445.7805,321492.6798,0.531,283953.1007,0.5757,-4.4659,false
mobile_money_users,bank,county,Nairobi City,597,3018290.9434,2310268.2458,0.7654,708022.6976,0.5757,18.9762,false
mobile_money_users,bank,county,Nakuru,501,1220032.1783,759924.0312,0.6229,460108.1471,0.5757,4.7212,false
mobile_money_users,bank,county,Nandi,396,438570.0942,299594.8707,0.6831,138975.2234,0.5757,10.7457,false
mobile_money_users,bank,county,Narok,315,469314.2314,221663.0559,0.4723,247651.1755,0.5757,-10.3348,false
mobile_money_users,bank,county,Nyamira,415,301507.1512,144687.4187,0.4799,156819.7325,0.5757,-9.578,false
mobile_money_users,bank,county,Nyandarua,383,368064.9968,202100.2568,0.5491,165964.74,0.5757,-2.6572,false
mobile_money_users,bank,county,Nyeri,427,504278.6935,323607.5955,0.6417,180671.098,0.5757,6.6064,false
mobile_money_users,bank,county,Samburu,251,133512.53,60762.1023,0.4551,72750.4277,0.5757,-12.0556,false
mobile_money_users,bank,county,Siaya,346,491050.0355,245124.7078,0.4992,245925.3277,0.5757,-7.6475,false
mobile_money_users,bank,county,Taita-Taveta,360,208819.3288,119818.9448,0.5738,89000.384,0.5757,-0.1868,false
mobile_money_users,bank,county,Tana River,255,137706.8288,45040.8324,0.3271,92665.9964,0.5757,-24.8583,false
mobile_money_users,bank,county,Tharaka-Nithi,353,220764.7332,106035.0119,0.4803,114729.7214,0.5757,-9.5352,false
mobile_money_users,bank,county,Trans Nzoia,121,406380.6097,264425.8986,0.6507,141954.7112,0.5757,7.5025,false
mobile_money_users,bank,county,Turkana,264,326967.9497,122281.7588,0.374,204686.1909,0.5757,-20.1673,false
mobile_money_users,bank,county,Uasin Gishu,478,663023.9706,477264.7753,0.7198,185759.1953,0.5757,14.417,false
mobile_money_users,bank,county,Vihiga,345,274350.9342,154529.0624,0.5633,119821.8718,0.5757,-1.2407,false
mobile_money_users,bank,county,Wajir,329,315898.7806,76837.5496,0.2432,239061.231,0.5757,-33.2425,false
mobile_money_users,bank,county,West Pokot,183,142741.9684,47532.0457,0.333,95209.9227,0.5757,-24.2667,false
mobile_money_users,bank,education,95,1,973.5078,0.0,0.0,973.5078,0.5757,-57.566,true
mobile_money_users,bank,education,Completed technical training after secondary school,1398,2313405.8912,1967534.0949,0.8505,345871.7963,0.5757,27.4832,false
mobile_money_users,bank,education,Don't know (DO NOT READ OUT),2,4146.2879,885.4383,0.2135,3260.8496,0.5757,-36.2111,true
mobile_money_users,bank,education,None,2288,2042966.9551,380697.6189,0.1863,1662269.3361,0.5757,-38.9315,false
mobile_money_users,bank,education,Other (Specify),2,2656.4397,2656.4397,1.0,0.0,0.5757,42.434,true
mobile_money_users,bank,education,Primary completed,3490,4735238.0755,2368689.1888,0.5002,2366548.8867,0.5757,-7.5434,false
mobile_money_users,bank,education,Refused to Answer (DO NOT READ OUT),2,863.6901,448.4494,0.5192,415.2407,0.5757,-5.6435,true
mobile_money_users,bank,education,Secondary completed,3837,6243969.8839,4070006.553,0.6518,2173963.3309,0.5757,7.617,false
mobile_money_users,bank,education,Some primary,3019,3882902.0469,1588566.329,0.4091,2294335.7179,0.5757,-16.6542,false
mobile_money_users,bank,education,Some secondary,1719,2578518.0953,1261015.4658,0.489,1317502.6295,0.5757,-8.6614,false
mobile_money_users,bank,education,Some technical training after secondary school,471,831876.8994,591518.7712,0.7111,240358.1282,0.5757,13.5405,false
mobile_money_users,bank,education,Some university,339,831764.7379,684457.7667,0.8229,147306.9712,0.5757,24.7238,false
mobile_money_users,bank,education,University completed,981,1644508.0041,1540533.8511,0.9368,103974.1529,0.5757,36.1115,false
mobile_money_users,bank,sex,Female,10385,12867512.7461,6560568.6849,0.5099,6306944.0611,0.5757,-6.5805,false
mobile_money_users,bank,sex,Male,7164,12246277.7686,7896441.2818,0.6448,4349836.4868,0.5757,6.9143,false
mobile_money_users,digital_apps,age_group,18-25,3323,6503476.3942,100569.2005,0.0155,6402907.1937,0.0265,-1.104,false
mobile_money_users,digital_apps,age_group,26-35,5034,7615915.7101,319369.2574,0.0419,7296546.4527,0.0265,1.543,false
mobile_money_users,digital_apps,age_group,36-45,3681,4935694.7059,174581.7725,0.0354,4761112.9333,0.0265,0.8867,false
mobile_money_users,digital_apps,age_group,46-55,2348,2788355.4328,47472.6878,0.017,2740882.745,0.0265,-0.9479,false
mobile_money_users,digital_apps,age_group,Above 55,3163,3270348.2717,23623.6612,0.0072,3246724.6105,0.0265,-1.928,false
mobile_money_users,digital_apps,all,All,17549,25113790.5147,665616.5795,0.0265,24448173.9352,0.0265,0.0,false
mobile_money_users,digital_apps,county,Baringo,251,243847.9608,5282.9437,0.0217,238565.0171,0.0265,-0.4839,false
mobile_money_users,digital_apps,county,Bomet,439,412883.9028,7291.988,0.0177,405591.9148,0.0265,-0.8843,false
mobile_money_users,digital_apps,county,Bungoma,454,780142.2781,12177.3456,0.0156,767964.9325,0.0265,-1.0895,false
mobile_money_users,digital_apps,county,Busia,310,392366.9701,7288.7109,0.0186,385078.2592,0.0265,-0.7928,false
mobile_money_users,digital_apps,county,Elgeyo-Marakwet,364,215230.7173,7616.5424,0.0354,207614.175,0.0265,0.8884,false
mobile_money_users,digital_apps,county,Embu,447,391709.9462,7481.1488,0.0191,384228.7974,0.0265,-0.7405,false
mobile_money_users,digital_apps,county,Garissa,251,383165.5278,309.6114,0.0008,382855.9164,0.0265,-2.5696,false
mobile_money_users,digital_apps,county,Homabay,413,533415.6445,6429.1658,0.0121,526986.4786,0.0265,-1.4451,false
mobile_money_users,digital_apps,county,Isiolo,257,142006.2323,865.9494,0.0061,141140.2829,0.0265,-2.0406,false
mobile_money_users,digital_apps,county,Kajiado,363,652420.1931,34866.2812,0.0534,617553.9118,0.0265,2.6937,false
mobile_money_users,digital_apps,county,Kakamega,478,892486.2196,16957.2014,0.019,875529.0182,0.0265,-0.7504,false
mobile_money_users,digital_apps,county,Kericho,361,415830.7833,12190.9966,0.0293,403639.7866,0.0265,0.2813,false
mobile_money_users,digital_apps,county,Kiambu,487,1621703.9453,117909.6234,0.0727,1503794.3219,0.0265,4.6203,false
mobile_money_users,digital_apps,county,Kilifi,431,694461.2426,11314.3156,0.0163,683146.9269,0.0265,-1.0212,false
mobile_money_users,digital_apps,county,Kirinyaga,473,409708.661,6712.3843,0.0164,402996.2767,0.0265,-1.0121,false
mobile_money_users,digital_apps,county,Kisii,432,636565.9919,3645.1069,0.0057,632920.8849,0.0265,-2.0778,false
mobile_money_users,digital_apps,county,Kisumu,457,635566.7881,15184.151,0.0239,620382.6371,0.0265,-0.2613,false
mobile_money_users,digital_apps,county,Kitui,357,543162.4813,6721.436,0.0124,536441.0453,0.0265,-1.4129,false
mobile_money_users,digital_apps,county,Kwale,331,414567.5445,7340.573,0.0177,407226.9715,0.0265,-0.8797,false
mobile_money_users,digital_apps,county,Laikipia,332,282919.7942,2207.2885,0.0078,280712.5057,0.0265,-1.8702,false
mobile_money_users,digital_apps,county,Lamu,214,83476.2553,0.0,0.0,83476.2553,0.0265,-2.6504,false
mobile_money_users,digital_apps,county,Machakos,435,819564.6677,11232.7481,0.0137,808331.9196,0.0265,-1.2798,false
mobile_money_users,digital_apps,county,Makueni,412,549977.5743,2164.5381,0.0039,547813.0362,0.0265,-2.2568,false
mobile_money_users,digital_apps,county,Mandera,327,328065.6663,0.0,0.0,328065.6663,0.0265,-2.6504,false
mobile_money_users,digital_apps,county,Marsabit,304,195822.1856,0.0,0.0,195822.1856,0.0265,-2.6504,false
mobile_money_users,digital_apps,county,Meru,549,845715.439,15679.8696,0.0185,830035.5694,0.0265,-0.7964,false
mobile_money_users,digital_apps,county,Migori,468,533242.1334,11733.8053,0.022,521508.3281,0.0265,-0.4499,false
mobile_money_users,digital_apps,county,Mombasa,399,817042.0297,54641.9338,0.0669,762400.0958,0.0265,4.0374,false
mobile_money_users,digital_apps,county,Murang'a,434,605445.7805,9256.1241,0.0153,596189.6565,0.0265,-1.1216,false
mobile_money_users,digital_apps,county,Nairobi City,597,3018290.9434,101887.2865,0.0338,2916403.6569,0.0265,0.7253,false
mobile_money_users,digital_apps,county,Nakuru,501,1220032.1783,29490.9949,0.0242,1190541.1834,0.0265,-0.2332,false
mobile_money_users,digital_apps,county,Nandi,396,438570.0942,11884.5357,0.0271,426685.5585,0.0265,0.0594,false
mobile_money_users,digital_apps,county,Narok,315,469314.2314,16234.321,0.0346,453079.9105,0.0265,0.8088,false
mobile_money_users,digital_apps,county,Nyamira,415,301507.1512,2498.7577,0.0083,299008.3935,0.0265,-1.8216,false
mobile_money_users,digital_apps,county,Nyandarua,383,368064.9968,4722.5205,0.0128,363342.4763,0.0265,-1.3673,false
mobile_money_users,digital_apps,county,Nyeri,427,504278.6935,16448.209,0.0326,487830.4844,0.0265,0.6113,false
mobile_money_users,digital_apps,county,Samburu,251,133512.53,82.2409,0.0006,133430.2891,0.0265,-2.5888,false
mobile_money_users,digital_apps,county,Siaya,346,491050.0355,2151.6614,0.0044,488898.3741,0.0265,-2.2122,false
mobile_money_users,digital_apps,county,Taita-Taveta,360,208819.3288,961.2016,0.0046,207858.1271,0.0265,-2.1901,false
mobile_money_users,digital_apps,county,Tana River,255,137706.8288,0.0,0.0,137706.8288,0.0265,-2.6504,false
mobile_money_users,digital_apps,county,Tharaka-Nithi,353,220764.7332,5882.7599,0.0266,214881.9733,0.0265,0.0143,false
mobile_money_users,digital_apps,county,Trans Nzoia,121,406380.6097,8332.0791,0.0205,398048.5306,0.0265,-0.6001,false
mobile_money_users,digital_apps,county,Turkana,264,326967.9497,2845.579,0.0087,324122.3708,0.0265,-1.7801,false
mobile_money_users,digital_apps,county,Uasin Gishu,478,663023.9706,51386.2793,0.0775,611637.6913,0.0265,5.0999,false
mobile_money_users,digital_apps,county,Vihiga,345,274350.9342,9853.378,0.0359,264497.5562,0.0265,0.9411,false
mobile_money_users,digital_apps,county,Wajir,329,315898.7806,4981.1125,0.0158,310917.6681,0.0265,-1.0736,false
mobile_money_users,digital_apps,county,West Pokot,183,142741.9684,1471.8794,0.0103,141270.089,0.0265,-1.6193,false
mobile_money_users,digital_apps,education,95,1,973.5078,0.0,0.0,973.5078,0.0265,-2.6504,true
mobile_money_users,digital_apps,education,Completed technical training after secondary school,1398,2313405.8912,187753.5829,0.0812,2125652.3083,0.0265,5.4655,false
mobile_money_users,digital_apps,education,Don't know (DO NOT READ OUT),2,4146.2879,0.0,0.0,4146.2879,0.0265,-2.6504,true
mobile_money_users,digital_apps,education,None,2288,2042966.9551,320.1253,0.0002,2042646.8297,0.0265,-2.6347,false
mobile_money_users,digital_apps,education,Other (Specify),2,2656.4397,0.0,0.0,2656.4397,0.0265,-2.6504,true
mobile_money_users,digital_apps,education,Primary completed,3490,4735238.0755,72435.2773,0.0153,4662802.7982,0.0265,-1.1207,false
mobile_money_users,digital_apps,education,Refused to Answer (DO NOT READ OUT),2,863.6901,0.0,0.0,863.6901,0.0265,-2.6504,true
mobile_money_users,digital_apps,education,Secondary completed,3837,6243969.8839,176166.177,0.0282,6067803.7069,0.0265,0.171,false
mobile_money_users,digital_apps,education,Some primary,3019,3882902.0469,38423.1504,0.0099,3844478.8965,0.0265,-1.6609,false
mobile_money_users,digital_apps,education,Some secondary,1719,2578518.0953,41004.0596,0.0159,2537514.0357,0.0265,-1.0602,false
mobile_money_users,digital_apps,education,Some technical training after secondary school,471,831876.8994,27615.2151,0.0332,804261.6843,0.0265,0.6692,false
mobile_money_users,digital_apps,education,Some university,339,831764.7379,44568.1147,0.0536,787196.6232,0.0265,2.7079,false
mobile_money_users,digital_apps,education,University completed,981,1644508.0041,77330.8771,0.047,1567177.127,0.0265,2.052,false
mobile_money_users,digital_apps,sex,Female,10385,12867512.7461,304059.2365,0.0236,12563453.5096,0.0265,-0.2874,false
mobile_money_users,digital_apps,sex,Male,7164,12246277.7686,361557.343,0.0295,11884720.4256,0.0265,0.302,false
mobile_money_users,digital_credit,age_group,18-25,3323,6503476.3942,1957225.7772,0.301,4546250.6169,0.3276,-2.6697,false
mobile_money_users,digital_credit,age_group,26-35,5034,7615915.7101,3196667.4523,0.4197,4419248.2578,0.3276,9.2088,false
mobile_money_users,digital_credit,age_group,36-45,3681,4935694.7059,1820478.0795,0.3688,3115216.6263,0.3276,4.1192,false
mobile_money_users,digital_credit,age_group,46-55,2348,2788355.4328,791392.7012,0.2838,1996962.7317,0.3276,-4.3827,false
mobile_money_users,digital_credit,age_group,Above 55,3163,3270348.2717,462701.1531,0.1415,2807647.1186,0.3276,-18.6164,false
mobile_money_users,digital_credit,all,All,17549,25113790.5147,8228465.1634,0.3276,16885325.3513,0.3276,0.0,false
mobile_money_users,digital_credit,county,Baringo,251,243847.9608,96264.2995,0.3948,147583.6613,0.3276,6.7125,false
mobile_money_users,digital_credit,county,Bomet,439,412883.9028,61787.101,0.1496,351096.8019,0.3276,-17.8,false
mobile_money_users,digital_credit,county,Bungoma,454,780142.2781,221214.909,0.2836,558927.3691,0.3276,-4.409,false
mobile_money_users,digital_credit,county,Busia,310,392366.9701,104382.6575,0.266,287984.3126,0.3276,-6.1614,false
mobile_money_users,digital_credit,county,Elgeyo-Marakwet,364,215230.7173,107212.1745,0.4981,108018.5428,0.3276,17.0479,false
mobile_money_users,digital_credit,county,Embu,447,391709.9462,112245.9741,0.2866,279463.9721,0.3276,-4.1093,false
mobile_money_users,digital_credit,county,Garissa,251,383165.5278,39113.7026,0.1021,344051.8251,0.3276,-22.5567,false
mobile_money_users,digital_credit,county,Homabay,413,533415.6445,166447.7337,0.312,366967.9107,0.3276,-1.5606,false
mobile_money_users,digital_credit,county,Isiolo,257,142006.2323,32516.2954,0.229,109489.9369,0.3276,-9.8669,false
mobile_money_users,digital_credit,county,Kajiado,363,652420.1931,288894.2163,0.4428,363525.9767,0.3276,11.5157,false
mobile_money_users,digital_credit,county,Kakamega,478,892486.2196,360541.5213,0.404,531944.6982,0.3276,7.6327,false
mobile_money_users,digital_credit,county,Kericho,361,415830.7833,155112.3676,0.373,260718.4157,0.3276,4.5371,false
mobile_money_users,digital_credit,county,Kiambu,487,1621703.9453,776914.861,0.4791,844789.0844,0.3276,15.1426,false
mobile_money_users,digital_credit,county,Kilifi,431,694461.2426,146753.8748,0.2113,547707.3678,0.3276,-11.6327,false
mobile_money_users,digital_credit,county,Kirinyaga,473,409708.661,110761.619,0.2703,298947.042,0.3276,-5.7305,false
mobile_money_users,digital_credit,county,Kisii,432,636565.9919,245828.139,0.3862,390737.8529,0.3276,5.8531,false
mobile_money_users,digital_credit,county,Kisumu,457,635566.7881,160809.1771,0.253,474757.611,0.3276,-7.463,false
mobile_money_users,digital_credit,county,Kitui,357,543162.4813,106323.9252,0.1957,436838.5562,0.3276,-13.1898,false
mobile_money_users,digital_credit,county,Kwale,331,414567.5445,129028.713,0.3112,285538.8316,0.3276,-1.641,false
mobile_money_users,digital_credit,county,Laikipia,332,282919.7942,48510.9212,0.1715,234408.873,0.3276,-15.6182,false
mobile_money_users,digital_credit,county,Lamu,214,83476.2553,13343.1062,0.1598,70133.1491,0.3276,-16.7804,false
mobile_money_users,digital_credit,county,Machakos,435,819564.6677,319340.2528,0.3896,500224.4149,0.3276,6.1999,false
mobile_money_users,digital_credit,county,Makueni,412,549977.5743,106700.1906,0.194,443277.3837,0.3276,-13.3639,false
mobile_money_users,digital_credit,county,Mandera,327,328065.6663,39110.613,0.1192,288955.0533,0.3276,-20.8431,false
mobile_money_users,digital_credit,county,Marsabit,304,195822.1856,6720.4789,0.0343,189101.7067,0.3276,-29.3328,false
mobile_money_users,digital_credit,county,Meru,549,845715.439,237551.3543,0.2809,608164.0847,0.3276,-4.6759,false
mobile_money_users,digital_credit,county,Migori,468,533242.1334,205755.8632,0.3859,327486.2702,0.3276,5.8211,false
mobile_money_users,digital_credit,county,Mombasa,399,817042.0297,343345.3198,0.4202,473696.7099,0.3276,9.2582,false
mobile_money_users,digital_credit,county,Murang'a,434,605445.7805,189929.095,0.3137,415516.6856,0.3276,-1.3946,false
mobile_money_users,digital_credit,county,Nairobi City,597,3018290.9434,1160394.9918,0.3845,1857895.9515,0.3276,5.6807,false
mobile_money_users,digital_credit,county,Nakuru,501,1220032.1783,397160.5117,0.3255,822871.6667,0.3276,-0.2114,false
mobile_money_users,digital_credit,county,Nandi,396,438570.0942,224432.002,0.5117,214138.0922,0.3276,18.4088,false
mobile_money_users,digital_credit,county,Narok,315,469314.2314,134293.621,0.2861,335020.6104,0.3276,-4.1499,false
mobile_money_users,digital_credit,county,Nyamira,415,301507.1512,29217.4867,0.0969,272289.6646,0.3276,-23.0742,false
mobile_money_users,digital_credit,county,Nyandarua,383,368064.9968,61450.4658,0.167,306614.531,0.3276,-16.0692,false
mobile_money_users,digital_credit,county,Nyeri,427,504278.6935,146143.4279,0.2898,358135.2656,0.3276,-3.784,false
mobile_money_users,digital_credit,county,Samburu,251,133512.53,24255.9019,0.1817,109256.6281,0.3276,-14.5972,false
mobile_money_users,digital_credit,county,Siaya,346,491050.0355,128244.4816,0.2612,362805.5539,0.3276,-6.6484,false
mobile_money_users,digital_credit,county,Taita-Taveta,360,208819.3288,35705.754,0.171,173113.5748,0.3276,-15.6659,false
mobile_money_users,digital_credit,county,Tana River,255,137706.8288,20663.3029,0.1501,117043.526,0.3276,-17.7594,false
mobile_money_users,digital_credit,county,Tharaka-Nithi,353,220764.7332,76650.0771,0.3472,144114.6562,0.3276,1.9555,false
mobile_money_users,digital_credit,county,Trans Nzoia,121,406380.6097,206484.1679,0.5081,199896.4418,0.3276,18.0458,false
mobile_money_users,digital_credit,county,Turkana,264,326967.9497,118595.3286,0.3627,208372.6211,0.3276,3.5065,false
mobile_money_users,digital_credit,county,Uasin Gishu,478,663023.9706,312638.2069,0.4715,350385.7637,0.3276,14.3887,false
mobile_money_users,digital_credit,county,Vihiga,345,274350.9342,118123.3133,0.4306,156227.6209,0.3276,10.2908,false
mobile_money_users,digital_credit,county,Wajir,329,315898.7806,41804.3194,0.1323,274094.4612,0.3276,-19.5313,false
mobile_money_users,digital_credit,county,West Pokot,183,142741.9684,59747.3468,0.4186,82994.6216,0.3276,9.0922,false
mobile_money_users,digital_credit,education,95,1,973.5078,0.0,0.0,973.5078,0.3276,-32.7647,true
mobile_money_users,digital_credit,education,Completed technical training after secondary school,1398,2313405.8912,1005686.0175,0.4347,1307719.8737,0.3276,10.7074,false
mobile_money_users,digital_credit,education,Don't know (DO NOT READ OUT),2,4146.2879,0.0,0.0,4146.2879,0.3276,-32.7647,true
mobile_money_users,digital_credit,education,None,2288,2042966.9551,209165.708,0.1024,1833801.247,0.3276,-22.5264,false
mobile_money_users,digital_credit,education,Other (Specify),2,2656.4397,1561.0399,0.5876,1095.3998,0.3276,25.9996,true
mobile_money_users,digital_credit,education,Primary completed,3490,4735238.0755,1684870.509,0.3558,3050367.5665,0.3276,2.8168,false
mobile_money_users,digital_credit,education,Refused to Answer (DO NOT READ OUT),2,863.6901,448.4494,0.5192,415.2407,0.3276,19.1578,true
mobile_money_users,digital_credit,education,Secondary completed,3837,6243969.8839,2323454.1567,0.3721,3920515.7272,0.3276,4.4464,false
mobile_money_users,digital_credit,education,Some primary,3019,3882902.0469,957138.8037,0.2465,2925763.2432,0.3276,-8.1146,false
mobile_money_users,digital_credit,education,Some secondary,1719,2578518.0953,838218.6558,0.3251,1740299.4394,0.3276,-0.257,false
mobile_money_users,digital_credit,education,Some technical training after secondary school,471,831876.8994,356095.3545,0.4281,475781.5449,0.3276,10.0415,false
mobile_money_users,digital_credit,education,Some university,339,831764.7379,360915.1263,0.4339,470849.6116,0.3276,10.6268,false
mobile_money_users,digital_credit,education,University completed,981,1644508.0041,490911.3425,0.2985,1153596.6616,0.3276,-2.9132,false
mobile_money_users,digital_credit,sex,Female,10385,12867512.7461,3825003.9794,0.2973,9042508.7667,0.3276,-3.0387,false
mobile_money_users,digital_credit,sex,Male,7164,12246277.7686,4403461.184,0.3596,7842816.5846,0.3276,3.1928,false
mobile_money_users,formal_access,age_group,18-25,3323,6503476.3942,5352185.0853,0.823,1151291.3089,0.9303,-10.7336,false
mobile_money_users,formal_access,age_group,26-35,5034,7615915.7101,7372937.927,0.9681,242977.7831,0.9303,3.7787,false
mobile_money_users,formal_access,age_group,36-45,3681,4935694.7059,4808507.5435,0.9742,127187.1624,0.9303,4.3922,false
mobile_money_users,formal_access,age_group,46-55,2348,2788355.4328,2713276.881,0.9731,75078.5519,0.9303,4.2765,false
mobile_money_users,formal_access,age_group,Above 55,3163,3270348.2717,3116683.3785,0.953,153664.8932,0.9303,2.2703,false
mobile_money_users,formal_access,all,All,17549,25113790.5147,23363590.8152,0.9303,1750199.6994,0.9303,0.0,false
mobile_money_users,formal_access,county,Baringo,251,243847.9608,228216.9369,0.9359,15631.0239,0.9303,0.5589,false
mobile_money_users,formal_access,county,Bomet,439,412883.9028,386091.4371,0.9351,26792.4657,0.9303,0.48,false
mobile_money_users,formal_access,county,Bungoma,454,780142.2781,657631.9906,0.843,122510.2875,0.9303,-8.7345,false
mobile_money_users,formal_access,county,Busia,310,392366.9701,354979.67,0.9047,37387.3,0.9303,-2.5596,false
mobile_money_users,formal_access,county,Elgeyo-Marakwet,364,215230.7173,207798.6257,0.9655,7432.0916,0.9303,3.516,false
mobile_money_users,formal_access,county,Embu,447,391709.9462,363707.4809,0.9285,28002.4653,0.9303,-0.1797,false
mobile_money_users,formal_access,county,Garissa,251,383165.5278,372450.4948,0.972,10715.033,0.9303,4.1726,false
mobile_money_users,formal_access,county,Homabay,413,533415.6445,487342.7078,0.9136,46072.9367,0.9303,-1.6683,false
mobile_money_users,formal_access,county,Isiolo,257,142006.2323,136481.2081,0.9611,5525.0242,0.9303,3.0784,false
mobile_money_users,formal_access,county,Kajiado,363,652420.1931,608730.8089,0.933,43689.3842,0.9303,0.2726,false
mobile_money_users,formal_access,county,Kakamega,478,892486.2196,772340.8679,0.8654,120145.3517,0.9303,-6.4928,false
mobile_money_users,formal_access,county,Kericho,361,415830.7833,389811.2707,0.9374,26019.5126,0.9303,0.7118,false
mobile_money_users,formal_access,county,Kiambu,487,1621703.9453,1578661.2773,0.9735,43042.668,0.9303,4.3149,false
mobile_money_users,formal_access,county,Kilifi,431,694461.2426,620269.4262,0.8932,74191.8164,0.9303,-3.7143,false
mobile_money_users,formal_access,county,Kirinyaga,473,409708.661,388288.5665,0.9477,21420.0945,0.9303,1.7409,false
mobile_money_users,formal_access,county,Kisii,432,636565.9919,605853.1194,0.9518,30712.8725,0.9303,2.1443,false
mobile_money_users,formal_access,county,Kisumu,457,635566.7881,607140.8153,0.9553,28425.9728,0.9303,2.4965,false
mobile_money_users,formal_access,county,Kitui,357,543162.4813,506673.9289,0.9328,36488.5524,0.9303,0.2513,false
mobile_money_users,formal_access,county,Kwale,331,414567.5445,363506.8151,0.8768,51060.7295,0.9303,-5.3475,false
mobile_money_users,formal_access,county,Laikipia,332,282919.7942,270515.6582,0.9562,12404.136,0.9303,2.5847,false
mobile_money_users,formal_access,county,Lamu,214,83476.2553,82619.7307,0.9897,856.5246,0.9303,5.943,false
mobile_money_users,formal_access,county,Machakos,435,819564.6677,784206.5706,0.9569,35358.097,0.9303,2.6548,false
mobile_money_users,formal_access,county,Makueni,412,549977.5743,484174.9932,0.8804,65802.5811,0.9303,-4.9955,false
mobile_money_users,formal_access,county,Mandera,327,328065.6663,315624.9934,0.9621,12440.6729,0.9303,3.1769,false
mobile_money_users,formal_access,county,Marsabit,304,195822.1856,180203.1266,0.9202,15619.059,0.9303,-1.0071,false
mobile_money_users,formal_access,county,Meru,549,845715.439,777858.5877,0.9198,67856.8513,0.9303,-1.0545,false
mobile_money_users,formal_access,county,Migori,468,533242.1334,424282.7008,0.7957,108959.4326,0.9303,-13.4643,false
mobile_money_users,formal_access,county,Mombasa,399,817042.0297,724313.0294,0.8865,92729.0003,0.9303,-4.3803,false
mobile_money_users,formal_access,county,Murang'a,434,605445.7805,566394.8309,0.9355,39050.9496,0.9303,0.5191,false
mobile_money_users,formal_access,county,Nairobi City,597,3018290.9434,2909006.4189,0.9638,109284.5244,0.9303,3.3483,false
mobile_money_users,formal_access,county,Nakuru,501,1220032.1783,1108417.3991,0.9085,111614.7792,0.9303,-2.1794,false
mobile_money_users,formal_access,county,Nandi,396,438570.0942,427251.1017,0.9742,11318.9925,0.9303,4.3882,false
mobile_money_users,formal_access,county,Narok,315,469314.2314,409475.6755,0.8725,59838.5559,0.9303,-5.7811,false
mobile_money_users,formal_access,county,Nyamira,415,301507.1512,292501.3313,0.9701,9005.8199,0.9303,3.9821,false
mobile_money_users,formal_access,county,Nyandarua,383,368064.9968,344706.9345,0.9365,23358.0623,0.9303,0.6229,false
mobile_money_users,formal_access,county,Nyeri,427,504278.6935,484175.4244,0.9601,20103.2691,0.9303,2.9825,false
mobile_money_users,formal_access,county,Samburu,251,133512.53,121431.281,0.9095,12081.249,0.9303,-2.0797,false
mobile_money_users,formal_access,county,Siaya,346,491050.0355,436784.3657,0.8895,54265.6698,0.9303,-4.0819,false
mobile_money_users,formal_access,county,Taita-Taveta,360,208819.3288,195884.3005,0.9381,12935.0283,0.9303,0.7747,false
mobile_money_users,formal_access,county,Tana River,255,137706.8288,125029.8564,0.9079,12676.9724,0.9303,-2.2367,false
mobile_money_users,formal_access,county,Tharaka-Nithi,353,220764.7332,207168.3667,0.9384,13596.3665,0.9303,0.8103,false
mobile_money_users,formal_access,county,Trans Nzoia,121,406380.6097,406380.6097,1.0,0.0,0.9303,6.9691,false
mobile_money_users,formal_access,county,Turkana,264,326967.9497,320032.3323,0.9788,6935.6174,0.9303,4.8479,false
mobile_money_users,formal_access,county,Uasin Gishu,478,663023.9706,639042.9057,0.9638,23981.0649,0.9303,3.3522,false
mobile_money_users,formal_access,county,Vihiga,345,274350.9342,254380.8336,0.9272,19970.1006,0.9303,-0.31,false
mobile_money_users,formal_access,county,Wajir,329,315898.7806,309523.481,0.9798,6375.2996,0.9303,4.9509,false
mobile_money_users,formal_access,county,West Pokot,183,142741.9684,126226.5277,0.8843,16515.4407,0.9303,-4.6011,false
mobile_money_users,formal_access,education,95,1,973.5078,0.0,0.0,973.5078,0.9303,-93.0309,true
mobile_money_users,formal_access,education,Completed technical training after secondary school,1398,2313405.8912,2297251.6586,0.993,16154.2325,0.9303,6.2708,false
mobile_money_users,formal_access,education,Don't know (DO NOT READ OUT),2,4146.2879,4146.2879,1.0,0.0,0.9303,6.9691,true
mobile_money_users,formal_access,education,None,2288,2042966.9551,1914276.0969,0.937,128690.8582,0.9303,0.6699,false
mobile_money_users,formal_access,education,Other (Specify),2,2656.4397,2656.4397,1.0,0.0,0.9303,6.9691,true
mobile_money_users,formal_access,education,Primary completed,3490,4735238.0755,4342230.2144,0.917,393007.861,0.9303,-1.3306,false
mobile_money_users,formal_access,education,Refused to Answer (DO NOT READ OUT),2,863.6901,863.6901,1.0,0.0,0.9303,6.9691,true
mobile_money_users,formal_access,education,Secondary completed,3837,6243969.8839,5863034.6058,0.939,380935.2781,0.9303,0.8682,false
mobile_money_users,formal_access,education,Some primary,3019,3882902.0469,3511160.8803,0.9043,371741.1666,0.9303,-2.6047,false
mobile_money_users,formal_access,education,Some secondary,1719,2578518.0953,2172409.8532,0.8425,406108.2421,0.9303,-8.7806,false
mobile_money_users,formal_access,education,Some technical training after secondary school,471,831876.8994,789616.8182,0.9492,42260.0812,0.9303,1.889,false
mobile_money_users,formal_access,education,Some university,339,831764.7379,821436.266,0.9876,10328.4719,0.9303,5.7273,false
mobile_money_users,formal_access,education,University completed,981,1644508.0041,1644508.0041,1.0,0.0,0.9303,6.9691,false
mobile_money_users,formal_access,sex,Female,10385,12867512.7461,11879735.8282,0.9232,987776.9179,0.9303,-0.7074,false
mobile_money_users,formal_access,sex,Male,7164,12246277.7686,11483854.987,0.9377,762422.7816,0.9303,0.7433,false
mobile_money_users,insurance,age_group,18-25,3323,6503476.3942,827832.405,0.1273,5675643.9892,0.2417,-11.4433,false
mobile_money_users,insurance,age_group,26-35,5034,7615915.7101,2167249.0379,0.2846,5448666.6722,0.2417,4.2844,false
mobile_money_users,insurance,age_group,36-45,3681,4935694.7059,1409816.176,0.2856,3525878.5299,0.2417,4.3913,false
mobile_money_users,insurance,age_group,46-55,2348,2788355.4328,793626.9986,0.2846,1994728.4342,0.2417,4.2898,false
mobile_money_users,insurance,age_group,Above 55,3163,3270348.2717,872085.6961,0.2667,2398262.5756,0.2417,2.494,false
mobile_money_users,insurance,all,All,17549,25113790.5147,6070610.3135,0.2417,19043180.2011,0.2417,0.0,false
mobile_money_users,insurance,county,Baringo,251,243847.9608,39124.0052,0.1604,204723.9556,0.2417,-8.128,false
mobile_money_users,insurance,county,Bomet,439,412883.9028,161970.4072,0.3923,250913.4957,0.2417,15.0566,false
mobile_money_users,insurance,county,Bungoma,454,780142.2781,138227.7765,0.1772,641914.5016,0.2417,-6.4541,false
mobile_money_users,insurance,county,Busia,310,392366.9701,61756.6855,0.1574,330610.2845,0.2417,-8.4329,false
mobile_money_users,insurance,county,Elgeyo-Marakwet,364,215230.7173,56185.1751,0.261,159045.5422,0.2417,1.9322,false
mobile_money_users,insurance,county,Embu,447,391709.9462,130249.8831,0.3325,261460.0631,0.2417,9.0792,false
mobile_money_users,insurance,county,Garissa,251,383165.5278,39589.1832,0.1033,343576.3445,0.2417,-13.8403,false
mobile_money_users,insurance,county,Homabay,413,533415.6445,96387.8602,0.1807,437027.7843,0.2417,-6.1025,false
mobile_money_users,insurance,county,Isiolo,257,142006.2323,35532.4787,0.2502,106473.7536,0.2417,0.8494,false
mobile_money_users,insurance,county,Kajiado,363,652420.1931,200932.0455,0.308,451488.1475,0.2417,6.6255,false
mobile_money_users,insurance,county,Kakamega,478,892486.2196,134344.5338,0.1505,758141.6858,0.2417,-9.1196,false
mobile_money_users,insurance,county,Kericho,361,415830.7833,141146.7029,0.3394,274684.0804,0.2417,9.7709,false
mobile_money_users,insurance,county,Kiambu,487,1621703.9453,625631.6013,0.3858,996072.344,0.2417,14.4062,false
mobile_money_users,insurance,county,Kilifi,431,694461.2426,117429.6728,0.1691,577031.5697,0.2417,-7.263,false
mobile_money_users,insurance,county,Kirinyaga,473,409708.661,121969.1982,0.2977,287739.4628,0.2417,5.5973,false
mobile_money_users,insurance,county,Kisii,432,636565.9919,169360.2487,0.2661,467205.7432,0.2417,2.4329,false
mobile_money_users,insurance,county,Kisumu,457,635566.7881,169560.4788,0.2668,466006.3093,0.2417,2.5062,false
mobile_money_users,insurance,county,Kitui,357,543162.4813,55798.7967,0.1027,487363.6846,0.2417,-13.8995,false
mobile_money_users,insurance,county,Kwale,331,414567.5445,63992.4773,0.1544,350575.0672,0.2417,-8.7365,false
mobile_money_users,insurance,county,Laikipia,332,282919.7942,82412.9095,0.2913,200506.8847,0.2417,4.957,false
mobile_money_users,insurance,county,Lamu,214,83476.2553,7288.8479,0.0873,76187.4073,0.2417,-15.4408,false
mobile_money_users,insurance,county,Machakos,435,819564.6677,213116.6223,0.26,606448.0454,0.2417,1.8312,false
mobile_money_users,insurance,county,Makueni,412,549977.5743,63432.5582,0.1153,486545.0162,0.2417,-12.6388,false
mobile_money_users,insurance,county,Mandera,327,328065.6663,48696.1076,0.1484,279369.5587,0.2417,-9.329,false
mobile_money_users,insurance,county,Marsabit,304,195822.1856,19434.9542,0.0992,176387.2314,0.2417,-14.2476,false
mobile_money_users,insurance,county,Meru,549,845715.439,191715.4532,0.2267,653999.9858,0.2417,-1.5034,false
mobile_money_users,insurance,county,Migori,468,533242.1334,88167.3722,0.1653,445074.7612,0.2417,-7.6382,false
mobile_money_users,insurance,county,Mombasa,399,817042.0297,144376.7569,0.1767,672665.2728,0.2417,-6.5018,false
mobile_money_users,insurance,county,Murang'a,434,605445.7805,157269.0396,0.2598,448176.7409,0.2417,1.8033,false
mobile_money_users,insurance,county,Nairobi City,597,3018290.9434,1124721.1134,0.3726,1893569.83,0.2417,13.0911,false
mobile_money_users,insurance,county,Nakuru,501,1220032.1783,269097.7178,0.2206,950934.4605,0.2417,-2.1158,false
mobile_money_users,insurance,county,Nandi,396,438570.0942,88599.1381,0.202,349970.956,0.2417,-3.9706,false
mobile_money_users,insurance,county,Narok,315,469314.2314,90667.6431,0.1932,378646.5883,0.2417,-4.8532,false
mobile_money_users,insurance,county,Nyamira,415,301507.1512,64744.7648,0.2147,236762.3865,0.2417,-2.6987,false
mobile_money_users,insurance,county,Nyandarua,383,368064.9968,107866.6116,0.2931,260198.3852,0.2417,5.134,false
mobile_money_users,insurance,county,Nyeri,427,504278.6935,151666.6579,0.3008,352612.0356,0.2417,5.9035,false
mobile_money_users,insurance,county,Samburu,251,133512.53,21505.521,0.1611,112007.009,0.2417,-8.0649,false
mobile_money_users,insurance,county,Siaya,346,491050.0355,69543.108,0.1416,421506.9275,0.2417,-10.0103,false
mobile_money_users,insurance,county,Taita-Taveta,360,208819.3288,36772.6318,0.1761,172046.6969,0.2417,-6.5626,false
mobile_money_users,insurance,county,Tana River,255,137706.8288,9460.9063,0.0687,128245.9225,0.2417,-17.3021,false
mobile_money_users,insurance,county,Tharaka-Nithi,353,220764.7332,53385.0328,0.2418,167379.7004,0.2417,0.0094,false
mobile_money_users,insurance,county,Trans Nzoia,121,406380.6097,87764.7738,0.216,318615.8359,0.2417,-2.5757,false
mobile_money_users,insurance,county,Turkana,264,326967.9497,42368.0136,0.1296,284599.9361,0.2417,-11.2146,false
mobile_money_users,insurance,county,Uasin Gishu,478,663023.9706,183173.3664,0.2763,479850.6042,0.2417,3.4545,false
mobile_money_users,insurance,county,Vihiga,345,274350.9342,48127.7253,0.1754,226223.209,0.2417,-6.63,false
mobile_money_users,insurance,county,Wajir,329,315898.7806,25877.4389,0.0819,290021.3417,0.2417,-15.9807,false
mobile_money_users,insurance,county,West Pokot,183,142741.9684,20168.3162,0.1413,122573.6522,0.2417,-10.0432,false
mobile_money_users,insurance,education,95,1,973.5078,0.0,0.0,973.5078,0.2417,-24.1724,true
mobile_money_users,insurance,education,Completed technical training after secondary school,1398,2313405.8912,1110066.7577,0.4798,1203339.1335,0.2417,23.8117,false
mobile_money_users,insurance,education,Don't know (DO NOT READ OUT),2,4146.2879,885.4383,0.2135,3260.8496,0.2417,-2.8175,true
mobile_money_users,insurance,education,None,2288,2042966.9551,136736.7929,0.0669,1906230.1622,0.2417,-17.4794,false
mobile_money_users,insurance,education,Other (Specify),2,2656.4397,0.0,0.0,2656.4397,0.2417,-24.1724,true
mobile_money_users,insurance,education,Primary completed,3490,4735238.0755,751252.6397,0.1587,3983985.4357,0.2417,-8.3073,false
mobile_money_users,insurance,education,Refused to Answer (DO NOT READ OUT),2,863.6901,448.4494,0.5192,415.2407,0.2417,27.7501,true
mobile_money_users,insurance,education,Secondary completed,3837,6243969.8839,1699647.4815,0.2722,4544322.4023,0.2417,3.0482,false
mobile_money_users,insurance,education,Some primary,3019,3882902.0469,498301.4128,0.1283,3384600.6341,0.2417,-11.3392,false
mobile_money_users,insurance,education,Some secondary,1719,2578518.0953,423049.6144,0.1641,2155468.4808,0.2417,-7.7657,false
mobile_money_users,insurance,education,Some technical training after secondary school,471,831876.8994,157512.0781,0.1893,674364.8213,0.2417,-5.2379,false
mobile_money_users,insurance,education,Some university,339,831764.7379,208299.0033,0.2504,623465.7346,0.2417,0.8706,false
mobile_money_users,insurance,education,University completed,981,1644508.0041,1084410.6454,0.6594,560097.3586,0.2417,41.7689,false
mobile_money_users,insurance,sex,Female,10385,12867512.7461,2268924.909,0.1763,10598587.8371,0.2417,-6.5394,false
mobile_money_users,insurance,sex,Male,7164,12246277.7686,3801685.4045,0.3104,8444592.364,0.2417,6.8712,false
mobile_money_users,loan,age_group,18-25,3323,6503476.3942,3694001.9789,0.568,2809474.4153,0.6809,-11.2915,false
mobile_money_users,loan,age_group,26-35,5034,7615915.7101,5809581.3098,0.7628,1806334.4002,0.6809,8.1902,false
mobile_money_users,loan,age_group,36-45,3681,4935694.7059,3780980.1963,0.766,1154714.5095,0.6809,8.5129,false
mobile_money_users,loan,age_group,46-55,2348,2788355.4328,2048985.449,0.7348,739369.9838,0.6809,5.3917,false
mobile_money_users,loan,age_group,Above 55,3163,3270348.2717,1766912.4488,0.5403,1503435.8229,0.6809,-14.0637,false
mobile_money_users,loan,all,All,17549,25113790.5147,17100461.383,0.6809,8013329.1317,0.6809,0.0,false
mobile_money_users,loan,county,Baringo,251,243847.9608,197027.5987,0.808,46820.3621,0.6809,12.7074,false
mobile_money_users,loan,county,Bomet,439,412883.9028,270179.8738,0.6544,142704.0291,0.6809,-2.6547,false
mobile_money_users,loan,county,Bungoma,454,780142.2781,581318.3738,0.7451,198823.9042,0.6809,6.4225,false
mobile_money_users,loan,county,Busia,310,392366.9701,274288.3484,0.6991,118078.6216,0.6809,1.8142,false
mobile_money_users,loan,county,Elgeyo-Marakwet,364,215230.7173,168046.4234,0.7808,47184.2939,0.6809,9.9854,false
mobile_money_users,loan,county,Embu,447,391709.9462,276666.6495,0.7063,115043.2967,0.6809,2.5386,false
mobile_money_users,loan,county,Garissa,251,383165.5278,189218.7709,0.4938,193946.7568,0.6809,-18.7089,false
mobile_money_users,loan,county,Homabay,413,533415.6445,370716.0459,0.695,162699.5985,0.6809,1.4066,false
mobile_money_users,loan,county,Isiolo,257,142006.2323,106497.2926,0.7499,35508.9397,0.6809,6.9029,false
mobile_money_users,loan,county,Kajiado,363,652420.1931,471716.6772,0.723,180703.5159,0.6809,4.2107,false
mobile_money_users,loan,county,Kakamega,478,892486.2196,657328.618,0.7365,235157.6015,0.6809,5.5595,false
mobile_money_users,loan,county,Kericho,361,415830.7833,266701.0955,0.6414,149129.6878,0.6809,-3.955,false
mobile_money_users,loan,county,Kiambu,487,1621703.9453,1282776.0402,0.791,338927.9051,0.6809,11.0086,false
mobile_money_users,loan,county,Kilifi,431,694461.2426,452265.9346,0.6512,242195.308,0.6809,-2.9672,false
mobile_money_users,loan,county,Kirinyaga,473,409708.661,242103.9841,0.5909,167604.677,0.6809,-9.0002,false
mobile_money_users,loan,county,Kisii,432,636565.9919,466580.8686,0.733,169985.1233,0.6809,5.2046,false
mobile_money_users,loan,county,Kisumu,457,635566.7881,400104.4471,0.6295,235462.341,0.6809,-5.1395,false
mobile_money_users,loan,county,Kitui,357,543162.4813,313663.3789,0.5775,229499.1024,0.6809,-10.3443,false
mobile_money_users,loan,county,Kwale,331,414567.5445,244524.3133,0.5898,170043.2312,0.6809,-9.1089,false
mobile_money_users,loan,county,Laikipia,332,282919.7942,184976.9291,0.6538,97942.8652,0.6809,-2.7105,false
mobile_money_users,loan,county,Lamu,214,83476.2553,31001.1865,0.3714,52475.0688,0.6809,-30.9542,false
mobile_money_users,loan,county,Machakos,435,819564.6677,564475.203,0.6888,255089.4647,0.6809,0.7831,false
mobile_money_users,loan,county,Makueni,412,549977.5743,342872.6624,0.6234,207104.9119,0.6809,-5.7489,false
mobile_money_users,loan,county,Mandera,327,328065.6663,176659.1158,0.5385,151406.5505,0.6809,-14.2432,false
mobile_money_users,loan,county,Marsabit,304,195822.1856,95184.397,0.4861,100637.7886,0.6809,-19.4844,false
mobile_money_users,loan,county,Meru,549,845715.439,748088.7049,0.8846,97626.734,0.6809,20.3644,false
mobile_money_users,loan,county,Migori,468,533242.1334,366969.8404,0.6882,166272.2929,0.6809,0.7267,false
mobile_money_users,loan,county,Mombasa,399,817042.0297,515942.2772,0.6315,301099.7525,0.6809,-4.9443,false
mobile_money_users,loan,county,Murang'a,434,605445.7805,457411.883,0.7555,148033.8975,0.6809,7.4577,false
mobile_money_users,loan,county,Nairobi City,597,3018290.9434,1923839.3907,0.6374,1094451.5526,0.6809,-4.3526,false
mobile_money_users,loan,county,Nakuru,501,1220032.1783,770885.0878,0.6319,449147.0905,0.6809,-4.9063,false
mobile_money_users,loan,county,Nandi,396,438570.0942,361905.9698,0.8252,76664.1243,0.6809,14.4276,false
mobile_money_users,loan,county,Narok,315,469314.2314,276781.9845,0.5898,192532.2469,0.6809,-9.1161,false
mobile_money_users,loan,county,Nyamira,415,301507.1512,173329.4487,0.5749,128177.7025,0.6809,-10.6042,false
mobile_money_users,loan,county,Nyandarua,383,368064.9968,268873.7759,0.7305,99191.2209,0.6809,4.9587,false
mobile_money_users,loan,county,Nyeri,427,504278.6935,339029.7816,0.6723,165248.9119,0.6809,-0.8613,false
mobile_money_users,loan,county,Samburu,251,133512.53,87411.1845,0.6547,46101.3455,0.6809,-2.6215,false
mobile_money_users,loan,county,Siaya,346,491050.0355,360759.0507,0.7347,130290.9848,0.6809,5.3749,false
mobile_money_users,loan,county,Taita-Taveta,360,208819.3288,134242.4753,0.6429,74576.8534,0.6809,-3.8055,false
mobile_money_users,loan,county,Tana River,255,137706.8288,61378.7119,0.4457,76328.1169,0.6809,-23.5199,false
mobile_money_users,loan,county,Tharaka-Nithi,353,220764.7332,181838.3247,0.8237,38926.4086,0.6809,14.2756,false
mobile_money_users,loan,county,Trans Nzoia,121,406380.6097,278926.0299,0.6864,127454.5798,0.6809,0.5447,false
mobile_money_users,loan,county,Turkana,264,326967.9497,218457.6937,0.6681,108510.256,0.6809,-1.2787,false
mobile_money_users,loan,county,Uasin Gishu,478,663023.9706,478136.7102,0.7211,184887.2603,0.6809,4.0226,false
mobile_money_users,loan,county,Vihiga,345,274350.9342,218681.6633,0.7971,55669.2709,0.6809,11.6168,false
mobile_money_users,loan,county,Wajir,329,315898.7806,153558.1187,0.4861,162340.6619,0.6809,-19.482,false
mobile_money_users,loan,county,West Pokot,183,142741.9684,97119.047,0.6804,45622.9214,0.6809,-0.0537,false
mobile_money_users,loan,education,95,1,973.5078,0.0,0.0,973.5078,0.6809,-68.0919,true
mobile_money_users,loan,education,Completed technical training after secondary school,1398,2313405.8912,1807045.7456,0.7811,506360.1456,0.6809,10.02,false
mobile_money_users,loan,education,Don't know (DO NOT READ OUT),2,4146.2879,885.4383,0.2135,3260.8496,0.6809,-46.737,true
mobile_money_users,loan,education,None,2288,2042966.9551,1007209.8947,0.493,1035757.0604,0.6809,-18.7906,false
mobile_money_users,loan,education,Other (Specify),2,2656.4397,1561.0399,0.5876,1095.3998,0.6809,-9.3276,true
mobile_money_users,loan,education,Primary completed,3490,4735238.0755,3418303.3619,0.7219,1316934.7135,0.6809,4.0967,false
mobile_money_users,loan,education,Refused to Answer (DO NOT READ OUT),2,863.6901,448.4494,0.5192,415.2407,0.6809,-16.1694,true
mobile_money_users,loan,education,Secondary completed,3837,6243969.8839,4259328.4455,0.6822,1984641.4384,0.6809,0.1232,false
mobile_money_users,loan,education,Some primary,3019,3882902.0469,2560463.4185,0.6594,1322438.6284,0.6809,-2.1499,false
mobile_money_users,loan,education,Some secondary,1719,2578518.0953,1674545.0768,0.6494,903973.0184,0.6809,-3.1498,false
mobile_money_users,loan,education,Some technical training after secondary school,471,831876.8994,615241.0731,0.7396,216635.8263,0.6809,5.8663,false
mobile_money_users,loan,education,Some university,339,831764.7379,586617.4549,0.7053,245147.283,0.6809,2.4349,false
mobile_money_users,loan,education,University completed,981,1644508.0041,1168811.9844,0.7107,475696.0197,0.6809,2.9817,false
mobile_money_users,loan,sex,Female,10385,12867512.7461,8543062.9309,0.6639,4324449.8152,0.6809,-1.6994,false
mobile_money_users,loan,sex,Male,7164,12246277.7686,8557398.452,0.6988,3688879.3165,0.6809,1.7856,false
mobile_money_users,mobile_money,age_group,18-25,3323,6503476.3942,6503476.3942,1.0,0.0,1.0,0.0,false
mobile_money_users,mobile_money,age_group,26-35,5034,7615915.7101,7615915.7101,1.0,0.0,1.0,0.0,false
mobile_money_users,mobile_money,age_group,36-45,3681,4935694.7059,4935694.7059,1.0,0.0,1.0,0.0,false
mobile_money_users,mobile_money,age_group,46-55,2348,2788355.4328,2788355.4328,1.0,0.0,1.0,0.0,false
mobile_money_users,mobile_money,age_group,Above 55,3163,3270348.2717,3270348.2717,1.0,0.0,1.0,0.0,false
mobile_money_users,mobile_money,all,All,17549,25113790.5147,25113790.5147,1.0,0.0,1.0,0.0,false
mobile_money_users,mobile_money,county,Baringo,251,243847.9608,243847.9608,1.0,0.0,1.0,0.0,false
mobile_money_users,mobile_money,county,Bomet,439,412883.9028,412883.9028,1.0,0.0,1.0,0.0,false
mobile_money_users,mobile_money,county,Bungoma,454,780142.2781,780142.2781,1.0,0.0,1.0,0.0,false
mobile_money_users,mobile_money,county,Busia,310,392366.9701,392366.9701,1.0,0.0,1.0,0.0,false
mobile_money_users,mobile_money,county,Elgeyo-Marakwet,364,215230.7173,215230.7173,1.0,0.0,1.0,0.0,false
mobile_money_users,mobile_money,county,Embu,447,391709.9462,391709.9462,1.0,0.0,1.0,0.0,false
mobile_money_users,mobile_money,county,Garissa,251,383165.5278,383165.5278,1.0,0.0,1.0,0.0,false
mobile_money_users,mobile_money,county,Homabay,413,533415.6445,533415.6445,1.0,0.0,1.0,0.0,false
mobile_money_users,mobile_money,county,Isiolo,257,142006.2323,142006.2323,1.0,0.0,1.0,0.0,false
mobile_money_users,mobile_money,county,Kajiado,363,652420.1931,652420.1931,1.0,0.0,1.0,0.0,false
mobile_money_users,mobile_money,county,Kakamega,478,892486.2196,892486.2196,1.0,0.0,1.0,0.0,false
mobile_money_users,mobile_money,county,Kericho,361,415830.7833,415830.7833,1.0,0.0,1.0,0.0,false
mobile_money_users,mobile_money,county,Kiambu,487,1621703.9453,1621703.9453,1.0,0.0,1.0,0.0,false
mobile_money_users,mobile_money,county,Kilifi,431,694461.2426,694461.2426,1.0,0.0,1.0,0.0,false
mobile_money_users,mobile_money,county,Kirinyaga,473,409708.661,409708.661,1.0,0.0,1.0,0.0,false
mobile_money_users,mobile_money,county,Kisii,432,636565.9919,636565.9919,1.0,0.0,1.0,0.0,false
mobile_money_users,mobile_money,county,Kisumu,457,635566.7881,635566.7881,1.0,0.0,1.0,0.0,false
mobile_money_users,mobile_money,county,Kitui,357,543162.4813,543162.4813,1.0,0.0,1.0,0.0,false
mobile_money_users,mobile_money,county,Kwale,331,414567.5445,414567.5445,1.0,0.0,1.0,0.0,false
mobile_money_users,mobile_money,county,Laikipia,332,282919.7942,282919.7942,1.0,0.0,1.0,0.0,false
mobile_money_users,mobile_money,county,Lamu,214,83476.2553,83476.2553,1.0,0.0,1.0,0.0,false
mobile_money_users,mobile_money,county,Machakos,435,819564.6677,819564.6677,1.0,0.0,1.0,0.0,false
mobile_money_users,mobile_money,county,Makueni,412,549977.5743,549977.5743,1.0,0.0,1.0,0.0,false
mobile_money_users,mobile_money,county,Mandera,327,328065.6663,328065.6663,1.0,0.0,1.0,0.0,false
mobile_money_users,mobile_money,county,Marsabit,304,195822.1856,195822.1856,1.0,0.0,1.0,0.0,false
mobile_money_users,mobile_money,county,Meru,549,845715.439,845715.439,1.0,0.0,1.0,0.0,false
mobile_money_users,mobile_money,county,Migori,468,533242.1334,533242.1334,1.0,0.0,1.0,0.0,false
mobile_money_users,mobile_money,county,Mombasa,399,817042.0297,817042.0297,1.0,0.0,1.0,0.0,false
mobile_money_users,mobile_money,county,Murang'a,434,605445.7805,605445.7805,1.0,0.0,1.0,0.0,false
mobile_money_users,mobile_money,county,Nairobi City,597,3018290.9434,3018290.9434,1.0,0.0,1.0,0.0,false
mobile_money_users,mobile_money,county,Nakuru,501,1220032.1783,1220032.1783,1.0,0.0,1.0,0.0,false
mobile_money_users,mobile_money,county,Nandi,396,438570.0942,438570.0942,1.0,0.0,1.0,0.0,false
mobile_money_users,mobile_money,county,Narok,315,469314.2314,469314.2314,1.0,0.0,1.0,0.0,false
mobile_money_users,mobile_money,county,Nyamira,415,301507.1512,301507.1512,1.0,0.0,1.0,0.0,false
mobile_money_users,mobile_money,county,Nyandarua,383,368064.9968,368064.9968,1.0,0.0,1.0,0.0,false
mobile_money_users,mobile_money,county,Nyeri,427,504278.6935,504278.6935,1.0,0.0,1.0,0.0,false
mobile_money_users,mobile_money,county,Samburu,251,133512.53,133512.53,1.0,0.0,1.0,0.0,false
mobile_money_users,mobile_money,county,Siaya,346,491050.0355,491050.0355,1.0,0.0,1.0,0.0,false
mobile_money_users,mobile_money,county,Taita-Taveta,360,208819.3288,208819.3288,1.0,0.0,1.0,0.0,false
mobile_money_users,mobile_money,county,Tana River,255,137706.8288,137706.8288,1.0,0.0,1.0,0.0,false
mobile_money_users,mobile_money,county,Tharaka-Nithi,353,220764.7332,220764.7332,1.0,0.0,1.0,0.0,false
mobile_money_users,mobile_money,county,Trans Nzoia,121,406380.6097,406380.6097,1.0,0.0,1.0,0.0,false
mobile_money_users,mobile_money,county,Turkana,264,326967.9497,326967.9497,1.0,0.0,1.0,0.0,false
mobile_money_users,mobile_money,county,Uasin Gishu,478,663023.9706,663023.9706,1.0,0.0,1.0,0.0,false
mobile_money_users,mobile_money,county,Vihiga,345,274350.9342,274350.9342,1.0,0.0,1.0,0.0,false
mobile_money_users,mobile_money,county,Wajir,329,315898.7806,315898.7806,1.0,0.0,1.0,0.0,false
mobile_money_users,mobile_money,county,West Pokot,183,142741.9684,142741.9684,1.0,0.0,1.0,0.0,false
mobile_money_users,mobile_money,education,95,1,973.5078,973.5078,1.0,0.0,1.0,0.0,true
mobile_money_users,mobile_money,education,Completed technical training after secondary school,1398,2313405.8912,2313405.8912,1.0,0.0,1.0,0.0,false
mobile_money_users,mobile_money,education,Don't know (DO NOT READ OUT),2,4146.2879,4146.2879,1.0,0.0,1.0,0.0,true
mobile_money_users,mobile_money,education,None,2288,2042966.9551,2042966.9551,1.0,0.0,1.0,0.0,false
mobile_money_users,mobile_money,education,Other (Specify),2,2656.4397,2656.4397,1.0,0.0,1.0,0.0,true
mobile_money_users,mobile_money,education,Primary completed,3490,4735238.0755,4735238.0755,1.0,0.0,1.0,0.0,false
mobile_money_users,mobile_money,education,Refused to Answer (DO NOT READ OUT),2,863.6901,863.6901,1.0,0.0,1.0,0.0,true
mobile_money_users,mobile_money,education,Secondary completed,3837,6243969.8839,6243969.8839,1.0,0.0,1.0,0.0,false
mobile_money_users,mobile_money,education,Some primary,3019,3882902.0469,3882902.0469,1.0,0.0,1.0,0.0,false
mobile_money_users,mobile_money,education,Some secondary,1719,2578518.0953,2578518.0953,1.0,0.0,1.0,0.0,false
mobile_money_users,mobile_money,education,Some technical training after secondary school,471,831876.8994,831876.8994,1.0,0.0,1.0,0.0,false
mobile_money_users,mobile_money,education,Some university,339,831764.7379,831764.7379,1.0,0.0,1.0,0.0,false
mobile_money_users,mobile_money,education,University completed,981,1644508.0041,1644508.0041,1.0,0.0,1.0,0.0,false
mobile_money_users,mobile_money,sex,Female,10385,12867512.7461,12867512.7461,1.0,0.0,1.0,0.0,false
mobile_money_users,mobile_money,sex,Male,7164,12246277.7686,12246277.7686,1.0,0.0,1.0,0.0,false
mobile_money_users,pension,age_group,18-25,3323,6503476.3942,417733.3758,0.0642,6085743.0184,0.1302,-6.5924,false
mobile_money_users,pension,age_group,26-35,5034,7615915.7101,1331637.807,0.1748,6284277.9031,0.1302,4.4693,false
mobile_money_users,pension,age_group,36-45,3681,4935694.7059,825768.4768,0.1673,4109926.229,0.1302,3.7149,false
mobile_money_users,pension,age_group,46-55,2348,2788355.4328,445840.6471,0.1599,2342514.7857,0.1302,2.9738,false
mobile_money_users,pension,age_group,Above 55,3163,3270348.2717,247731.0667,0.0758,3022617.205,0.1302,-5.4405,false
mobile_money_users,pension,all,All,17549,25113790.5147,3268711.3734,0.1302,21845079.1413,0.1302,0.0,false
mobile_money_users,pension,county,Baringo,251,243847.9608,23028.0449,0.0944,220819.9159,0.1302,-3.572,false
mobile_money_users,pension,county,Bomet,439,412883.9028,97339.9631,0.2358,315543.9397,0.1302,10.56,false
mobile_money_users,pension,county,Bungoma,454,780142.2781,76474.3254,0.098,703667.9527,0.1302,-3.213,false
mobile_money_users,pension,county,Busia,310,392366.9701,27608.7908,0.0704,364758.1793,0.1302,-5.9791,false
mobile_money_users,pension,county,Elgeyo-Marakwet,364,215230.7173,39004.4491,0.1812,176226.2682,0.1302,5.1066,false
mobile_money_users,pension,county,Embu,447,391709.9462,50102.4826,0.1279,341607.4636,0.1302,-0.2249,false
mobile_money_users,pension,county,Garissa,251,383165.5278,37385.0354,0.0976,345780.4924,0.1302,-3.2587,false
mobile_money_users,pension,county,Homabay,413,533415.6445,25924.0711,0.0486,507491.5733,0.1302,-8.1556,false
mobile_money_users,pension,county,Isiolo,257,142006.2323,14029.5844,0.0988,127976.6479,0.1302,-3.136,false
mobile_money_users,pension,county,Kajiado,363,652420.1931,83380.4979,0.1278,569039.6952,0.1302,-0.2354,false
mobile_money_users,pension,county,Kakamega,478,892486.2196,73310.2942,0.0821,819175.9254,0.1302,-4.8014,false
mobile_money_users,pension,county,Kericho,361,415830.7833,82555.4095,0.1985,333275.3737,0.1302,6.8375,false
mobile_money_users,pension,county,Kiambu,487,1621703.9453,366554.4122,0.226,1255149.5331,0.1302,9.5874,false
mobile_money_users,pension,county,Kilifi,431,694461.2426,80476.932,0.1159,613984.3105,0.1302,-1.4272,false
mobile_money_users,pension,county,Kirinyaga,473,409708.661,45623.664,0.1114,364084.997,0.1302,-1.88,false
mobile_money_users,pension,county,Kisii,432,636565.9919,57243.9052,0.0899,579322.0866,0.1302,-4.023,false
mobile_money_users,pension,county,Kisumu,457,635566.7881,86441.7394,0.136,549125.0487,0.1302,0.5851,false
mobile_money_users,pension,county,Kitui,357,543162.4813,34729.2205,0.0639,508433.2608,0.1302,-6.6217,false
mobile_money_users,pension,county,Kwale,331,414567.5445,33840.0385,0.0816,380727.506,0.1302,-4.8529,false
mobile_money_users,pension,county,Laikipia,332,282919.7942,43538.7933,0.1539,239381.001,0.1302,2.3735,false
mobile_money_users,pension,county,Lamu,214,83476.2553,3891.0552,0.0466,79585.2,0.1302,-8.3543,false
mobile_money_users,pension,county,Machakos,435,819564.6677,110854.2134,0.1353,708710.4543,0.1302,0.5104,false
mobile_money_users,pension,county,Makueni,412,549977.5743,41563.5399,0.0756,508414.0345,0.1302,-5.4583,false
mobile_money_users,pension,county,Mandera,327,328065.6663,3167.2795,0.0097,324898.3868,0.1302,-12.0502,false
mobile_money_users,pension,county,Marsabit,304,195822.1856,8793.6937,0.0449,187028.4919,0.1302,-8.525,false
mobile_money_users,pension,county,Meru,549,845715.439,47352.7164,0.056,798362.7226,0.1302,-7.4165,false
mobile_money_users,pension,county,Migori,468,533242.1334,48150.0802,0.0903,485092.0532,0.1302,-3.9859,false
mobile_money_users,pension,county,Mombasa,399,817042.0297,95165.8572,0.1165,721876.1724,0.1302,-1.368,false
mobile_money_users,pension,county,Murang'a,434,605445.7805,45169.1758,0.0746,560276.6047,0.1302,-5.5551,false
mobile_money_users,pension,county,Nairobi City,597,3018290.9434,762467.7317,0.2526,2255823.2117,0.1302,12.246,false
mobile_money_users,pension,county,Nakuru,501,1220032.1783,169456.6024,0.1389,1050575.5759,0.1302,0.8739,false
mobile_money_users,pension,county,Nandi,396,438570.0942,56284.9876,0.1283,382285.1066,0.1302,-0.1819,false
mobile_money_users,pension,county,Narok,315,469314.2314,52958.6854,0.1128,416355.546,0.1302,-1.7313,false
mobile_money_users,pension,county,Nyamira,415,301507.1512,17520.1889,0.0581,283986.9623,0.1302,-7.2047,false
mobile_money_users,pension,county,Nyandarua,383,368064.9968,54352.5431,0.1477,313712.4537,0.1302,1.7515,false
mobile_money_users,pension,county,Nyeri,427,504278.6935,48372.6074,0.0959,455906.0861,0.1302,-3.4232,false
mobile_money_users,pension,county,Samburu,251,133512.53,11965.923,0.0896,121546.607,0.1302,-4.0532,false
mobile_money_users,pension,county,Siaya,346,491050.0355,37106.6489,0.0756,453943.3866,0.1302,-5.459,false
mobile_money_users,pension,county,Taita-Taveta,360,208819.3288,26680.4969,0.1278,182138.8318,0.1302,-0.2388,false
mobile_money_users,pension,county,Tana River,255,137706.8288,6007.8827,0.0436,131698.9461,0.1302,-8.6528,false
mobile_money_users,pension,county,Tharaka-Nithi,353,220764.7332,10184.3322,0.0461,210580.401,0.1302,-8.4024,false
mobile_money_users,pension,county,Trans Nzoia,121,406380.6097,66823.5874,0.1644,339557.0223,0.1302,3.428,false
mobile_money_users,pension,county,Turkana,264,326967.9497,31638.7812,0.0968,295329.1685,0.1302,-3.3392,false
mobile_money_users,pension,county,Uasin Gishu,478,663023.9706,92067.8935,0.1389,570956.0771,0.1302,0.8705,false
mobile_money_users,pension,county,Vihiga,345,274350.9342,24649.4212,0.0898,249701.5131,0.1302,-4.031,false
mobile_money_users,pension,county,Wajir,329,315898.7806,6713.6933,0.0213,309185.0873,0.1302,-10.8903,false
mobile_money_users,pension,county,West Pokot,183,142741.9684,10760.1017,0.0754,131981.8667,0.1302,-5.4775,false
mobile_money_users,pension,education,95,1,973.5078,0.0,0.0,973.5078,0.1302,-13.0156,true
mobile_money_users,pension,education,Completed technical training after secondary school,1398,2313405.8912,779528.7169,0.337,1533877.1743,0.1302,20.6805,false
mobile_money_users,pension,education,Don't know (DO NOT READ OUT),2,4146.2879,0.0,0.0,4146.2879,0.1302,-13.0156,true
mobile_money_users,pension,education,None,2288,2042966.9551,14693.0447,0.0072,2028273.9103,0.1302,-12.2964,false
mobile_money_users,pension,education,Other (Specify),2,2656.4397,0.0,0.0,2656.4397,0.1302,-13.0156,true
mobile_money_users,pension,education,Primary completed,3490,4735238.0755,253562.5037,0.0535,4481675.5718,0.1302,-7.6608,false
mobile_money_users,pension,education,Refused to Answer (DO NOT READ OUT),2,863.6901,0.0,0.0,863.6901,0.1302,-13.0156,true
mobile_money_users,pension,education,Secondary completed,3837,6243969.8839,860900.9026,0.1379,5383068.9813,0.1302,0.7721,false
mobile_money_users,pension,education,Some primary,3019,3882902.0469,181042.461,0.0466,3701859.5859,0.1302,-8.353,false
mobile_money_users,pension,education,Some secondary,1719,2578518.0953,154923.3951,0.0601,2423594.7002,0.1302,-7.0074,false
mobile_money_users,pension,education,Some technical training after secondary school,471,831876.8994,81967.3015,0.0985,749909.5979,0.1302,-3.1623,false
mobile_money_users,pension,education,Some university,339,831764.7379,93172.5583,0.112,738592.1796,0.1302,-1.8138,false
mobile_money_users,pension,education,University completed,981,1644508.0041,848920.4896,0.5162,795587.5144,0.1302,38.6059,false
mobile_money_users,pension,sex,Female,10385,12867512.7461,1096225.7611,0.0852,11771286.985,0.1302,-4.4963,false
mobile_money_users,pension,sex,Male,7164,12246277.7686,2172485.6123,0.1774,10073792.1563,0.1302,4.7244,false
mobile_money_users,sacco,age_group,18-25,3323,6503476.3942,265921.3354,0.0409,6237555.0588,0.1285,-8.764,false
mobile_money_users,sacco,age_group,26-35,5034,7615915.7101,1089975.3037,0.1431,6525940.4064,0.1285,1.4589,false
mobile_money_users,sacco,age_group,36-45,3681,4935694.7059,901197.4408,0.1826,4034497.265,0.1285,5.4059,false
mobile_money_users,sacco,age_group,46-55,2348,2788355.4328,527313.9,0.1891,2261041.5328,0.1285,6.0584,false
mobile_money_users,sacco,age_group,Above 55,3163,3270348.2717,443446.7542,0.1356,2826901.5175,0.1285,0.7067,false
mobile_money_users,sacco,all,All,17549,25113790.5147,3227854.7341,0.1285,21885935.7805,0.1285,0.0,false
mobile_money_users,sacco,county,Baringo,251,243847.9608,59584.8027,0.2444,184263.1581,0.1285,11.5823,false
mobile_money_users,sacco,county,Bomet,439,412883.9028,142530.6571,0.3452,270353.2457,0.1285,21.6678,false
mobile_money_users,sacco,county,Bungoma,454,780142.2781,70717.7369,0.0906,709424.5411,0.1285,-3.7882,false
mobile_money_users,sacco,county,Busia,310,392366.9701,23190.066,0.0591,369176.9041,0.1285,-6.9426,false
mobile_money_users,sacco,county,Elgeyo-Marakwet,364,215230.7173,38495.2748,0.1789,176735.4425,0.1285,5.0327,false
mobile_money_users,sacco,county,Embu,447,391709.9462,113623.9939,0.2901,278085.9523,0.1285,16.1543,false
mobile_money_users,sacco,county,Garissa,251,383165.5278,3769.378,0.0098,379396.1498,0.1285,-11.8692,false
mobile_money_users,sacco,county,Homabay,413,533415.6445,21394.5656,0.0401,512021.0788,0.1285,-8.8421,false
mobile_money_users,sacco,county,Isiolo,257,142006.2323,14107.1992,0.0993,127899.0331,0.1285,-2.9187,false
mobile_money_users,sacco,county,Kajiado,363,652420.1931,52597.5464,0.0806,599822.6466,0.1285,-4.791,false
mobile_money_users,sacco,county,Kakamega,478,892486.2196,32944.5475,0.0369,859541.6721,0.1285,-9.1616,false
mobile_money_users,sacco,county,Kericho,361,415830.7833,124017.9946,0.2982,291812.7887,0.1285,16.9712,false
mobile_money_users,sacco,county,Kiambu,487,1621703.9453,296095.2132,0.1826,1325608.7321,0.1285,5.4054,false
mobile_money_users,sacco,county,Kilifi,431,694461.2426,65555.6771,0.0944,628905.5655,0.1285,-3.4131,false
mobile_money_users,sacco,county,Kirinyaga,473,409708.661,149172.8134,0.3641,260535.8476,0.1285,23.5566,false
mobile_money_users,sacco,county,Kisii,432,636565.9919,95511.1879,0.15,541054.804,0.1285,2.1512,false
mobile_money_users,sacco,county,Kisumu,457,635566.7881,37890.9158,0.0596,597675.8723,0.1285,-6.8912,false
mobile_money_users,sacco,county,Kitui,357,543162.4813,36926.6734,0.068,506235.808,0.1285,-6.0545,false
mobile_money_users,sacco,county,Kwale,331,414567.5445,34037.7971,0.0821,380529.7475,0.1285,-4.6425,false
mobile_money_users,sacco,county,Laikipia,332,282919.7942,59073.6664,0.2088,223846.1279,0.1285,8.0271,false
mobile_money_users,sacco,county,Lamu,214,83476.2553,1223.8212,0.0147,82252.4341,0.1285,-11.3868,false
mobile_money_users,sacco,county,Machakos,435,819564.6677,53722.5895,0.0656,765842.0782,0.1285,-6.2979,false
mobile_money_users,sacco,county,Makueni,412,549977.5743,33298.6758,0.0605,516678.8985,0.1285,-6.7984,false
mobile_money_users,sacco,county,Mandera,327,328065.6663,390.5142,0.0012,327675.1521,0.1285,-12.7339,false
mobile_money_users,sacco,county,Marsabit,304,195822.1856,10290.5316,0.0526,185531.654,0.1285,-7.5979,false
mobile_money_users,sacco,county,Meru,549,845715.439,200314.2367,0.2369,645401.2022,0.1285,10.8329,false
mobile_money_users,sacco,county,Migori,468,533242.1334,17333.5767,0.0325,515908.5567,0.1285,-9.6023,false
mobile_money_users,sacco,county,Mombasa,399,817042.0297,66006.6729,0.0808,751035.3568,0.1285,-4.7742,false
mobile_money_users,sacco,county,Murang'a,434,605445.7805,114265.1074,0.1887,491180.6731,0.1285,6.02,false
mobile_money_users,sacco,county,Nairobi City,597,3018290.9434,487728.0214,0.1616,2530562.922,0.1285,3.3062,false
mobile_money_users,sacco,county,Nakuru,501,1220032.1783,138550.7052,0.1136,1081481.4731,0.1285,-1.4966,false
mobile_money_users,sacco,county,Nandi,396,438570.0942,48686.5522,0.111,389883.5419,0.1285,-1.7517,false
mobile_money_users,sacco,county,Narok,315,469314.2314,52878.8743,0.1127,416435.3571,0.1285,-1.5857,false
mobile_money_users,sacco,county,Nyamira,415,301507.1512,51090.3717,0.1694,250416.7795,0.1285,4.0921,false
mobile_money_users,sacco,county,Nyandarua,383,368064.9968,68322.9448,0.1856,299742.052,0.1285,5.7098,false
mobile_money_users,sacco,county,Nyeri,427,504278.6935,118683.1352,0.2354,385595.5583,0.1285,10.6823,false
mobile_money_users,sacco,county,Samburu,251,133512.53,25358.8822,0.1899,108153.6478,0.1285,6.1407,false
mobile_money_users,sacco,county,Siaya,346,491050.0355,24386.3261,0.0497,466663.7094,0.1285,-7.8868,false
mobile_money_users,sacco,county,Taita-Taveta,360,208819.3288,17604.6419,0.0843,191214.6868,0.1285,-4.4224,false
mobile_money_users,sacco,county,Tana River,255,137706.8288,3193.6936,0.0232,134513.1352,0.1285,-10.5337,false
mobile_money_users,sacco,county,Tharaka-Nithi,353,220764.7332,69795.0077,0.3162,150969.7255,0.1285,18.7622,false
mobile_money_users,sacco,county,Trans Nzoia,121,406380.6097,19397.6943,0.0477,386982.9154,0.1285,-8.0796,false
mobile_money_users,sacco,county,Turkana,264,326967.9497,12461.4542,0.0381,314506.4956,0.1285,-9.0417,false
mobile_money_users,sacco,county,Uasin Gishu,478,663023.9706,84958.6513,0.1281,578065.3193,0.1285,-0.0391,false
mobile_money_users,sacco,county,Vihiga,345,274350.9342,22115.7737,0.0806,252235.1606,0.1285,-4.7918,false
mobile_money_users,sacco,county,Wajir,329,315898.7806,4601.3558,0.0146,311297.4248,0.1285,-11.3963,false
mobile_money_users,sacco,county,West Pokot,183,142741.9684,9957.2154,0.0698,132784.753,0.1285,-5.8772,false
mobile_money_users,sacco,education,95,1,973.5078,0.0,0.0,973.5078,0.1285,-12.8529,true
mobile_money_users,sacco,education,Completed technical training after secondary school,1398,2313405.8912,615072.7421,0.2659,1698333.1491,0.1285,13.7344,false
mobile_money_users,sacco,education,Don't know (DO NOT READ OUT),2,4146.2879,0.0,0.0,4146.2879,0.1285,-12.8529,true
mobile_money_users,sacco,education,None,2288,2042966.9551,43018.3132,0.0211,1999948.6419,0.1285,-10.7472,false
mobile_money_users,sacco,education,Other (Specify),2,2656.4397,0.0,0.0,2656.4397,0.1285,-12.8529,true
mobile_money_users,sacco,education,Primary completed,3490,4735238.0755,433546.9646,0.0916,4301691.1109,0.1285,-3.6972,false
mobile_money_users,sacco,education,Refused to Answer (DO NOT READ OUT),2,863.6901,0.0,0.0,863.6901,0.1285,-12.8529,true
mobile_money_users,sacco,education,Secondary completed,3837,6243969.8839,876808.2485,0.1404,5367161.6353,0.1285,1.1896,false
mobile_money_users,sacco,education,Some primary,3019,3882902.0469,304334.4203,0.0784,3578567.6266,0.1285,-5.0151,false
mobile_money_users,sacco,education,Some secondary,1719,2578518.0953,204062.0605,0.0791,2374456.0348,0.1285,-4.939,false
mobile_money_users,sacco,education,Some technical training after secondary school,471,831876.8994,102912.7313,0.1237,728964.1681,0.1285,-0.4818,false
mobile_money_users,sacco,education,Some university,339,831764.7379,57980.2722,0.0697,773784.4657,0.1285,-5.8822,false
mobile_money_users,sacco,education,University completed,981,1644508.0041,590118.9815,0.3588,1054389.0226,0.1285,23.0313,false
mobile_money_users,sacco,sex,Female,10385,12867512.7461,1410115.6997,0.1096,11457397.0464,0.1285,-1.8942,false
mobile_money_users,sacco,sex,Male,7164,12246277.7686,1817739.0345,0.1484,10428538.7341,0.1285,1.9903,false
mobile_money_users,savings,age_group,18-25,3323,6503476.3942,4614068.4363,0.7095,1889407.9578,0.7243,-1.4805,false
mobile_money_users,savings,age_group,26-35,5034,7615915.7101,5907357.6744,0.7757,1708558.0357,0.7243,5.1377,false
mobile_money_users,savings,age_group,36-45,3681,4935694.7059,3624687.7273,0.7344,1311006.9785,0.7243,1.01,false
mobile_money_users,savings,age_group,46-55,2348,2788355.4328,1994802.6605,0.7154,793552.7724,0.7243,-0.8877,false
mobile_money_users,savings,age_group,Above 55,3163,3270348.2717,2048553.8631,0.6264,1221794.4086,0.7243,-9.788,false
mobile_money_users,savings,all,All,17549,25113790.5147,18189470.3616,0.7243,6924320.153,0.7243,0.0,false
mobile_money_users,savings,county,Baringo,251,243847.9608,207142.1954,0.8495,36705.7654,0.7243,12.5191,false
mobile_money_users,savings,county,Bomet,439,412883.9028,334399.6638,0.8099,78484.2391,0.7243,8.563,false
mobile_money_users,savings,county,Bungoma,454,780142.2781,590250.6333,0.7566,189891.6448,0.7243,3.2311,false
mobile_money_users,savings,county,Busia,310,392366.9701,311945.3163,0.795,80421.6537,0.7243,7.0752,false
mobile_money_users,savings,county,Elgeyo-Marakwet,364,215230.7173,176999.2516,0.8224,38231.4657,0.7243,9.8088,false
mobile_money_users,savings,county,Embu,447,391709.9462,299793.2047,0.7653,91916.7414,0.7243,4.1063,false
mobile_money_users,savings,county,Garissa,251,383165.5278,100535.4769,0.2624,282630.0508,0.7243,-46.1901,false
mobile_money_users,savings,county,Homabay,413,533415.6445,414039.2404,0.7762,119376.4041,0.7243,5.1922,false
mobile_money_users,savings,county,Isiolo,257,142006.2323,118391.6224,0.8337,23614.6099,0.7243,10.9425,false
mobile_money_users,savings,county,Kajiado,363,652420.1931,574863.475,0.8811,77556.7181,0.7243,15.6842,false
mobile_money_users,savings,county,Kakamega,478,892486.2196,690381.5618,0.7735,202104.6578,0.7243,4.9267,false
mobile_money_users,savings,county,Kericho,361,415830.7833,307893.1401,0.7404,107937.6432,0.7243,1.6147,false
mobile_money_users,savings,county,Kiambu,487,1621703.9453,1367137.0345,0.843,254566.9108,0.7243,11.8743,false
mobile_money_users,savings,county,Kilifi,431,694461.2426,426610.5824,0.6143,267850.6602,0.7243,-10.9978,false
mobile_money_users,savings,county,Kirinyaga,473,409708.661,319719.5914,0.7804,89989.0696,0.7243,5.6076,false
mobile_money_users,savings,county,Kisii,432,636565.9919,458777.6542,0.7207,177788.3376,0.7243,-0.3575,false
mobile_money_users,savings,county,Kisumu,457,635566.7881,504470.1903,0.7937,131096.5978,0.7243,6.9451,false
mobile_money_users,savings,county,Kitui,357,543162.4813,338694.2085,0.6236,204468.2729,0.7243,-10.0723,false
mobile_money_users,savings,county,Kwale,331,414567.5445,284951.3918,0.6873,129616.1528,0.7243,-3.6936,false
mobile_money_users,savings,county,Laikipia,332,282919.7942,202857.8524,0.717,80061.9418,0.7243,-0.7267,false
mobile_money_users,savings,county,Lamu,214,83476.2553,25260.4939,0.3026,58215.7614,0.7243,-42.1675,false
mobile_money_users,savings,county,Machakos,435,819564.6677,616577.8516,0.7523,202986.8161,0.7243,2.8041,false
mobile_money_users,savings,county,Makueni,412,549977.5743,360290.3377,0.6551,189687.2366,0.7243,-6.9182,false
mobile_money_users,savings,county,Mandera,327,328065.6663,116097.1336,0.3539,211968.5327,0.7243,-37.0398,false
mobile_money_users,savings,county,Marsabit,304,195822.1856,121206.4411,0.619,74615.7445,0.7243,-10.532,false
mobile_money_users,savings,county,Meru,549,845715.439,552724.3876,0.6536,292991.0514,0.7243,-7.0724,false
mobile_money_users,savings,county,Migori,468,533242.1334,324664.5294,0.6089,208577.604,0.7243,-11.5432,false
mobile_money_users,savings,county,Mombasa,399,817042.0297,453612.6649,0.5552,363429.3648,0.7243,-16.9093,false
mobile_money_users,savings,county,Murang'a,434,605445.7805,414669.3621,0.6849,190776.4184,0.7243,-3.9383,false
mobile_money_users,savings,county,Nairobi City,597,3018290.9434,2689336.3773,0.891,328954.5661,0.7243,16.6731,false
mobile_money_users,savings,county,Nakuru,501,1220032.1783,819806.8513,0.672,400225.3271,0.7243,-5.2327,false
mobile_money_users,savings,county,Nandi,396,438570.0942,357726.1565,0.8157,80843.9376,0.7243,9.1383,false
mobile_money_users,savings,county,Narok,315,469314.2314,297140.9507,0.6331,172173.2807,0.7243,-9.1144,false
mobile_money_users,savings,county,Nyamira,415,301507.1512,171093.7339,0.5675,130413.4174,0.7243,-15.6821,false
mobile_money_users,savings,county,Nyandarua,383,368064.9968,276788.5363,0.752,91276.4605,0.7243,2.7728,false
mobile_money_users,savings,county,Nyeri,427,504278.6935,358858.1447,0.7116,145420.5488,0.7243,-1.2656,false
mobile_money_users,savings,county,Samburu,251,133512.53,100207.0712,0.7505,33305.4588,0.7243,2.6262,false
mobile_money_users,savings,county,Siaya,346,491050.0355,375656.3839,0.765,115393.6516,0.7243,4.0724,false
mobile_money_users,savings,county,Taita-Taveta,360,208819.3288,110814.108,0.5307,98005.2207,0.7243,-19.3612,false
mobile_money_users,savings,county,Tana River,255,137706.8288,38878.3232,0.2823,98828.5056,0.7243,-44.1955,false
mobile_money_users,savings,county,Tharaka-Nithi,353,220764.7332,167966.1934,0.7608,52798.5399,0.7243,3.6556,false
mobile_money_users,savings,county,Trans Nzoia,121,406380.6097,235038.6924,0.5784,171341.9173,0.7243,-14.5911,false
mobile_money_users,savings,county,Turkana,264,326967.9497,227015.9843,0.6943,99951.9654,0.7243,-2.9976,false
mobile_money_users,savings,county,Uasin Gishu,478,663023.9706,532395.3996,0.803,130628.571,0.7243,7.8698,false
mobile_money_users,savings,county,Vihiga,345,274350.9342,214840.2148,0.7831,59510.7195,0.7243,5.8803,false
mobile_money_users,savings,county,Wajir,329,315898.7806,90729.4804,0.2872,225169.3002,0.7243,-43.7072,false
mobile_money_users,savings,county,West Pokot,183,142741.9684,110221.2709,0.7722,32520.6975,0.7243,4.7889,false
mobile_money_users,savings,education,95,1,973.5078,0.0,0.0,973.5078,0.7243,-72.4282,true
mobile_money_users,savings,education,Completed technical training after secondary school,1398,2313405.8912,1935265.8842,0.8365,378140.007,0.7243,11.2262,false
mobile_money_users,savings,education,Don't know (DO NOT READ OUT),2,4146.2879,885.4383,0.2135,3260.8496,0.7243,-51.0733,true
mobile_money_users,savings,education,None,2288,2042966.9551,869398.4002,0.4256,1173568.5549,0.7243,-29.8725,false
mobile_money_users,savings,education,Other (Specify),2,2656.4397,2656.4397,1.0,0.0,0.7243,27.5718,true
mobile_money_users,savings,education,Primary completed,3490,4735238.0755,3356763.9637,0.7089,1378474.1118,0.7243,-1.5392,false
mobile_money_users,savings,education,Refused to Answer (DO NOT READ OUT),2,863.6901,448.4494,0.5192,415.2407,0.7243,-20.5057,true
mobile_money_users,savings,education,Secondary completed,3837,6243969.8839,4835962.5214,0.7745,1408007.3625,0.7243,5.0219,false
mobile_money_users,savings,education,Some primary,3019,3882902.0469,2549450.2481,0.6566,1333451.7988,0.7243,-6.7698,false
mobile_money_users,savings,education,Some secondary,1719,2578518.0953,1845113.9932,0.7156,733404.1021,0.7243,-0.8711,false
mobile_money_users,savings,education,Some technical training after secondary school,471,831876.8994,630648.8817,0.7581,201228.0177,0.7243,3.3821,false
mobile_money_users,savings,education,Some university,339,831764.7379,701742.7881,0.8437,130021.9498,0.7243,11.9397,false
mobile_money_users,savings,education,University completed,981,1644508.0041,1461133.3537,0.8885,183374.6504,0.7243,16.4211,false
mobile_money_users,savings,sex,Female,10385,12867512.7461,9232796.0586,0.7175,3634716.6875,0.7243,-0.6755,false
mobile_money_users,savings,sex,Male,7164,12246277.7686,8956674.3031,0.7314,3289603.4655,0.7243,0.7097,false
